285 3 0.01 F=0.99654749 L1=0.34645138 L2=0.34527863 L3=0.11649548 acc=1.1e-65
41 103.044 512.1 F=2.2139313e-15 L1=0.069094356 L2=0.068047352 L3=0.004697877
2734 59.5023 0.048274 F=0.99587064 L1=0.085592403 L2=0.08559116 L3=0.012494021
39113 1.5 0.0269965 F=0.981563 L1=0.69533392 L2=0.6831234 L3=0.48390027
8153 1.0915 33.47 F=0.0084956995 L1=0.91129069 L2=0.091970901 L3=0.0843309
inf 0.25 0.270083 F=0.47429894 L1=4.0493017 L2=1.9650231 L3=7.98386
788481 0.647862 0.00142561 F=0.99773841 L1=1.5898954 L2=1.5864695 L3=2.5479035
16105 1299.64 0.000184485 F=0.99998442 L1=0.084426742 L2=0.084426742 L3=0.014963174
inf 113.77 40 F=0.040205831 L1=0.080254674 L2=0.07917171 L3=0.0066904102
159 74.2955 16 F=0.28402621 L1=0.084940758 L2=0.083923246 L3=0.0068519166
100 14.0659 47.2735 F=0.017427691 L1=0.098218611 L2=0.071841267 L3=0.0071902634 acc=2.5e-63
134 1.2135 512.1 F=4.6697046e-17 L1=0.80164549 L2=0.068286438 L3=0.054740639
171 0.00639057 4 F=0.0014986306 L1=156.4979 L2=0.25316307 L3=39.622957
38 2.77244 0.0194956 F=0.99270136 L1=0.37708945 L2=0.37442103 L3=0.14058983
402 2.57367 53.9162 F=0.0032537231 L1=0.37963125 L2=0.078511283 L3=0.030019648
41 0.153323 36.8377 F=0.0013045287 L1=6.4983933 L2=0.064577755 L3=0.42016429
1899 2.89178 0.001 F=0.99964071 L1=0.35941969 L2=0.35929311 L3=0.12628645
58405 1.3322 52.7167 F=0.0019235085 L1=0.73913462 L2=0.081634517 L3=0.06059706
880 46.5827 700 F=1.6135124e-22 L1=0.079723713 L2=0.069932531 L3=0.0055751768
1853 2.8773 0.105176 F=0.9633669 L1=0.36153074 L2=0.34857806 L3=0.1236722
75 2.05458 43.8549 F=0.0076289542 L1=0.47118179 L2=0.071300066 L3=0.033885863 acc=3.2e-63
inf 0.618207 68.4057 F=0.00027433521 L1=1.6007743 L2=0.077709317 L3=0.1245277
188 2.03521 2.75155 F=0.41057489 L1=0.50642199 L2=0.21866039 L3=0.11268262
269 0.593372 15.999 F=0.02650247 L1=1.6872672 L2=0.10164941 L3=0.17177037
697147 1.5 0.00746172 F=0.99483622 L1=0.69550752 L2=0.69208874 L3=0.49043188
80130 0.440817 5.14645 F=0.073911353 L1=2.2822262 L2=0.18756091 L3=0.42972599
inf 58.2248 0.284976 F=0.97603738 L1=0.084419 L2=0.08440983 L3=0.01187483
907184 112.521 0.007831 F=0.99933391 L1=0.085061046 L2=0.085060992 L3=0.013719688
2603 96.3379 91.1944 F=0.00087737112 L1=0.074961413 L2=0.072506796 L3=0.0054447981
695 2979.43 0.000348584 F=0.99997051 L1=0.084596837 L2=0.084596837 L3=0.015104577
inf 8 47.8614 F=0.010126062 L1=0.14230468 L2=0.082674653 L3=0.012029045 acc=3.6e-63
14933 2.27011 49.5547 F=0.0039057157 L1=0.43326055 L2=0.082697621 L3=0.036116765
214 51.5622 63.99 F=0.0066453392 L1=0.07654298 L2=0.071456718 L3=0.0055110565
44330 1.68587 0.0382154 F=0.97687499 L1=0.61899687 L2=0.60531209 L3=0.3811928
41 120.079 61.3333 F=0.017204637 L1=0.059756581 L2=0.059236514 L3=0.003399439
4918 575.287 0.0509276 F=0.99571432 L1=0.084139725 L2=0.084139711 L3=0.014645404
inf 64.01 0.0345487 F=0.99704697 L1=0.085508342 L2=0.085507585 L3=0.012662181
77 0.00106053 0.00946142 F=0.10072793 L1=942.99124 L2=95.10657 L3=89684.711
inf 0.784981 0.001 F=0.9986848 L1=1.3168805 L2=1.3152358 L3=1.7541986
60 89.9739 61.8917 F=0.013142007 L1=0.064411591 L2=0.062800833 L3=0.0039766488
inf 0.0307007 64 F=2.0330409e-5 L1=32.554659 L2=0.078571606 L3=2.558037 acc=2.6e-66
40 0.002868 36.7873 F=2.5009162e-5 L1=348.65104 L2=0.064061371 L3=22.335579
40 190.619 700 F=6.2397953e-21 L1=0.068676188 L2=0.068571429 L3=0.0047071836
inf 1 0.01 F=0.98972329 L1=1.0379735 L2=1.0278623 L3=1.0842213
inf 74.1321 59.1141 F=0.0085947608 L1=0.078284388 L2=0.075412723 L3=0.0060252641
50 9.07998 22.6406 F=0.10513693 L1=0.1285013 L2=0.083928215 L3=0.012069103
64 0.922742 0.0011266 F=0.99873419 L1=1.1249419 L2=1.1235953 L3=1.2838768
7555 0.0313925 49.2782 F=6.8321383e-5 L1=31.84018 L2=0.083015076 L3=2.6435291
901886 105.97 244.911 F=1.3880988e-8 L1=0.074672523 L2=0.071428223 L3=0.0053337256
192 0.0119747 32.6501 F=0.00011601015 L1=83.499216 L2=0.087767052 L3=7.329124
14384 1.5 0.0001 F=0.99993045 L1=0.69558035 L2=0.69553431 L3=0.49295183 acc=4.7e-69
143401 0.371253 23.615 F=0.0079377333 L1=2.6922472 L2=0.098484473 L3=0.26568766
18030 1.00394 61.4523 F=0.00074245322 L1=0.9815611 L2=0.079036624 L3=0.077754998
inf 8.97036 0.20812 F=0.97445016 L1=0.12596248 L2=0.12406978 L3=0.0097053753
inf 0.0742038 45.6136 F=0.00021805434 L1=13.463272 L2=0.084873091 L3=1.1430351
378 129.248 515 F=1.6843336e-16 L1=0.072183736 L2=0.069263743 L3=0.0049991829
100 79.124 0.000160717 F=0.99998606 L1=0.08674513 L2=0.086745128 L3=0.014077158
38 45.5144 0.002065 F=0.99981473 L1=0.089722283 L2=0.089722203 L3=0.014032891
168 0.00170055 69.5871 F=9.5265948e-7 L1=588.02498 L2=0.072558077 L3=42.666065
200 64 512.1 F=2.8331502e-16 L1=0.074972953 L2=0.068615325 L3=0.005142749
inf 60.9359 0.00312959 F=0.99973166 L1=0.085746284 L2=0.085746211 L3=0.012623456 acc=2.8e-67
3176 1.5 3.001 F=0.32001016 L1=0.68267778 L2=0.2308579 L3=0.16003023
64 1.95459 0.417203 F=0.81703012 L1=0.53359241 L2=0.43961579 L3=0.23843124
9454 500 40 F=0.044806567 L1=0.076776142 L2=0.076705807 L3=0.0062258835
11382 16 0.0250133 F=0.99762244 L1=0.095206164 L2=0.09516447 L3=0.0074417613
100 124.897 35.7596 F=0.064644103 L1=0.070778123 L2=0.070065569 L3=0.0053879498
32111 3.001 64.01 F=0.0015154963 L1=0.3259628 L2=0.078378174 L3=0.025689419
64 0.478307 54.8297 F=0.0010164991 L1=2.0674245 L2=0.066906583 L3=0.13844241
279 0.001 27.0568 F=1.60018e-5 L1=999.99435 L2=0.094030088 L3=94.030253
inf 0.0013091 243.017 F=1.6379281e-12 L1=763.85842 L2=0.072006127 L3=55.002494
38 0.00137878 3.001 F=0.00043245044 L1=725.3014 L2=0.33606873 L3=243.7568 acc=2.2e-67
40 0.00286002 0.1 F=0.027624947 L1=349.71258 L2=9.7829958 L3=3421.2792
84 51.1191 0.167549 F=0.98550906 L1=0.086673438 L2=0.086667152 L3=0.012786672
11130 69.4373 25.8344 F=0.12182938 L1=0.087779087 L2=0.08598736 L3=0.0077827304
71 3.001 25.1234 F=0.044284168 L1=0.33195374 L2=0.087546764 L3=0.030063595
20984 64.01 0.557089 F=0.95414208 L1=0.082920852 L2=0.08290343 L3=0.011454627
535 0.0061643 64 F=4.4133092e-6 L1=162.20544 L2=0.076810835 L3=12.459291
368231 0.572904 0.0200817 F=0.96520711 L1=1.7933161 L2=1.7336718 L3=3.1359745
17754 118.437 4 F=0.73675657 L1=0.071495497 L2=0.071414164 L3=0.0060084146
310 65.1803 0.0268555 F=0.99769296 L1=0.085929523 L2=0.085928961 L3=0.013022855
45191 0.25 154.535 F=1.8668234e-7 L1=3.9778393 L2=0.073092161 L3=0.29076838 acc=1.8e-64
64 5.60443 8.36 F=0.3349009 L1=0.18941137 L2=0.10087347 L3=0.018937888
64 49.6228 90.9303 F=0.0017403119 L1=0.070302616 L2=0.064820185 L3=0.0045275225
239 8 11.5853 F=0.28749813 L1=0.14649417 L2=0.098236862 L3=0.013162296
inf 73.9982 24.8144 F=0.13398032 L1=0.087631129 L2=0.086078582 L3=0.0077260759
50 2.5467 25.2987 F=0.039171101 L1=0.38664037 L2=0.082904389 L3=0.033281185
52 46.2855 0.0386165 F=0.99658339 L1=0.088519094 L2=0.088517538 L3=0.013437182
41 500 42.3938 F=0.052380159 L1=0.056566878 L2=0.05656684 L3=0.0031672415
24002 53.4115 26.4376 F=0.11151041 L1=0.089757278 L2=0.086915743 L3=0.0080575269
19399 46.3515 40.4649 F=0.033302063 L1=0.086234457 L2=0.081510965 L3=0.0073606287
1161 0.387197 0.000119032 F=0.99968628 L1=2.6363893 L2=2.635592 L3=6.9816755 acc=9.5e-68
inf 47.5293 0.01 F=0.99913891 L1=0.08612405 L2=0.086123654 L3=0.011933444
779 3.001 0.00175039 F=0.99939447 L1=0.34614941 L2=0.3459437 L3=0.11643792
25683 0.5 68.2856 F=0.00022687967 L1=1.9828148 L2=0.077698318 L3=0.1541954
41 0.128939 0.00623453 F=0.9534959 L1=7.8197739 L2=7.4618466 L3=58.39297
1308 0.129528 65.6334 F=7.7203137e-5 L1=7.7020024 L2=0.077516662 L3=0.5971827
415496 178.948 2.19047 F=0.84169834 L1=0.073943803 L2=0.073928637 L3=0.0086291485
668474 90.1645 115.721 F=0.00014171804 L1=0.075497225 L2=0.072454386 L3=0.0054714229
45 70.9636 0.001 F=0.99991144 L1=0.088558134 L2=0.088558119 L3=0.014766128
inf 2.021 38.1462 F=0.0094264139 L1=0.49085648 L2=0.088815197 L3=0.044041196
43612 0.00447794 0.00997374 F=0.30965194 L1=223.38297 L2=69.261771 L3=15471.947 acc=9.6e-62
2790 43.6234 0.255587 F=0.97829826 L1=0.08533151 L2=0.085316854 L3=0.011254798
9540 1.77656 0.051021 F=0.97087677 L1=0.58741791 L2=0.57102853 L3=0.34087183
inf 40 3.75 F=0.73762057 L1=0.078398648 L2=0.077784445 L3=0.0066650882
437817 0.940582 0.1 F=0.90051808 L1=1.1008295 L2=0.99662714 L3=1.1138125
788259 0.0614553 0.000928883 F=0.98505138 L1=16.336349 L2=16.09403 L3=262.96276
198090 2.10475 141.661 F=3.3962256e-6 L1=0.46028682 L2=0.073372594 L3=0.033791389
inf 63.6032 64.01 F=0.0057434537 L1=0.078861831 L2=0.075075195 L3=0.0060071764
553 1.152 0.0302144 F=0.9734211 L1=0.90283933 L2=0.88007855 L3=0.80882141
380 1.72657 58.9747 F=0.0015957433 L1=0.56600215 L2=0.077078392 L3=0.043798486
135 0.0028358 67.8477 F=1.9150391e-6 L1=352.61237 L2=0.071641806 L3=25.26189 acc=1.9e-68
474727 2.22115 0.000290932 F=0.99986338 L1=0.46964291 L2=0.46958086 L3=0.22193125
60008 0.834495 29.3924 F=0.0097430713 L1=1.1949492 L2=0.09491131 L3=0.11396504
56398 0.01 0.00130934 F=0.88414815 L1=100.06623 L2=88.488666 L3=8854.7746
243 64.01 50.44 F=0.018241758 L1=0.076465205 L2=0.073218059 L3=0.0057578395
58801 0.01 8.44417 F=0.0010635905 L1=100.00676 L2=0.13081934 L3=13.087715
213007 1.68769 512 F=8.3379334e-18 L1=0.57388625 L2=0.070961299 L3=0.040725293
38 0.00160941 61.1726 F=3.2804649e-6 L1=621.31719 L2=0.060532092 L3=37.609638
287 2.03012 3.75 F=0.33563925 L1=0.50609207 L2=0.18441124 L3=0.094659365
83 46.3357 50.3007 F=0.021384867 L1=0.072033734 L2=0.066984437 L3=0.0048707939
10856 0.00157178 28.6448 F=2.1412315e-5 L1=636.21703 L2=0.095429071 L3=60.714187 acc=7.4e-69
630220 0.0107793 0.0141596 F=0.43182771 L1=92.835746 L2=40.163063 L3=3728.6143
40 2.65273 28.2958 F=0.032701333 L1=0.36461022 L2=0.073014888 L3=0.027753323
41 106.226 0.0956232 F=0.99159819 L1=0.087882369 L2=0.087881898 L3=0.015013683
1048 0.01 0.166467 F=0.056105694 L1=100.05934 L2=5.7207285 L3=572.45012
124161 85.0124 0.0703465 F=0.99402795 L1=0.084940544 L2=0.084939648 L3=0.0131219
41 69.5648 0.01 F=0.99911178 L1=0.088826642 L2=0.088826498 L3=0.014836943
inf 82.2765 0.0595528 F=0.99493799 L1=0.08504097 L2=0.085040167 L3=0.013095082
53047 0.0309204 0.001 F=0.96860867 L1=32.406558 L2=31.393342 L3=1017.3965
89 59.3746 0.138365 F=0.98805431 L1=0.086455811 L2=0.086452094 L3=0.013171983
638853 2682.29 63.6103 F=0.0081786694 L1=0.071346157 L2=0.071341974 L3=0.0051790669 acc=2.0e-63
624 10.8414 512 F=5.0636748e-17 L1=0.11383173 L2=0.069917834 L3=0.0079590582
199964 2640.33 0.136446 F=0.98862329 L1=0.083333313 L2=0.083333312 L3=0.014508634
16359 1.34034 0.0295279 F=0.97754464 L1=0.77733516 L2=0.76074691 L3=0.60249611
inf 23.8243 15.999 F=0.2495663 L1=0.099423162 L2=0.092170178 L3=0.0084291718
1805 0.108693 3 F=0.033032808 L1=9.221509 L2=0.32629615 L3=3.0137588
inf 1102.78 0.285483 F=0.97648587 L1=0.08229999 L2=0.082299965 L3=0.013906618
912410 1 0.00226403 F=0.99765501 L1=1.0381082 L2=1.0358014 L3=1.0927601
97025 1.03809 751.562 F=2.3553105e-25 L1=0.94169078 L2=0.070652182 L3=0.066533299
55 2.999 0.0001 F=0.99996524 L1=0.34759409 L2=0.34758231 L3=0.1185592
40 114.58 65.0076 F=0.013996042 L1=0.060127485 L2=0.059536726 L3=0.0034490854 acc=8.7e-64
37 49.4213 0.000197272 F=0.99998231 L1=0.089696574 L2=0.089696568 L3=0.014317959
295910 0.389426 34.4589 F=0.00296209 L1=2.5605587 L2=0.091529947 L3=0.23488966
1190 1.12105 44.5907 F=0.0033048366 L1=0.88174536 L2=0.084283818 L3=0.074683534
5737 62.9491 0.0241138 F=0.9979362 L1=0.085609959 L2=0.085609418 L3=0.012666164
49 2.77791 65.6523 F=0.0027904891 L1=0.341294 L2=0.063744978 L3=0.02175591
220 1.76896 768.804 F=7.4416365e-25 L1=0.54552355 L2=0.068907948 L3=0.037590581
339010 0.0522899 3.001 F=0.016164798 L1=19.145671 L2=0.33198369 L3=6.3609672
186013 0.00323743 0.000328943 F=0.90774555 L1=308.95343 L2=280.46337 L3=86650.167
inf 40 36.0429 F=0.046437192 L1=0.089482856 L2=0.083963748 L3=0.0078816365
38 1 57.8639 F=0.0022805599 L1=0.97376267 L2=0.060334283 L3=0.058747598 acc=2.1e-63
199531 16 38.8522 F=0.02843141 L1=0.10615029 L2=0.085585206 L3=0.0094334834
121342 0.001 0.0013003 F=0.43468921 L1=1000.0666 L2=434.79336 L3=434822.35
40 45.3753 37.6969 F=0.061006267 L1=0.062098806 L2=0.058228001 L3=0.0037636292
40 0.00253596 66.6473 F=3.551441e-6 L1=394.29933 L2=0.061538697 L3=24.264677
87 40.0905 0.00242058 F=0.99978703 L1=0.087987915 L2=0.087987778 L3=0.012430313
1455 268.353 0.00467475 F=0.99960393 L1=0.084724118 L2=0.084724113 L3=0.014563903
151638 77.4698 0.00257481 F=0.99978 L1=0.08544425 L2=0.085444212 L3=0.013140955
321093 0.112745 8.36 F=0.011970705 L1=8.8765276 L2=0.1309892 L3=1.1675592
111363 0.01 3 F=0.0031335675 L1=100.02175 L2=0.33656122 L3=33.668448
100 0.21251 3.001 F=0.062556126 L1=4.7262378 L2=0.31562555 L3=1.49656 acc=4.5e-63
inf 0.25 3.75 F=0.05896997 L1=4.0176303 L2=0.25480067 L3=1.0270845
156560 0.013422 22.3453 F=0.00033720323 L1=74.502909 L2=0.099101436 L3=7.3838899
38 68.858 2.999 F=0.78196963 L1=0.07783536 L2=0.077714441 L3=0.0072356816
30930 0.128608 3 F=0.038850295 L1=7.7967106 L2=0.32433885 L3=2.5335378
inf 107.393 63.99 F=0.0064217849 L1=0.075739945 L2=0.074062465 L3=0.0056962195
inf 0.497253 0.001 F=0.99794267 L1=2.0614709 L2=2.0574066 L3=4.2710586
100 1.5 2.999 F=0.32012771 L1=0.68236542 L2=0.23045526 L3=0.15987083
201822 125.519 59.1662 F=0.0094295278 L1=0.075572183 L2=0.074342759 L3=0.0057393888
50 2.95119 0.145334 F=0.95109224 L1=0.35368958 L2=0.33687419 L3=0.11780029
20577 1970.93 0.0390598 F=0.99671458 L1=0.084098504 L2=0.084098503 L3=0.014854842 acc=6.3e-65
767943 124.045 24.3828 F=0.14592016 L1=0.085038037 L2=0.084431484 L3=0.0073400948
18291 1 515 F=4.3330284e-18 L1=0.97848302 L2=0.070918606 L3=0.069394333
inf 119.528 0.15708 F=0.98680551 L1=0.084056935 L2=0.084055855 L3=0.013343054
30974 0.0671148 15.999 F=0.0031711277 L1=14.901215 L2=0.10152102 L3=1.5129927
16600 2.999 22.8211 F=0.053856183 L1=0.34017714 L2=0.098677627 L3=0.033936078
595752 83.4104 0.21073 F=0.98229726 L1=0.084154702 L2=0.084151586 L3=0.012710811
40 0.0228305 31.1012 F=0.00029038604 L1=43.780875 L2=0.070029311 L3=3.0668821
104 33.3073 3.75 F=0.73201654 L1=0.081132811 L2=0.080251008 L3=0.0067209259
4017 0.0132038 0.0152431 F=0.46369199 L1=75.801428 L2=35.218185 L3=2669.6349
inf 41.5843 58.5345 F=0.0077925935 L1=0.083433159 L2=0.076748216 L3=0.0065297917 acc=2.4e-63
135 90.5347 64.01 F=0.0083927054 L1=0.070416579 L2=0.068347038 L3=0.00482832
17888 57.5229 49.8787 F=0.016520589 L1=0.081639396 L2=0.077800121 L3=0.0065666164
inf 64 45.2839 F=0.024174284 L1=0.081971686 L2=0.07890068 L3=0.0067407273
102561 63.9123 2.48048 F=0.81919884 L1=0.07656064 L2=0.076421719 L3=0.0079968562
242062 61.9829 54.488 F=0.011749209 L1=0.080219573 L2=0.076615192 L3=0.0063101916
inf 131.278 11.7005 F=0.41960737 L1=0.078422186 L2=0.078163984 L3=0.0047131949
311 100 0.0164997 F=0.99858918 L1=0.085512722 L2=0.085512579 L3=0.013830093
34152 835.781 0.00184637 F=0.99984408 L1=0.084445771 L2=0.084445771 L3=0.014889556
86 64 0.00112644 F=0.99990177 L1=0.087206285 L2=0.087206262 L3=0.013781637
331992 0.00346948 8.36 F=0.00037342422 L1=288.23511 L2=0.13240185 L3=38.167668 acc=1.5e-67
161 1034.86 3.001 F=0.79401015 L1=0.07119916 L2=0.071199111 L3=0.0072169404
4627 138.044 41.5871 F=0.036453519 L1=0.078727349 L2=0.077930877 L3=0.0064538128
1031 1 0.0010403 F=0.99892107 L1=1.0382165 L2=1.0371553 L3=1.0943534
487 1.13904 64.01 F=0.00073792262 L1=0.86225524 L2=0.076595295 L3=0.066188183
inf 101.018 700 F=1.3106228e-22 L1=0.074900139 L2=0.070624986 L3=0.0052898213
8386 1155.55 63.1701 F=0.0083599179 L1=0.071522437 L2=0.071500756 L3=0.005204645
44 3 0.116582 F=0.96100002 L1=0.34800875 L2=0.33481598 L3=0.11502636
inf 63.99 322.513 F=4.507762e-11 L1=0.077689679 L2=0.071297006 L3=0.0055390415
45327 91.5221 0.226408 F=0.98102687 L1=0.08393964 L2=0.083936831 L3=0.012808133
2280 68.3859 8.36 F=0.52921586 L1=0.076841189 L2=0.076233284 L3=0.0044132322 acc=1.3e-62
270 0.740118 38.4673 F=0.0039843932 L1=1.3403144 L2=0.084734572 L3=0.1140562
463018 0.0104409 0.000338317 F=0.96859238 L1=95.842988 L2=92.836936 L3=8897.8166
14111 16 0.0870766 F=0.99174796 L1=0.095300935 L2=0.095155342 L3=0.0075746389
inf 0.00196553 4 F=0.00046137607 L1=508.7853 L2=0.25383754 L3=129.1522
1727 3.001 1.21715 F=0.70141365 L1=0.34772653 L2=0.24812931 L3=0.086254488
2113 0.25 0.046163 F=0.84193542 L1=4.0562778 L2=3.4313557 L3=13.954133
100 50.5549 0.135605 F=0.98827378 L1=0.086629599 L2=0.086624472 L3=0.012694922
358538 1910.11 64.01 F=0.0079131777 L1=0.071385197 L2=0.071376975 L3=0.0051818413
38 0.0441827 0.000952491 F=0.9788339 L1=22.700886 L2=22.223219 L3=504.53359
inf 1.04218 0.055418 F=0.94760378 L1=0.99589964 L2=0.94635251 L3=0.95813913 acc=2.7e-63
228098 100 468.755 F=1.6612388e-15 L1=0.074946208 L2=0.070877375 L3=0.0053119905
35853 1 20.0018 F=0.028766521 L1=1.0018242 L2=0.10014826 L3=0.10072121
3031 500 62.2165 F=0.0087498537 L1=0.071980508 L2=0.071873705 L3=0.0052684074
56859 431.962 0.000303752 F=0.99997432 L1=0.084551001 L2=0.084551001 L3=0.014726145
197 86.6541 0.822259 F=0.9335947 L1=0.081361853 L2=0.081346129 L3=0.011499076
1040 558.202 0.01 F=0.99915442 L1=0.084554734 L2=0.084554732 L3=0.014856221
37 1.59612 0.136808 F=0.91752375 L1=0.65498649 L2=0.60359953 L3=0.40374086
inf 121.309 0.0465876 F=0.99605238 L1=0.084750952 L2=0.084750668 L3=0.013695122
inf 28.141 45.4674 F=0.019506054 L1=0.091380983 L2=0.081120357 L3=0.0076836021
2974 100 0.029301 F=0.99750792 L1=0.085064968 L2=0.085064709 L3=0.013524022 acc=3.0e-65
14581 100.738 0.000739867 F=0.99993696 L1=0.0852051 L2=0.085205094 L3=0.013593534
inf 46.0611 64.01 F=0.005282133 L1=0.081741043 L2=0.07571032 L3=0.0062752516
338 107.081 42.2832 F=0.035414191 L1=0.076479449 L2=0.07523849 L3=0.0060515298
50 2.4485 26.1344 F=0.035469441 L1=0.40111613 L2=0.081443576 L3=0.03385075
60 2.65379 56.2384 F=0.0043844233 L1=0.35950345 L2=0.066064846 L3=0.023810106
13937 16 0.00251488 F=0.9997607 L1=0.095167483 L2=0.095163296 L3=0.0073897127
41 0.022821 16.2119 F=0.0010336403 L1=43.81932 L2=0.10236637 L3=4.4866865
inf 64 55.5084 F=0.010943372 L1=0.079815557 L2=0.076346169 L3=0.0062476065
38 0.0403398 0.00923736 F=0.81317058 L1=24.856785 L2=20.237607 L3=503.08829
323354 0.01 0.01 F=0.49967076 L1=100.06582 L2=50.065451 L3=5009.8872 acc=2.5e-61
inf 0.00204873 0.0720935 F=0.027505933 L1=488.17112 L2=13.548365 L3=6613.9637
50 209.785 0.00620443 F=0.99945603 L1=0.08767415 L2=0.087674146 L3=0.015513806
13904 63.99 4 F=0.73082805 L1=0.074465173 L2=0.074194736 L3=0.0061963868
98487 1.4724 2.08727 F=0.40031187 L1=0.69784522 L2=0.29026153 L3=0.20577431
64327 3.7156 48.9479 F=0.0059194084 L1=0.26797229 L2=0.082817408 L3=0.022474061
2638 0.0515618 0.0902275 F=0.36164655 L1=19.455119 L2=7.1105986 L3=138.37782
38 0.863739 34.7883 F=0.0080700084 L1=1.1351134 L2=0.064183273 L3=0.073465014
14440 417.223 0.0753451 F=0.99366975 L1=0.084003155 L2=0.084003115 L3=0.014449676
868571 60.8386 64 F=0.0056862129 L1=0.079207091 L2=0.075163469 L3=0.0060401393
40017 43.1036 64 F=0.0051939866 L1=0.082429567 L2=0.075816166 L3=0.0063359264 acc=2.3e-63
15732 3.001 0.0240611 F=0.99174067 L1=0.34613709 L2=0.34333163 L3=0.11556097
125 1.5 0.00290567 F=0.99798094 L1=0.69622353 L2=0.69488793 L3=0.49336305
64 500 15.999 F=0.29127441 L1=0.079927092 L2=0.079926479 L3=0.0068580865
38 90.0778 8.36 F=0.51649597 L1=0.081116714 L2=0.080893468 L3=0.0051455172
37 40 0.0812698 F=0.99272427 L1=0.089633221 L2=0.089628659 L3=0.013439785
280140 8 64.2502 F=0.0027279874 L1=0.13938429 L2=0.078011516 L3=0.010983058
inf 0.283597 0.381734 F=0.41884597 L1=3.5718833 L2=1.5397694 L3=5.5228498
107 0.554439 0.220657 F=0.70837813 L1=1.8478406 L2=1.3292915 L3=2.4783208
inf 100 42.5424 F=0.032342354 L1=0.080028832 L2=0.078611847 L3=0.0065986622
355551 100 62.9386 F=0.0068534587 L1=0.076169429 L2=0.074307525 L3=0.0057533756 acc=2.2e-63
893981 122.562 63.99 F=0.0065704451 L1=0.075172874 L2=0.073821521 L3=0.0056360976
122 67.827 0.01 F=0.99913388 L1=0.086619268 L2=0.086619082 L3=0.013595354
63 0.928943 39.1994 F=0.005557191 L1=1.0579172 L2=0.071245891 L3=0.075814803
163 0.601838 1 F=0.36455926 L1=1.6930976 L2=0.6425004 L3=1.0981633
114814 3.001 0.01 F=0.99655113 L1=0.34608665 L2=0.34491492 L3=0.11602042
inf 63.99 0.0207172 F=0.99822738 L1=0.085582936 L2=0.085582487 L3=0.012695305
371 1.53439 49.3651 F=0.0030716809 L1=0.63996217 L2=0.079986906 L3=0.05147076
52082 1 50.262 F=0.0018223386 L1=0.98805556 L2=0.082614875 L3=0.081919499
3535 89.1848 0.0335972 F=0.99714011 L1=0.08514243 L2=0.085142054 L3=0.013329862
136756 481.428 126.142 F=9.1389521e-5 L1=0.071036987 L2=0.070824879 L3=0.0050317191 acc=1.7e-63
853991 0.978489 3.001 F=0.23502439 L1=1.0396007 L2=0.25851029 L3=0.27195772
1956 0.5 2.90418 F=0.13966684 L1=2.0198448 L2=0.29968315 L3=0.60951237
15493 0.00983929 28.6698 F=0.00013359685 L1=101.62833 L2=0.095433279 L3=9.6993095
103 0.269725 29.9641 F=0.0033133927 L1=3.6971168 L2=0.086052532 L3=0.31893941
444168 105.068 0.000840819 F=0.9999284 L1=0.085160829 L2=0.085160822 L3=0.013647462
40 0.00149021 375.15 F=3.8188199e-15 L1=671.02006 L2=0.067312551 L3=45.168068
2076 1 46.3711 F=0.0025477975 L1=0.98896213 L2=0.083821725 L3=0.083238989
40907 63.99 0.000605827 F=0.99994808 L1=0.085694353 L2=0.08569434 L3=0.012747035
100 7.78527 0.27473 F=0.96282451 L1=0.14056355 L2=0.13691348 L3=0.013692657
607590 500 0.00312396 F=0.99973602 L1=0.084500776 L2=0.084500775 L3=0.014761548 acc=4.0e-67
118 500 35.8523 F=0.066954822 L1=0.07011704 L2=0.070101508 L3=0.0053417446
303 1.36982 515 F=1.6664512e-17 L1=0.70881508 L2=0.069153827 L3=0.049018102
2948 39.9887 15.999 F=0.26926624 L1=0.091433196 L2=0.088341298 L3=0.0073687491
41 1.25126 8.81698 F=0.10979328 L1=0.80304326 L2=0.11554481 L3=0.09602141
190277 0.001 0.325924 F=0.0030046908 L1=1000.054 L2=3.103502 L3=3103.7008
283495 0.00424157 3.75 F=0.0010623975 L1=235.7802 L2=0.27017534 L3=63.70574
90049 105.392 0.0716861 F=0.99392972 L1=0.084710752 L2=0.08471016 L3=0.013441747
85 2.74863 3.001 F=0.46150065 L1=0.37713831 L2=0.18575205 L3=0.071126054
8805 2.77567 0.00300425 F=0.99887555 L1=0.37470788 L2=0.37429564 L3=0.13797613
3835 1.5 21.1381 F=0.036678683 L1=0.66925929 L2=0.099597144 L3=0.067065538 acc=2.8e-63
1214 0.495852 40 F=0.0022986075 L1=2.0064641 L2=0.08700312 L3=0.17501648
613 51.9434 700 F=2.1039591e-22 L1=0.078371825 L2=0.069675558 L3=0.0054603926
1004 2.89883 155.922 F=1.7182865e-6 L1=0.33287031 L2=0.072348189 L3=0.024096713
1233 3 0.001 F=0.99965389 L1=0.34623094 L2=0.34611331 L3=0.11649602
50 0.462428 60.4512 F=0.00077945548 L1=2.1370046 L2=0.063804015 L3=0.13639671
259 19.1623 23.6924 F=0.11732113 L1=0.10341952 L2=0.090415882 L3=0.0096969507
325 1.33924 1.33234 F=0.48829434 L1=0.76905211 L2=0.38664857 L3=0.30206963
647458 0.00128217 0.0583284 F=0.021428706 L1=779.9917 L2=16.837412 L3=13133.085
809 0.264179 40 F=0.0012604039 L1=3.7741461 L2=0.0865776 L3=0.32720983
552 0.558313 38.643 F=0.0029356811 L1=1.7809727 L2=0.086746567 L3=0.15496817 acc=1.0e-63
2008 0.480071 0.0944223 F=0.83183759 L1=2.1313101 L2=1.7864621 L3=3.8344252
418239 0.512293 0.0417453 F=0.92276867 L1=2.0008447 L2=1.8526405 L3=3.7346916
37 16 79.1087 F=0.0040639001 L1=0.084744801 L2=0.061550619 L3=0.0051327956
128231 3.001 3.75 F=0.42469672 L1=0.34633953 L2=0.16338453 L3=0.057084952
990772 1.87332 0.134468 F=0.93022139 L1=0.55673749 L2=0.51939471 L3=0.29334323
96524 0.001 10.3698 F=8.5009343e-5 L1=1000.0005 L2=0.10742193 L3=107.42263
61 0.491517 64 F=0.00058212935 L1=2.0101851 L2=0.065884596 L3=0.13249973
inf 3.001 0.846985 F=0.77208081 L1=0.347599 L2=0.27112428 L3=0.093585567
inf 0.109748 0.00161945 F=0.98535851 L1=9.1744053 L2=9.0418482 L3=82.996636
340 118.918 0.00765088 F=0.99934665 L1=0.085397372 L2=0.085397326 L3=0.014067156 acc=2.2e-66
556885 500 56.7843 F=0.012796682 L1=0.07293457 L2=0.072836203 L3=0.005454136
165 2.06424 0.000464648 F=0.9997649 L1=0.5060871 L2=0.50597265 L3=0.25917204
inf 63.99 0.01 F=0.99914369 L1=0.085640585 L2=0.085640371 L3=0.012721582
100 0.5 0.30838 F=0.61028047 L1=2.0435537 L2=1.2737298 L3=2.6239609
64 40 511.9 F=1.039832e-15 L1=0.076749138 L2=0.06805317 L3=0.0052192885
756 1.5 171.003 F=3.5174032e-7 L1=0.64820292 L2=0.071864225 L3=0.046596464
858801 85.5522 4.44321 F=0.71084299 L1=0.07256845 L2=0.072390899 L3=0.0056733477
12164 0.614605 0.00257504 F=0.99570671 L1=1.6742601 L2=1.667404 L3=2.8180969
248719 0.00536068 0.111219 F=0.04566707 L1=186.60491 L2=8.6356098 L3=1611.488
100 500 46.8496 F=0.032385788 L1=0.065931693 L2=0.0659195 L3=0.0044747898 acc=2.1e-63
29577 120.132 0.001 F=0.99991494 L1=0.085061105 L2=0.085061099 L3=0.013827475
15648 0.0332062 2.09378 F=0.014808339 L1=30.142016 L2=0.47796182 L3=14.414159
inf 100 60.3038 F=0.0083380883 L1=0.076442354 L2=0.074631515 L3=0.005817208
100 2.96837 0.203072 F=0.9334305 L1=0.35109351 L2=0.32832249 L3=0.11348096
38 0.0281843 19.9381 F=0.00088334074 L1=35.475425 L2=0.09348302 L3=3.3179584
inf 2.53419 58.1068 F=0.0021228633 L1=0.38642035 L2=0.079835361 L3=0.031041512
2570 100 0.0764553 F=0.99352119 L1=0.084776968 L2=0.084776263 L3=0.013390228
301476 1000.42 12.937 F=0.39383392 L1=0.07680131 L2=0.076795913 L3=0.0046609567
268 63.99 0.186778 F=0.98412983 L1=0.085141229 L2=0.085136615 L3=0.012608545
3679 1.5 0.0135018 F=0.99069426 L1=0.69547545 L2=0.68931394 L3=0.48843894 acc=8.4e-65
2437 888.884 22.3907 F=0.18422113 L1=0.081559007 L2=0.081546563 L3=0.0067076051
7796 83.7711 0.00180082 F=0.99984625 L1=0.085379892 L2=0.08537987 L3=0.013298397
inf 53.0047 502.742 F=1.1367929e-16 L1=0.079251813 L2=0.070901312 L3=0.0056190576
64 44.2819 69.0063 F=0.0069734425 L1=0.070514518 L2=0.064559808 L3=0.0044979537
519375 2054.05 48.5656 F=0.024211321 L1=0.073696445 L2=0.073691055 L3=0.0056624168
19073 63.99 26.6744 F=0.11212352 L1=0.088193479 L2=0.086080137 L3=0.0078570364
367 0.595576 46.3424 F=0.0016622274 L1=1.6652616 L2=0.081374481 L3=0.13584987
223 1.5 0.000655592 F=0.99954394 L1=0.69594781 L2=0.69564604 L3=0.49352558
89 0.00368476 63.99 F=3.7921973e-6 L1=271.36432 L2=0.069229346 L3=18.786473
544 0.067746 0.657928 F=0.09065801 L1=14.805286 L2=1.4080584 L3=20.867264 acc=8.8e-63
690381 2.82143 1 F=0.72921116 L1=0.36954534 L2=0.27301319 L3=0.10091712
8268 0.0262826 0.0342216 F=0.43343903 L1=38.112063 L2=16.590688 L3=632.3498
4648 38.5534 64.3944 F=0.0049205076 L1=0.083522186 L2=0.075799185 L3=0.0064131327
5101 0.00169647 25.653 F=3.0839535e-5 L1=589.45518 L2=0.097237422 L3=57.317692
418748 104.4 25.1632 F=0.13467806 L1=0.085641103 L2=0.084787282 L3=0.0074615284
41 3.46122 375.733 F=6.0691147e-12 L1=0.27475207 L2=0.067327737 L3=0.018493772
inf 0.25 0.00133888 F=0.99459591 L1=4.0578759 L2=4.0365245 L3=16.41749
318 1.91 0.0221367 F=0.98803734 L1=0.54675892 L2=0.5404828 L3=0.29986711
565 53.9302 0.266158 F=0.9774972 L1=0.084877032 L2=0.084867156 L3=0.011889148
253342 1.30118 237.907 F=2.08379e-9 L1=0.74922737 L2=0.072044667 L3=0.053985332 acc=3.2e-63
8684 1 4 F=0.18978093 L1=1.0148741 L2=0.20810245 L3=0.21338105
9742 2.92757 0.0921926 F=0.96829475 L1=0.35517247 L2=0.34414846 L3=0.11958139
278 4.28213 0.0001 F=0.99997588 L1=0.24118111 L2=0.24117543 L3=0.051481246
172435 58.1584 0.159914 F=0.9864324 L1=0.085026738 L2=0.085022021 L3=0.012150956
70 64.01 2.59013 F=0.80977191 L1=0.077374404 L2=0.077236112 L3=0.0078813361
41 270.277 47.4108 F=0.039385079 L1=0.05702029 L2=0.057009334 L3=0.0031236749
2613 0.121062 511.9 F=8.023237e-19 L1=8.2352933 L2=0.070687563 L3=0.58213466
41 123.989 3.10444 F=0.77886771 L1=0.075781697 L2=0.075756243 L3=0.0070345091
16968 0.001 0.207784 F=0.004731622 L1=1000.058 L2=4.8410865 L3=4841.4034
inf 32.3698 0.169234 F=0.9854086 L1=0.086620086 L2=0.086600468 L3=0.010362168 acc=2.9e-64
40 0.350121 27.5434 F=0.005600419 L1=2.8401956 L2=0.075843382 L3=0.21665228
inf 40 512.1 F=5.1624201e-17 L1=0.082180958 L2=0.070907275 L3=0.0058272282
23837 75.6166 0.0367674 F=0.99686555 L1=0.085279202 L2=0.085278626 L3=0.013006624
17180 110.173 0.0135675 F=0.99884619 L1=0.085047737 L2=0.08504764 L3=0.013679823
41330 1.5 0.000139629 F=0.99990289 L1=0.69557617 L2=0.69551188 L3=0.49293041
inf 66.2287 0.236622 F=0.98008547 L1=0.084393307 L2=0.08438763 L3=0.012245111
29209 0.00416787 64.01 F=2.7687786e-6 L1=239.91295 L2=0.078537686 L3=18.842373
166222 1.06431 64.01 F=0.0006386014 L1=0.9248715 L2=0.078512149 L3=0.072770142
36275 202.276 12.6729 F=0.39380081 L1=0.078423384 L2=0.078300695 L3=0.004861208
2970 108.104 0.978939 F=0.9225814 L1=0.079738347 L2=0.079725312 L3=0.011068017 acc=3.2e-62
507360 2.999 58.9282 F=0.002259909 L1=0.32700916 L2=0.079576219 L3=0.026202486
inf 0.670845 22.5165 F=0.015517704 L1=1.4905789 L2=0.099049718 L3=0.14814299
inf 128.93 21.8908 F=0.18063118 L1=0.085091175 L2=0.08458073 L3=0.0071882303
11959 79.5148 0.01 F=0.99914626 L1=0.085381351 L2=0.085381213 L3=0.013177187
126940 128.551 2.47875 F=0.8230067 L1=0.073850927 L2=0.073815936 L3=0.0080777441
533 0.001 3.4844 F=0.00027004013 L1=1000.0195 L2=0.29058395 L3=290.59382
73 82.2829 0.00495419 F=0.99956809 L1=0.08718181 L2=0.087181753 L3=0.014412771
175519 26.0132 0.0190595 F=0.9983224 L1=0.08807803 L2=0.088073462 L3=0.00954065
137333 26.6005 83.078 F=0.0010556814 L1=0.088337201 L2=0.074837821 L3=0.0066314688
1294 0.25 39.755 F=0.0012117725 L1=3.9892164 L2=0.087252467 L3=0.34852437 acc=2.0e-64
24155 59.1162 0.001 F=0.99991419 L1=0.085806911 L2=0.085806886 L3=0.012558367
64 113.292 0.000112731 F=0.99999016 L1=0.087245838 L2=0.087245838 L3=0.014984758
inf 91.498 700 F=1.2554813e-22 L1=0.075404214 L2=0.070632513 L3=0.0053259891
90770 987.101 34.0401 F=0.07222474 L1=0.078539314 L2=0.078523422 L3=0.0065408506
inf 87.0438 33.3508 F=0.066503733 L1=0.083979965 L2=0.082490284 L3=0.0073003076
inf 79.7128 49.1877 F=0.018582442 L1=0.07950635 L2=0.077222808 L3=0.0063637254
100 390.663 53.9182 F=0.020314999 L1=0.065443529 L2=0.06540189 L3=0.0043196045
112951 0.128128 16 F=0.0060166303 L1=7.8061295 L2=0.10150982 L3=0.79259709
3713 56.9362 0.146187 F=0.9875749 L1=0.085165784 L2=0.085161328 L3=0.0121556
328 1.04762 3.001 F=0.24749385 L1=0.97183298 L2=0.25425073 L3=0.25025478 acc=6.3e-62
8861 3 46.9079 F=0.0060367998 L1=0.32973235 L2=0.083702392 L3=0.027913602
inf 2.999 47.3912 F=0.0057804287 L1=0.329778 L2=0.083610113 L3=0.027881056
24215 63.99 0.268346 F=0.97745157 L1=0.084303798 L2=0.084296742 L3=0.012107188
8858 42.3388 0.01 F=0.99913644 L1=0.086373264 L2=0.086372754 L3=0.011571739
996435 1.77766 0.405293 F=0.80729127 L1=0.58536006 L2=0.47668385 L3=0.28326359
46 126.872 0.018132 F=0.99840491 L1=0.087972687 L2=0.087972633 L3=0.01533467
589574 0.0684026 0.00013636 F=0.99800175 L1=14.683456 L2=14.654366 L3=215.22156
340 56.371 32.3435 F=0.069784262 L1=0.084301483 L2=0.081302041 L3=0.0072915636
56 48.5615 0.001 F=0.99991154 L1=0.088461061 L2=0.088461026 L3=0.013581691
638293 0.001 0.0172308 F=0.054789947 L1=1000.0658 L2=54.917376 L3=54921.037 acc=3.0e-63
28715 2623.83 0.000134005 F=0.99998869 L1=0.084390872 L2=0.084390872 L3=0.015019092
61413 0.25 0.0211847 F=0.92076473 L1=4.0571377 L2=3.7439864 L3=15.22665
37 500 4.40842 F=0.70547599 L1=0.075334469 L2=0.075334468 L3=0.0054243122
9594 2.999 0.93716 F=0.75351208 L1=0.34788188 L2=0.26523737 L3=0.09179511
100 56.2928 512 F=6.4285577e-16 L1=0.074568302 L2=0.06812424 L3=0.005076699
960 79.5657 0.0227867 F=0.99805379 L1=0.085425571 L2=0.085425253 L3=0.013234824
64771 0.91313 511.9 F=4.8959631e-18 L1=1.0732999 L2=0.070953607 L3=0.076156218
inf 43.0851 16 F=0.27177781 L1=0.090634003 L2=0.087911746 L3=0.0072363265
50 50.9948 63.9227 F=0.011557953 L1=0.066386367 L2=0.062061305 L3=0.0040246277
288457 2.53426 46.6856 F=0.0053997432 L1=0.38929241 L2=0.083997619 L3=0.033022078 acc=3.8e-63
870 500 34.2072 F=0.071112241 L1=0.077755531 L2=0.077696992 L3=0.0064351321
3500 0.27374 28.5851 F=0.0036520751 L1=3.6485938 L2=0.095298362 L3=0.34828612
97632 1.76772 16 F=0.070625393 L1=0.57025906 L2=0.10125342 L3=0.057749104
935 0.876267 42.6445 F=0.0031316687 L1=1.130749 L2=0.085107046 L3=0.096634979
40 0.5 0.00394364 F=0.99196848 L1=2.0526371 L2=2.0368746 L3=4.2116932
inf 2.72309 0.11311 F=0.9585449 L1=0.38225928 L2=0.36679233 L3=0.13858524
38 84.0465 0.0001 F=0.9999911 L1=0.089018118 L2=0.089018117 L3=0.015265146
103138 204.836 512.1 F=1.0183162e-16 L1=0.072421734 L2=0.070691121 L3=0.0051195736
429993 8 862.486 F=4.2204851e-28 L1=0.136115 L2=0.070572089 L3=0.0096061529
258078 21.8149 387.541 F=2.7422296e-13 L1=0.091821783 L2=0.071221235 L3=0.0065397274 acc=1.9e-63
64 445.959 49.999 F=0.029151804 L1=0.062013156 L2=0.062009329 L3=0.0038380923
40 500 700 F=6.2658765e-21 L1=0.068571475 L2=0.068571429 L3=0.0047000032
inf 409.767 0.00131608 F=0.99988872 L1=0.084551762 L2=0.084551761 L3=0.014701922
60656 1304.79 0.000595768 F=0.99994971 L1=0.084417461 L2=0.084417461 L3=0.014957597
inf 131.288 3.75 F=0.75071004 L1=0.07141083 L2=0.071350151 L3=0.0062707254
41 0.392774 0.365208 F=0.50957589 L1=2.5917282 L2=1.3567035 L3=3.5386037
41 106.7 64.01 F=0.014550879 L1=0.060398012 L2=0.059644577 L3=0.0034722603
7475 8 51.5499 F=0.0075146623 L1=0.14129135 L2=0.08113811 L3=0.011683256
220357 2.999 69.4063 F=0.00099376948 L1=0.32552138 L2=0.077443788 L3=0.025319411
219 61.5806 53.4217 F=0.014762652 L1=0.075912839 L2=0.072356418 L3=0.0056111168 acc=2.2e-63
20192 0.516049 0.1 F=0.83372999 L1=1.9849838 L2=1.6678604 L3=3.3364786
37 1.17768 0.1 F=0.91848844 L1=0.88458894 L2=0.81631851 L3=0.73623487
inf 88.5746 36.6968 F=0.050700911 L1=0.082641532 L2=0.081084483 L3=0.0070657072
inf 100.696 0.329284 F=0.9726579 L1=0.083217803 L2=0.083214182 L3=0.012649447
151765 500 583.308 F=8.8342101e-19 L1=0.070993057 L2=0.070457038 L3=0.0050019605
657398 0.850521 0.27752 F=0.74646936 L1=1.2122846 L2=0.91782087 L3=1.1278118
648 0.00886141 46.7052 F=2.4736589e-5 L1=112.83412 L2=0.082595493 L3=9.3199364
inf 100.89 45.0392 F=0.026639859 L1=0.079256677 L2=0.077800355 L3=0.0064424177
12171 234.184 36.5493 F=0.056464217 L1=0.079148707 L2=0.07887648 L3=0.0066095074
inf 0.00641495 512.1 F=3.6727524e-20 L1=155.8607 L2=0.070964857 L3=11.060634 acc=1.2e-67
583419 113.379 8.59843 F=0.52900664 L1=0.07434837 L2=0.074108686 L3=0.0040570714
5129 1.68484 15.999 F=0.067849156 L1=0.59788039 L2=0.10127445 L3=0.060574101
316130 73.8747 13.7823 F=0.34495862 L1=0.083951559 L2=0.083045591 L3=0.0058663245
171973 108.453 515 F=6.4913152e-17 L1=0.074563018 L2=0.070798914 L3=0.0052789807
1373 0.01 45.6092 F=3.0041601e-5 L1=99.986232 L2=0.084051813 L3=8.4043894
908 0.01 0.0880832 F=0.10139153 L1=100.06247 L2=10.254845 L3=1026.1671
196331 500 0.0916781 F=0.99231236 L1=0.083835518 L2=0.083835485 L3=0.014442252
24120 596.247 0.606313 F=0.9513166 L1=0.080265028 L2=0.080264805 L3=0.012761579
2592 64.01 512.1 F=7.3546962e-17 L1=0.077404787 L2=0.070589958 L3=0.0054639883
inf 0.69307 512 F=3.7442114e-18 L1=1.4201822 L2=0.070965012 L3=0.100785 acc=1.5e-63
60 3 512 F=3.1140131e-16 L1=0.31799413 L2=0.068043279 L3=0.021634957
128810 431.128 42.0985 F=0.037872274 L1=0.076365179 L2=0.076266941 L3=0.0061369184
100 107.35 61.6387 F=0.011114105 L1=0.067782492 L2=0.066370441 L3=0.0044963921
8443 60.443 0.253854 F=0.97862034 L1=0.084500678 L2=0.084493263 L3=0.012032198
41 1.04428 30.4152 F=0.012664134 L1=0.93984159 L2=0.071109009 L3=0.067797823
60758 64 0.00370684 F=0.99968242 L1=0.085676382 L2=0.085676303 L3=0.012738992
inf 3 45.9227 F=0.0065404675 L1=0.33013798 L2=0.084293931 L3=0.028156513
3853 2.24888 0.00699196 F=0.99676734 L1=0.46381039 L2=0.46235951 L3=0.21563646
inf 312.877 63.8992 F=0.0074057943 L1=0.07272874 L2=0.072466371 L3=0.005357683
42024 69.7865 8.36 F=0.52983341 L1=0.076637474 L2=0.076052412 L3=0.0043861533 acc=1.3e-62
460 63.99 512 F=1.3544956e-16 L1=0.07627004 L2=0.069547115 L3=0.0053039907
38 8 1447.21 F=1.1615848e-43 L1=0.13193774 L2=0.069308582 L3=0.0091440235
inf 105.569 0.000754322 F=0.99993576 L1=0.085157206 L2=0.0851572 L3=0.013654212
2768 11.378 0.01 F=0.99891453 L1=0.10865403 L2=0.10860675 L3=0.0069446641
44 0.344629 0.1 F=0.77092152 L1=2.9554703 L2=2.3000104 L3=6.8290079
41 97.6334 512 F=2.2155086e-15 L1=0.069256298 L2=0.068046971 L3=0.0047088689
inf 0.0244578 23.9718 F=0.00052274429 L1=40.884474 L2=0.098289525 L3=4.0190849
664046 121.119 40.4908 F=0.038971668 L1=0.079827025 L2=0.078846354 L3=0.0066253209
167445 76.4791 49.685 F=0.017749141 L1=0.079648241 L2=0.077191877 L3=0.0063661207
38 91.2206 0.0841632 F=0.99256625 L1=0.088348984 L2=0.088348385 L3=0.015015732 acc=3.3e-64
70 1.82271 2.999 F=0.3637287 L1=0.56338336 L2=0.21630838 L3=0.12410069
202 44.7422 0.000780641 F=0.99993215 L1=0.086913768 L2=0.086913734 L3=0.012225436
34584 2.1363 25.6355 F=0.03155964 L1=0.4706793 L2=0.097187026 L3=0.046224281
20936 84.1683 40 F=0.038608013 L1=0.081713281 L2=0.079903711 L3=0.0068657959
64 0.0200215 64 F=2.4090807e-5 L1=49.92123 L2=0.066334196 L3=3.3115556
inf 127.181 0.20056 F=0.98322151 L1=0.083726748 L2=0.083725489 L3=0.013280394
7467 0.5 167.299 F=1.4562197e-7 L1=1.9784033 L2=0.072780135 L3=0.14400473
38 44.686 0.001 F=0.99991024 L1=0.089761208 L2=0.089761168 L3=0.013982289
149 2787.16 28.8131 F=0.11102984 L1=0.075114724 L2=0.075114724 L3=0.0062081158
7433 352.178 0.00331868 F=0.99971928 L1=0.084587732 L2=0.08458773 L3=0.01464818 acc=4.4e-67
551 42.5977 16 F=0.27083946 L1=0.090468343 L2=0.087693173 L3=0.0073285396
inf 86.6345 250.874 F=8.438207e-9 L1=0.075703978 L2=0.071485848 L3=0.0054117631
37 0.647833 0.00689905 F=0.98913009 L1=1.5923512 L2=1.5759068 L3=2.5360922
1599 60.7713 35.5062 F=0.053161197 L1=0.084896324 L2=0.082054587 L3=0.0073453552
371580 2.75047 0.0668768 F=0.97532076 L1=0.37832182 L2=0.36919917 L3=0.13775906
41 2.48871 32.9845 F=0.022304393 L1=0.38514815 L2=0.067303659 L3=0.026631035
37 72.0647 41.1996 F=0.055050273 L1=0.057093075 L2=0.055597102 L3=0.0031228605
41 2.999 64 F=0.0037488423 L1=0.31411507 L2=0.061799598 L3=0.019383831
40 2.87652 0.283502 F=0.90649345 L1=0.3633638 L2=0.33045868 L3=0.11975588
inf 3.001 0.00103879 F=0.99964065 L1=0.34605581 L2=0.34593371 L3=0.11631807 acc=1.2e-67
205 0.001 0.206219 F=0.0047673094 L1=1000.0585 L2=4.8778055 L3=4878.1273
inf 0.830795 0.501887 F=0.6131947 L1=1.2374468 L2=0.77600103 L3=0.97267739
659 1655.1 416.683 F=1.9877297e-13 L1=0.069387596 L2=0.069354946 L3=0.0048121848
122 28.8987 33.0529 F=0.060715887 L1=0.086375118 L2=0.077929404 L3=0.0072407573
3310 1.37188 0.0529751 F=0.961275 L1=0.75941866 L2=0.7314401 L3=0.56589696
inf 40 40 F=0.033426158 L1=0.088081011 L2=0.082228038 L3=0.0075792235
50 125.349 0.258917 F=0.97775253 L1=0.085971816 L2=0.085970746 L3=0.014300527
125 57.6563 3.90548 F=0.73288066 L1=0.075888313 L2=0.075572599 L3=0.0062539398
64 80.9317 0.00164463 F=0.99985611 L1=0.08748951 L2=0.087489491 L3=0.014536405
40 0.00932296 0.000127019 F=0.98655013 L1=107.33093 L2=105.88919 L3=11365.233 acc=1.8e-64
9662 2.37262 0.0150144 F=0.99344576 L1=0.43936693 L2=0.43657231 L3=0.19207043
50 6.16093 46.4778 F=0.016087167 L1=0.15686947 L2=0.064410984 L3=0.010168821
92 3 0.19933 F=0.93522292 L1=0.34740182 L2=0.32547666 L3=0.11119776
155 121.433 15.999 F=0.29262811 L1=0.082441098 L2=0.082045454 L3=0.0065002475
497 38.5317 0.0196691 F=0.99829356 L1=0.086793955 L2=0.086792692 L3=0.011400086
100 8 0.0235872 F=0.99679891 L1=0.1361603 L2=0.13585768 L3=0.011916801
1096 32.3689 0.317882 F=0.97280399 L1=0.086297615 L2=0.086257745 L3=0.010270728
894 2.64424 64.6517 F=0.0013709106 L1=0.36864202 L2=0.077257549 L3=0.028612816
461112 108.101 0.176823 F=0.98515507 L1=0.084034278 L2=0.084032767 L3=0.013166158
741345 64.01 0.676829 F=0.94475132 L1=0.082378694 L2=0.082356204 L3=0.011191984 acc=1.3e-62
10004 0.011766 104.859 F=3.5193056e-7 L1=84.969425 L2=0.074467099 L3=6.3274711
8435 0.555391 512 F=3.1789436e-18 L1=1.7772865 L2=0.070877009 L3=0.12597053
137883 45.2673 0.000139129 F=0.999988 L1=0.086263097 L2=0.086263091 L3=0.011800539
2238 0.00788247 1.48439 F=0.0050390488 L1=126.89655 L2=0.68343316 L3=86.736091
40 484.442 0.00119993 F=0.99989379 L1=0.088512207 L2=0.088512207 L3=0.01571609
507 165.655 65.5653 F=0.006678507 L1=0.072258349 L2=0.071440337 L3=0.0052215907
inf 103.019 0.00012369 F=0.99998946 L1=0.085181407 L2=0.085181406 L3=0.013621284
281998 2.12623 8.36 F=0.17923557 L1=0.47469692 L2=0.11081478 L3=0.055983707
345 0.0129951 42.709 F=5.1898243e-5 L1=76.937988 L2=0.083137067 L3=6.3968101
207 64 0.0366244 F=0.99684765 L1=0.086104355 L2=0.086103557 L3=0.013099983 acc=4.3e-65
85 64.01 0.00429099 F=0.99962582 L1=0.087204941 L2=0.087204853 L3=0.013783237
105 0.169908 0.001 F=0.99408779 L1=5.9470049 L2=5.9125341 L3=35.203011
4651 0.00311672 0.0223292 F=0.12230483 L1=320.91553 L2=39.363758 L3=12632.487
57066 29.0181 0.039653 F=0.99653686 L1=0.087443532 L2=0.087437306 L3=0.010031611
50 0.0381938 36.6075 F=0.00031487818 L1=26.16088 L2=0.069070545 L3=1.8075062
41 0.0203388 0.01 F=0.66993412 L1=49.23493 L2=33.028568 L3=1626.2064
1671 88.6357 0.243483 F=0.97959747 L1=0.083948954 L2=0.083945692 L3=0.012764033
64 63.99 7.39054 F=0.56074683 L1=0.078749439 L2=0.078202589 L3=0.004730175
37 1.12668 44.8459 F=0.005628955 L1=0.86182507 L2=0.059453109 L3=0.051357792
246 2.50805 0.000579542 F=0.99975917 L1=0.41564748 L2=0.41555017 L3=0.17226572 acc=5.6e-68
40 129.676 44.4509 F=0.046428044 L1=0.056838388 L2=0.056509757 L3=0.0031178075
inf 115.774 5.35643 F=0.66886047 L1=0.071133715 L2=0.071007173 L3=0.004860818
100 63.99 4.60589 F=0.69613009 L1=0.075253708 L2=0.074936586 L3=0.0055708659
64 8 0.000256774 F=0.99996498 L1=0.13640073 L2=0.13639743 L3=0.012287722
509829 3 0.0644893 F=0.97815211 L1=0.34637901 L2=0.33895966 L3=0.11431928
91817 0.001 52.437 F=1.6768875e-6 L1=999.98451 L2=0.081880847 L3=81.879853
inf 1 56.2553 F=0.0011174479 L1=0.98653511 L2=0.080500587 L3=0.079639589
1168 65.8802 64 F=0.0060155419 L1=0.07781291 L2=0.074221627 L3=0.0058537547
inf 0.465164 40 F=0.0021363128 L1=2.1399823 L2=0.087937427 L3=0.18862871
41 73.2284 3.001 F=0.78283014 L1=0.077305193 L2=0.077197103 L3=0.0072290742 acc=4.0e-62
38 0.01 63.99 F=1.7168296e-5 L1=99.971624 L2=0.060775752 L3=6.0758549
16525 0.00347606 0.0001 F=0.97202983 L1=287.74824 L2=279.70359 L3=80484.262
38 0.00936682 3.67907 F=0.0023878175 L1=106.77785 L2=0.27325464 L3=29.181818
inf 30.4141 0.170321 F=0.98527377 L1=0.086895241 L2=0.086871052 L3=0.010119573
inf 117.551 44.5031 F=0.028368391 L1=0.078717283 L2=0.077604855 L3=0.0063918717
512684 0.0690124 0.01 F=0.87288127 L1=14.55382 L2=12.719555 L3=185.16231
10226 1.98273 44.8766 F=0.0051844378 L1=0.49749899 L2=0.084854659 L3=0.042568354
41070 2.39216 0.294826 F=0.88597547 L1=0.43564789 L2=0.3874524 L3=0.16927377
4778 34.1927 26.9845 F=0.098331341 L1=0.094476424 L2=0.088595408 L3=0.0086532199
38 0.123682 0.1 F=0.54957302 L1=8.1459244 L2=4.5280827 L3=36.923751 acc=2.0e-61
40 1 0.143205 F=0.87002561 L1=1.0379015 L2=0.90986678 L3=0.960536
817494 500 0.01328 F=0.99887881 L1=0.084423444 L2=0.084423439 L3=0.01472447
3135 89.9774 158.454 F=6.7131322e-6 L1=0.075257312 L2=0.071784206 L3=0.0054023044
336687 2.24886 40.649 F=0.0082409757 L1=0.44048515 L2=0.087238329 L3=0.038836418
inf 2.40651 0.00183309 F=0.99920671 L1=0.43310165 L2=0.43276796 L3=0.18742241
37 64 0.279043 F=0.97562649 L1=0.087533905 L2=0.087528063 L3=0.013863151
51 0.0186998 0.181333 F=0.092457495 L1=53.536625 L2=5.0535924 L3=270.58988
1468 0.601598 544.038 F=4.4110043e-19 L1=1.6388604 L2=0.070429409 L3=0.1154255
45 107.207 0.000221318 F=0.99998047 L1=0.088257216 L2=0.088257215 L3=0.015301921
217 1.01357 47.5916 F=0.0025710582 L1=0.97239997 L2=0.078723893 L3=0.076854883 acc=3.1e-63
41 500 160.609 F=3.5788201e-5 L1=0.064268255 L2=0.064268196 L3=0.0041039065
42717 1.34516 23.0166 F=0.027714894 L1=0.74481195 L2=0.098774203 L3=0.074038571
5863 2.62578 44.5113 F=0.0066920496 L1=0.37649864 L2=0.084856395 L3=0.032299236
947679 17.865 109.613 F=0.00012591655 L1=0.096566855 L2=0.073969948 L3=0.0071470796
100 67.6974 512.1 F=6.8138404e-16 L1=0.073168005 L2=0.068122681 L3=0.0049811917
655 0.0176473 25.0398 F=0.00034051815 L1=56.66238 L2=0.096861335 L3=5.4890257
38 120.167 0.000443683 F=0.99996059 L1=0.088835427 L2=0.088835426 L3=0.015578376
inf 0.01 0.00437179 F=0.69560652 L1=100.06609 L2=69.646681 L3=6969.3177
inf 2.19147 50.1726 F=0.0036017606 L1=0.44864128 L2=0.082529544 L3=0.037306669
82229 0.0173519 38.4577 F=9.5471606e-5 L1=57.62033 L2=0.088952306 L3=5.1259356 acc=9.4e-67
40 100 68.4492 F=0.011272652 L1=0.060904817 L2=0.060009566 L3=0.003538244
5744 0.510258 806.486 F=2.7700285e-27 L1=1.9360214 L2=0.070487813 L3=0.13646664
3281 0.0260783 33.661 F=0.00022181701 L1=38.338011 L2=0.091825657 L3=3.520958
489 63.99 0.0647417 F=0.99446215 L1=0.085598559 L2=0.085597103 L3=0.012775955
40 41.4871 37.3288 F=0.061325524 L1=0.063049189 L2=0.05852738 L3=0.0038588513
64 102.034 0.00284114 F=0.99975199 L1=0.087292848 L2=0.087292829 L3=0.014857686
52365 0.00317082 237.71 F=5.8326413e-12 L1=315.35141 L2=0.07203542 L3=22.71648
752 3 28.5676 F=0.031026975 L1=0.33679634 L2=0.094017053 L3=0.032184963
19296 8 511.9 F=2.5297576e-17 L1=0.13622065 L2=0.070921426 L3=0.0096616176
10005 1.97787 12.6678 F=0.10856312 L1=0.50978914 L2=0.10155103 L3=0.051173798 acc=1.7e-63
40 89.0631 3.75 F=0.74015256 L1=0.076099246 L2=0.076012045 L3=0.0061845119
inf 2.67047 183.248 F=1.9716167e-7 L1=0.36152793 L2=0.072634277 L3=0.026269997
42440 54.9052 1.22709 F=0.90297868 L1=0.080798024 L2=0.080729094 L3=0.0099233193
1183 40 0.00718158 F=0.99937813 L1=0.086605059 L2=0.086604642 L3=0.011447475
229 1.51487 1487.03 F=1.6666828e-46 L1=0.63950198 L2=0.06933617 L3=0.044340388
62 1.79418 24.0032 F=0.032745052 L1=0.55285188 L2=0.088520671 L3=0.050072001
136 0.00105141 0.00524884 F=0.1668248 L1=951.17175 L2=158.79068 L3=151037.26
76 78.9273 0.12517 F=0.98919831 L1=0.086357852 L2=0.086356075 L3=0.013895157
inf 13.4666 20.6424 F=0.14148775 L1=0.11722493 L2=0.096109943 L3=0.011170861
537 63.257 3 F=0.7871237 L1=0.075755681 L2=0.075570113 L3=0.0072941976 acc=2.7e-62
inf 1.66317 26.9092 F=0.022719921 L1=0.60168663 L2=0.096462798 L3=0.05855444
7836 1 3 F=0.23901382 L1=1.017542 L2=0.2572765 L3=0.26496904
43910 0.114722 0.0978621 F=0.53655428 L1=8.7753153 L2=4.7594263 L3=41.803108
887 0.0141187 515 F=9.9098825e-20 L1=70.802516 L2=0.070195253 L3=4.9700023
287 40 38.0358 F=0.041591123 L1=0.084842437 L2=0.079166483 L3=0.0070862484
254 11.3657 25.752 F=0.083465397 L1=0.12186587 L2=0.091392187 L3=0.011578147
40 61.283 0.0261659 F=0.99767309 L1=0.088945472 L2=0.088944956 L3=0.0145813
50 0.583344 0.000293499 F=0.99948246 L1=1.7642234 L2=1.7633534 L3=3.1392423
50 380.279 0.147218 F=0.98725529 L1=0.086565727 L2=0.086565724 L3=0.014974752
338 16 0.215271 F=0.97966377 L1=0.095751514 L2=0.095391773 L3=0.0080457213 acc=3.1e-63
133017 16 43.0615 F=0.019919854 L1=0.10477218 L2=0.083531942 L3=0.0090546234
422496 0.001 56.1694 F=1.2380152e-6 L1=999.98357 L2=0.080607245 L3=80.606153
40 1 29.827 F=0.01275075 L1=0.98239341 L2=0.071433036 L3=0.071200665
262476 16 0.763649 F=0.93004284 L1=0.095929104 L2=0.094628176 L3=0.0085993767
40 0.00146877 0.00191066 F=0.43456301 L1=680.91247 L2=295.97735 L3=201534.72
2185 10.9381 0.205819 F=0.9774561 L1=0.11181347 L2=0.110736 L3=0.0079119048
542579 3.001 48.4499 F=0.0052949486 L1=0.32924346 L2=0.083140907 L3=0.027668036
299 2.62647 0.246527 F=0.91080539 L1=0.39681341 L2=0.36239444 L3=0.14321269
101529 0.104512 66.9601 F=5.4530935e-5 L1=9.5500844 L2=0.077974361 L3=0.74480676
14500 120.742 2.42951 F=0.82576395 L1=0.074157549 L2=0.074119067 L3=0.0081552052 acc=3.1e-62
72334 2186.75 0.0626655 F=0.99474056 L1=0.083906471 L2=0.083906469 L3=0.014770664
444643 2.89606 0.200925 F=0.93265283 L1=0.35933838 L2=0.33570385 L3=0.11852907
167 1.5 0.0105662 F=0.99269799 L1=0.69598145 L2=0.69114959 L3=0.49040988
inf 103.409 16 F=0.29287867 L1=0.084097668 L2=0.083532269 L3=0.006295832
inf 42.2528 515 F=4.3079707e-17 L1=0.081547607 L2=0.070898871 L3=0.0057816335
939941 0.0128594 0.0470486 F=0.21400456 L1=77.828233 L2=16.75462 L3=1304.0267
209680 4.88259 1.1386 F=0.80217155 L1=0.21647997 L2=0.17813911 L3=0.036021782
212669 129.757 23.135 F=0.16266741 L1=0.085015237 L2=0.084483617 L3=0.0072666221
40 72.1147 30.2439 F=0.10081643 L1=0.061950098 L2=0.060631773 L3=0.0045293352
269 274.324 0.0869284 F=0.99265281 L1=0.084507959 L2=0.084507862 L3=0.01453004 acc=3.1e-64
45 0.240621 25.2642 F=0.004616093 L1=4.1441255 L2=0.082817658 L3=0.34454092
68478 8 0.0324842 F=0.99561689 L1=0.13555397 L2=0.13513641 L3=0.011110811
58105 80.5207 375.78 F=1.1214469e-12 L1=0.076118599 L2=0.071085283 L3=0.0054109122
50 0.0761197 0.219304 F=0.25441567 L1=13.194421 L2=3.4355707 L3=45.364551
inf 1.20641 0.00100246 F=0.99913569 L1=0.86290899 L2=0.86220188 L3=0.75767843
40 0.325298 861.715 F=3.0147259e-27 L1=3.0491331 L2=0.068835005 L3=0.20988639
120 1.44854 0.000807067 F=0.9994186 L1=0.72079534 L2=0.72039755 L3=0.52958649
40 119.103 0.271645 F=0.97647649 L1=0.086659996 L2=0.086658958 L3=0.014416776
163186 0.0948017 6.56996 F=0.013118562 L1=10.560557 L2=0.16231371 L3=1.7155151
38 0.5 48.5334 F=0.0020841014 L1=1.9729268 L2=0.05976723 L3=0.1179938 acc=4.8e-64
1901 2.93643 59.6693 F=0.0021390023 L1=0.33335668 L2=0.078870452 L3=0.026462612
25403 45.5798 63.99 F=0.0052837605 L1=0.081815745 L2=0.07569664 L3=0.0062795294
inf 102.563 3.75 F=0.74904391 L1=0.072278936 L2=0.072180335 L3=0.0063154259
40 1866.62 0.01 F=0.99911557 L1=0.088442949 L2=0.088442949 L3=0.015678016
94 64.01 36.0196 F=0.058937594 L1=0.07347843 L2=0.070991891 L3=0.0056343436
inf 2.82664 0.864271 F=0.7575793 L1=0.36886021 L2=0.28244558 L3=0.10398461
41 6.16395 65.3015 F=0.0056043445 L1=0.15518813 L2=0.061909262 L3=0.0095430983
inf 0.021084 0.00017998 F=0.99152416 L1=47.495283 L2=47.09383 L3=2236.7816
2526 0.5 31.9911 F=0.0047368911 L1=1.9940633 L2=0.092829035 L3=0.18566024
77826 118.973 30.9501 F=0.08398175 L1=0.083337754 L2=0.082528178 L3=0.0072358804 acc=2.5e-63
232 0.824828 64 F=0.00060272113 L1=1.1944078 L2=0.074616686 L3=0.089255332
154 0.62363 6.99264 F=0.07501935 L1=1.6143277 L2=0.14738484 L3=0.23987392
119 0.00393651 1271.47 F=3.9991874e-42 L1=254.00616 L2=0.069211628 L3=17.58018
37 1.19018 3.75 F=0.22949331 L1=0.85418647 L2=0.2093478 L3=0.181257
inf 70.8412 1 F=0.92036215 L1=0.080693407 L2=0.080662211 L3=0.010635003
650 72.7107 0.000520172 F=0.99995541 L1=0.085724259 L2=0.085724251 L3=0.013169135
inf 40 3 F=0.78214628 L1=0.079041505 L2=0.078587226 L3=0.0073686015
37 64 64 F=0.014696344 L1=0.061478822 L2=0.059110269 L3=0.0034837807
68119 0.25 0.224921 F=0.52041939 L1=4.0505506 L2=2.1500846 L3=8.7374082
135765 16 178.56 F=7.752548e-7 L1=0.099484957 L2=0.072572623 L3=0.0072209937 acc=2.1e-63
227 0.001 321.256 F=1.1480709e-14 L1=999.97388 L2=0.068976817 L3=68.975018
inf 40.437 515 F=4.2235755e-17 L1=0.08205272 L2=0.070901814 L3=0.0058176871
853 86.4457 512.1 F=1.1056199e-16 L1=0.074900467 L2=0.070049748 L3=0.0052466463
10977 0.01 39.6872 F=4.9436075e-5 L1=99.989089 L2=0.088098918 L3=8.8093871
15086 87.2057 11.4891 F=0.41959409 L1=0.080002896 L2=0.079452852 L3=0.0049132533
1516 88.6488 0.237614 F=0.98007871 L1=0.083989105 L2=0.083985936 L3=0.012785313
73555 2.25272 3.75 F=0.35870504 L1=0.45735811 L2=0.17901454 L3=0.082979374
50 0.0232834 5.27933 F=0.0041060326 L1=42.962574 L2=0.19437753 L3=8.35277
300 0.00127739 0.0100465 F=0.11272941 L1=782.91116 L2=88.374721 L3=69189.602
384 301.243 64.01 F=0.0081540851 L1=0.070508817 L2=0.070244074 L3=0.0050141824 acc=1.9e-63
41 2.7185 1.15155 F=0.69156418 L1=0.38367069 L2=0.26980791 L3=0.10501079
41 0.567445 38.0113 F=0.0043177754 L1=1.7385648 L2=0.063753289 L3=0.11127191
239 8.23209 0.0524514 F=0.99306938 L1=0.1330835 L2=0.13246375 L3=0.01090177
65171 0.5 3.001 F=0.13572939 L1=2.019457 L2=0.2914664 L3=0.59264178
100 135.854 41.9743 F=0.042469979 L1=0.068472674 L2=0.067794461 L3=0.0048764497
inf 0.01 3.001 F=0.0031325146 L1=100.02174 L2=0.33644955 L3=33.657275
688 0.866757 52.274 F=0.0014132255 L1=1.1398295 L2=0.080293338 L3=0.091780082
37 67.1877 0.569384 F=0.95142621 L1=0.085736051 L2=0.085723477 L3=0.012933414
64 1.51634 0.1 F=0.93544062 L1=0.68851551 L2=0.6462189 L3=0.45387288
40 0.00441847 1271.04 F=2.2435739e-41 L1=226.29706 L2=0.06921107 L3=15.662262 acc=4.8e-68
64 70.6356 37.7576 F=0.056951746 L1=0.067189389 L2=0.065195769 L3=0.0046848916
100 75.7991 0.00339453 F=0.99970546 L1=0.08676995 L2=0.086769901 L3=0.013987884
103 0.98268 64 F=0.0008725926 L1=0.99743339 L2=0.070330694 L3=0.070246618
1544 0.159294 56.0616 F=0.00020008749 L1=6.2613084 L2=0.07995088 L3=0.50082603
273 64 40 F=0.039394786 L1=0.079470193 L2=0.076656266 L3=0.0064260592
40 0.96658 26.8677 F=0.015387054 L1=1.0203441 L2=0.076740966 L3=0.079592677
741079 0.259714 0.587137 F=0.29923333 L1=3.8923339 L2=1.210715 L3=4.7313761
192 2.9999 41.2404 F=0.010698405 L1=0.32776074 L2=0.080905627 L3=0.026910048
968561 2.94721 0.185496 F=0.93854281 L1=0.35300218 L2=0.33179939 L3=0.11476113
123011 1.57264 0.000533965 F=0.99964576 L1=0.66363977 L2=0.66341573 L3=0.44843379 acc=1.2e-67
47129 125 0.596786 F=0.95157757 L1=0.081417099 L2=0.081412115 L3=0.012137208
734 0.24452 0.0359146 F=0.87014962 L1=4.1465437 L2=3.6216586 L3=15.053677
231 129.755 49.9716 F=0.021363671 L1=0.072514661 L2=0.071525077 L3=0.0053491182
38 40 54.2422 F=0.023439177 L1=0.064026332 L2=0.058484934 L3=0.003563159
100 37.249 16.8408 F=0.24500135 L1=0.090534945 L2=0.086949031 L3=0.008027833
50 0.0176685 0.0710363 F=0.19826436 L1=56.662674 L2=11.335617 L3=642.34976
433343 0.430944 59.4826 F=0.00039256014 L1=2.304554 L2=0.079619819 L3=0.18368572
1415 118.351 5.02942 F=0.68459822 L1=0.071094042 L2=0.070982636 L3=0.0050709068
inf 1.73444 64.4876 F=0.00094224495 L1=0.56418328 L2=0.078384233 L3=0.044370927
31360 97.9311 0.1 F=0.99154416 L1=0.08461035 L2=0.084609369 L3=0.013259216 acc=3.4e-64
600 14.5553 0.223346 F=0.97831817 L1=0.098628199 L2=0.098117866 L3=0.007803161
1161 100 69.1179 F=0.0045202977 L1=0.074954225 L2=0.072980818 L3=0.0055231051
941220 2.95742 48.3079 F=0.0053000269 L1=0.33401924 L2=0.083209097 L3=0.02809014
37 0.5 479.197 F=1.2003671e-15 L1=1.9750908 L2=0.067899015 L3=0.13410441
183 0.00287489 700 F=2.0744655e-25 L1=347.81238 L2=0.068747394 L3=23.911194
41 0.872536 118.911 F=4.1587601e-5 L1=1.1201456 L2=0.063473991 L3=0.071095169
486 0.150783 0.00635912 F=0.95915938 L1=6.6932175 L2=6.4246196 L3=43.042637
100 47.5426 76.325 F=0.0034829422 L1=0.073421584 L2=0.067493829 L3=0.0049379317
243288 0.769097 0.01 F=0.9867389 L1=1.34337 L2=1.3264419 L3=1.8042206
731 1.5 0.0210328 F=0.98557565 L1=0.69549884 L2=0.68594801 L3=0.48610604 acc=2.0e-64
91114 0.0781362 0.00239622 F=0.97009714 L1=12.861859 L2=12.480967 L3=160.57273
137328 1.40716 1.62347 F=0.45115169 L1=0.73129644 L2=0.34071163 L3=0.25305204
949715 1 62.4945 F=0.00067993485 L1=0.98532319 L2=0.078849419 L3=0.077860197
inf 0.0295414 0.001 F=0.96719422 L1=33.916276 L2=32.807884 L3=1112.7676
644 3.001 52.4974 F=0.0039752375 L1=0.32699429 L2=0.079893117 L3=0.026358273
inf 118.806 0.645748 F=0.94776544 L1=0.081222542 L2=0.081216417 L3=0.011962832
41 1.03292 1.82918 F=0.34794658 L1=0.99022971 L2=0.35893435 L3=0.36102112
179 64.01 2.19115 F=0.83677742 L1=0.077547408 L2=0.077432246 L3=0.0084848937
inf 79.8801 3.38869 F=0.7669953 L1=0.073824379 L2=0.073684766 L3=0.0067874693
374 1 139.021 F=2.808251e-6 L1=0.97956277 L2=0.07155736 L3=0.070116495 acc=3.0e-63
inf 59.2528 0.000734138 F=0.99993701 L1=0.085799647 L2=0.085799629 L3=0.012560708
3471 120.162 39.2176 F=0.043275208 L1=0.079963188 L2=0.078994137 L3=0.0066620764
450393 0.0229255 38.3175 F=0.00012763536 L1=43.609279 L2=0.089051194 L3=3.8839347
98 0.01 512 F=6.6920926e-19 L1=99.973331 L2=0.068116581 L3=6.8098402
inf 138.291 0.0210672 F=0.99821303 L1=0.084827591 L2=0.084827495 L3=0.013922828
inf 100 24.5172 F=0.14172476 L1=0.085968381 L2=0.085066902 L3=0.0074804743
37 118.089 0.001 F=0.99991105 L1=0.088947737 L2=0.088947734 L3=0.015596147
63050 0.01 3.75 F=0.0025011016 L1=100.01849 L2=0.26979006 L3=26.98773
23993 1.77904 69.0946 F=0.00067345273 L1=0.54925687 L2=0.077512485 L3=0.042694184
57971 500 55.1074 F=0.014469902 L1=0.073169887 L2=0.073074243 L3=0.0055045834 acc=2.2e-63
37 0.810087 32.4086 F=0.0089428025 L1=1.2129649 L2=0.065968741 L3=0.080820909
102 1 3.75 F=0.20020889 L1=1.0150577 L2=0.21762701 L3=0.22342981
320 71.6862 2.999 F=0.78804836 L1=0.075146381 L2=0.075001459 L3=0.0072805754
47 2.61037 2.50193 F=0.49541215 L1=0.39696835 L2=0.20597215 L3=0.083373918
990 2.30327 0.000438581 F=0.99980144 L1=0.45281647 L2=0.45272937 L3=0.20581184
inf 122.611 0.0986395 F=0.99167755 L1=0.084405736 L2=0.084405121 L3=0.013548277
inf 0.732861 0.0045103 F=0.99368542 L1=1.4086605 L2=1.4002035 L3=1.9957528
38 580.759 0.242735 F=0.97891096 L1=0.086910569 L2=0.086910569 L3=0.014734977
40 0.00129382 0.109962 F=0.011546911 L1=772.96998 L2=9.0486748 L3=6994.396
50 2.38879 0.026157 F=0.98867418 L1=0.43784843 L2=0.4330629 L3=0.1909553 acc=1.2e-64
961115 1 32.7453 F=0.008388216 L1=0.99529679 L2=0.092605484 L3=0.092695255
inf 63.99 0.00750006 F=0.99935764 L1=0.085654058 L2=0.085653897 L3=0.012727719
4821 5.5729 8.36 F=0.33635292 L1=0.18905429 L2=0.09838152 L3=0.018643565
64 0.0106187 34.4739 F=9.7319753e-5 L1=94.155533 L2=0.075434467 L3=7.1032501
5426 25.5374 58.5978 F=0.0067354109 L1=0.090351623 L2=0.077527597 L3=0.0071289752
50 87.7343 0.435111 F=0.96303353 L1=0.085163 L2=0.085157709 L3=0.013374113
356 662.988 40.9755 F=0.043893211 L1=0.073345827 L2=0.07331483 L3=0.0056974498
363296 3.001 0.0797168 F=0.97313755 L1=0.3463083 L2=0.33719102 L3=0.11374781
inf 28.4856 161.559 F=3.3912417e-6 L1=0.086930194 L2=0.072644837 L3=0.0063151252
284 49.7208 64 F=0.0062720087 L1=0.077848255 L2=0.072464548 L3=0.0056937985 acc=2.0e-63
7851 0.442097 3.75 F=0.099735465 L1=2.2789415 L2=0.24409379 L3=0.55940328
50 8 63.99 F=0.0060413257 L1=0.12687033 L2=0.063870287 L3=0.0080519223
36948 0.0693861 26.3294 F=0.0011728293 L1=14.408577 L2=0.096933514 L3=1.3972576
inf 116.391 700 F=1.3925739e-22 L1=0.074258651 L2=0.070613203 L3=0.0052436412
8856 0.01 700 F=1.0082806e-25 L1=99.974581 L2=0.070624555 L3=7.0606613
21164 63.99 3 F=0.78753387 L1=0.075584924 L2=0.075403472 L3=0.0072983621
inf 0.001 50.448 F=1.9744228e-6 L1=999.98508 L2=0.082674234 L3=82.673301
64 1.42963 269.168 F=1.99746e-9 L1=0.676917 L2=0.066599399 L3=0.04507801
64596 138.489 0.189317 F=0.98415957 L1=0.083724938 L2=0.083723945 L3=0.013400879
1073 211.177 21.521 F=0.19139704 L1=0.083087093 L2=0.082889332 L3=0.0069088041 acc=9.9e-64
259 1.16872 0.00014604 F=0.99986994 L1=0.89070883 L2=0.8905991 L3=0.80781791
inf 0.0740501 0.0122209 F=0.85767756 L1=13.56777 L2=11.654345 L3=158.16732
519285 0.955863 512.1 F=5.0070947e-18 L1=1.024515 L2=0.070963348 L3=0.072704723
402181 63.1199 0.0458102 F=0.99608675 L1=0.085469297 L2=0.085468254 L3=0.012603407
153964 52.3903 0.154061 F=0.98689479 L1=0.085267248 L2=0.085261648 L3=0.011912026
184 0.233325 16 F=0.0107836 L1=4.2872274 L2=0.1018366 L3=0.436948
inf 8 0.000206692 F=0.99997203 L1=0.13531762 L2=0.13531495 L3=0.010932863
168806 0.25 0.241376 F=0.50262685 L1=4.0500874 L2=2.0787457 L3=8.4469258
612 73.4514 40 F=0.038889198 L1=0.08075857 L2=0.078495564 L3=0.0066769629
289055 0.0367166 610.895 F=1.908781e-22 L1=27.21048 L2=0.070807791 L3=1.9267153 acc=3.8e-66
1310 0.01 39.3469 F=5.1424481e-5 L1=99.988808 L2=0.08755693 L3=8.7551789
35542 0.702296 0.1 F=0.87163135 L1=1.4666335 L2=1.2868378 L3=1.9087742
inf 52.2123 0.00937072 F=0.99919463 L1=0.085957546 L2=0.085957241 L3=0.012208701
54685 0.0330862 0.00339395 F=0.90676345 L1=30.289346 L2=27.477308 L3=832.31578
467726 0.0487302 24.8302 F=0.00095511445 L1=20.518446 L2=0.097821471 L3=2.0077208
100 67.8822 4 F=0.72919141 L1=0.075004879 L2=0.074771882 L3=0.0060740011
inf 100.604 49.9719 F=0.018202949 L1=0.078061668 L2=0.076484367 L3=0.0061850352
1230 12.6619 0.001 F=0.99989658 L1=0.10342975 L2=0.10342627 L3=0.0068987466
50 0.0189862 0.186244 F=0.091471399 L1=52.729954 L2=4.9267163 L3=259.8229
6077 2.69424 68.588 F=0.00098371797 L1=0.36195037 L2=0.077443094 L3=0.028145793 acc=3.4e-63
inf 117.767 0.0240036 F=0.9979618 L1=0.084920769 L2=0.084920617 L3=0.013728416
50 164.8 58.1852 F=0.019044622 L1=0.060721598 L2=0.060464215 L3=0.0035679325
238331 0.001 3.75 F=0.00025067711 L1=1000.0185 L2=0.27039224 L3=270.40099
36145 4.09736 512.1 F=1.6557743e-17 L1=0.23669811 L2=0.070942762 L3=0.016793193
40 704.245 0.000128071 F=0.99998866 L1=0.088520645 L2=0.088520645 L3=0.015720758
40 7.7231 0.00559204 F=0.99921309 L1=0.14083095 L2=0.140752 L3=0.014039055
2579 0.00136089 0.00697626 F=0.16315665 L1=734.87898 L2=120.01115 L3=88193.716
inf 2.58108 0.0001 F=0.99995966 L1=0.40342159 L2=0.40340573 L3=0.16157136
inf 63.99 7.31064 F=0.57165346 L1=0.075841326 L2=0.07525334 L3=0.004499192
191 68.9215 0.0001 F=0.99999137 L1=0.086269766 L2=0.086269764 L3=0.013400079 acc=3.4e-70
37 0.908702 44.5375 F=0.0047108604 L1=1.0743085 L2=0.05947466 L3=0.064028216
40 118.881 15.999 F=0.27839811 L1=0.080172393 L2=0.07997069 L3=0.007710349
352 0.8705 16 F=0.037855061 L1=1.1512717 L2=0.10154193 L3=0.11710564
inf 30.2119 62.196 F=0.0053480067 L1=0.08729879 L2=0.076763396 L3=0.0067999244
46 0.171558 0.0001 F=0.99941118 L1=5.8916067 L2=5.8882076 L3=34.732633
inf 51.4521 0.0725128 F=0.99379383 L1=0.085683952 L2=0.085681387 L3=0.012034692
112 2646.79 427.616 F=2.7098195e-13 L1=0.067862035 L2=0.067862035 L3=0.0046016182
2372 0.01 53.0927 F=1.6073279e-5 L1=99.984091 L2=0.081191421 L3=8.1181152
922 100 8.36 F=0.53606383 L1=0.074742849 L2=0.074447998 L3=0.0041408999
inf 49.6314 28.8006 F=0.08977729 L1=0.08978699 L2=0.086376934 L3=0.0080786744 acc=2.5e-63
107 1404.99 2.02275 F=0.85137563 L1=0.074639784 L2=0.074639784 L3=0.009117357
38 0.888334 49.5768 F=0.0033639003 L1=1.099354 L2=0.059805114 L3=0.065799714
807383 2.20017 45.2573 F=0.0054495299 L1=0.4484045 L2=0.084740399 L3=0.038343602
100 77.7946 0.142828 F=0.98774897 L1=0.085854498 L2=0.085852298 L3=0.013588107
inf 1.37588 42.5383 F=0.0046409303 L1=0.71875731 L2=0.086308387 L3=0.062428916
6052 102.287 15.999 F=0.29266061 L1=0.084122741 L2=0.08354577 L3=0.0063102617
inf 1.59332 0.00334684 F=0.99781231 L1=0.65504611 L2=0.65367978 L3=0.43606316
79 14.6536 1113.49 F=5.8165761e-34 L1=0.098575527 L2=0.069101757 L3=0.006810976
3850 77.0908 0.899291 F=0.92801121 L1=0.080895378 L2=0.080872613 L3=0.010953548
700820 0.0582472 0.00865002 F=0.87021378 L1=17.23233 L2=15.012116 L3=258.73845 acc=1.7e-62
57771 0.194255 700 F=1.8315272e-24 L1=5.1231231 L2=0.070695172 L3=0.36218106
39254 75.8776 511.9 F=7.0137565e-17 L1=0.076482479 L2=0.070833049 L3=0.0054174871
9894 91.0836 1.8477 F=0.86170263 L1=0.076747071 L2=0.076701807 L3=0.0091278143
482582 64.9317 0.0432853 F=0.99630347 L1=0.085441064 L2=0.085440136 L3=0.012672855
20569 1.05342 33.9943 F=0.0078378642 L1=0.94406976 L2=0.091691815 L3=0.087076406
inf 0.0424135 13.9982 F=0.0024634275 L1=23.578899 L2=0.10232964 L3=2.4127378
636 0.143156 700 F=2.8307141e-24 L1=6.9598506 L2=0.069740872 L3=0.48538685
3278 1.55753 0.266048 F=0.84840485 L1=0.66809747 L2=0.57099064 L3=0.38807372
inf 3 56.7302 F=0.0026940967 L1=0.32732172 L2=0.080183558 L3=0.026446304
50 3 0.00546675 F=0.99810324 L1=0.34761983 L2=0.3469771 L3=0.11848973 acc=3.4e-66
136481 0.018006 9.92155 F=0.0016041881 L1=55.538028 L2=0.11027337 L3=6.1261734
3701 0.00538146 31.1505 F=5.7875725e-5 L1=185.81667 L2=0.093592976 L3=17.391708
inf 74.4635 71.0047 F=0.0035397343 L1=0.077274624 L2=0.074112292 L3=0.0057787992
76191 62.3367 34.4875 F=0.057627016 L1=0.08575405 L2=0.083081736 L3=0.0074980098
14891 3 43.0845 F=0.0083358531 L1=0.33106981 L2=0.085660634 L3=0.02872625
1020 2.07573 63.99 F=0.0011840077 L1=0.47013907 L2=0.07754149 L3=0.036597541
inf 70.2791 27.2454 F=0.10806359 L1=0.087403987 L2=0.085572218 L3=0.0077613258
100 44.4044 27.4925 F=0.10398986 L1=0.082228761 L2=0.078378595 L3=0.0071425473
37 71.478 0.29277 F=0.97449485 L1=0.087282547 L2=0.087277875 L3=0.013970822
32045 0.0160293 13.9762 F=0.00093556861 L1=62.387169 L2=0.10235921 L3=6.385818 acc=5.4e-67
64 43.3566 64 F=0.0095789557 L1=0.070451264 L2=0.064471272 L3=0.0044836263
38 1 35.2551 F=0.0089617865 L1=0.97731967 L2=0.063753725 L3=0.062878774
40 1.55927 512 F=3.274493e-16 L1=0.61995152 L2=0.068036335 L3=0.042177018
15795 0.737696 0.181609 F=0.79662243 L1=1.3958989 L2=1.1242232 L3=1.5881427
45955 1.3211 50.4364 F=0.0023026803 L1=0.74601861 L2=0.082503556 L3=0.061835056
214567 303.215 0.104932 F=0.99119846 L1=0.083869451 L2=0.083869345 L3=0.014211805
582 75.1055 0.00344509 F=0.99970479 L1=0.085691975 L2=0.085691922 L3=0.013242878
93 64 56.7533 F=0.014364669 L1=0.070139399 L2=0.066874697 L3=0.0047002765
458 3.15375 68.0237 F=0.0012665797 L1=0.30859065 L2=0.075731645 L3=0.023473067
704 150.114 0.000640681 F=0.99994548 L1=0.085098252 L2=0.085098249 L3=0.0142095 acc=1.6e-68
24847 133.56 1.00057 F=0.92127444 L1=0.07922448 L2=0.07921567 L3=0.011136844
3637 3.32507 32.1888 F=0.023692335 L1=0.3043222 L2=0.092270693 L3=0.028560621
2972 64 0.112635 F=0.99042338 L1=0.085135282 L2=0.085132645 L3=0.012502962
263 1561.15 511.9 F=4.3353795e-16 L1=0.068684872 L2=0.068680574 L3=0.0047163097
119350 500 69.2031 F=0.0052252993 L1=0.071741851 L2=0.071623822 L3=0.005197653
584 2.09666 0.000132642 F=0.99993396 L1=0.49787913 L2=0.49784744 L3=0.25042611
733 0.001 23.1868 F=2.3152758e-5 L1=999.99774 L2=0.098118487 L3=98.118876
569705 98.1548 40.1107 F=0.039096816 L1=0.080901185 L2=0.079502197 L3=0.0067671669
665651 4.26844 2.4208 F=0.62059186 L1=0.24760489 L2=0.16466685 L3=0.040281559
61 0.655548 0.1 F=0.86372933 L1=1.5707 L2=1.3664052 L3=2.1694953 acc=1.8e-62
100 7.77047 1.41261 F=0.82747544 L1=0.14514713 L2=0.12918326 L3=0.016214285
3180 2.25446 25.4849 F=0.033438628 L1=0.44648198 L2=0.097080843 L3=0.043828429
2353 0.00871267 10.5567 F=0.00072535294 L1=114.77585 L2=0.10658648 L3=12.233835
1630 1.00294 22.5027 F=0.022482572 L1=0.99762245 L2=0.098809079 L3=0.099077243
40 2.72182 25.2437 F=0.042037776 L1=0.35909783 L2=0.078833547 L3=0.02971191
187 115.461 218.811 F=1.9653079e-7 L1=0.070930014 L2=0.068377022 L3=0.0048477546
23578 0.566291 0.144078 F=0.79204358 L1=1.8107595 L2=1.4491218 L3=2.6473127
41 24.0973 0.0943896 F=0.99139446 L1=0.091445058 L2=0.091415011 L3=0.011189754
92 0.102968 56.5317 F=0.00017445228 L1=9.689506 L2=0.070372429 L3=0.68202401
41 1.5 0.1 F=0.9347205 L1=0.69664078 L2=0.65345603 L3=0.46483499 acc=4.1e-63
175637 0.0319247 0.632694 F=0.046663168 L1=31.369114 L2=1.5357991 L3=48.198259
269518 0.25 26.4541 F=0.0040998967 L1=3.9967991 L2=0.096867596 L3=0.38773484
201040 52.2987 467.096 F=1.4188899e-15 L1=0.079370452 L2=0.070960786 L3=0.0056321897
7506 80.9287 68.135 F=0.0044912833 L1=0.076799502 L2=0.074075477 L3=0.0057520452
inf 88.3849 345.769 F=9.7913197e-12 L1=0.075592338 L2=0.071154324 L3=0.0053787217
117727 68.7432 0.0864884 F=0.9926444 L1=0.085125121 L2=0.085123407 L3=0.012687089
37 31.8206 0.00214576 F=0.99980546 L1=0.090665321 L2=0.0906651 L3=0.012814234
34051 100 0.000313779 F=0.99997326 L1=0.085209146 L2=0.085209144 L3=0.013580077
109531 70.3515 64 F=0.0058878994 L1=0.07812323 L2=0.074868029 L3=0.0059355143
41 0.103571 47.5271 F=0.00045478488 L1=9.6283338 L2=0.061117683 L3=0.58858944 acc=2.0e-65
8206 117.796 1 F=0.9211636 L1=0.079455283 L2=0.07944397 L3=0.011065429
5493 16 0.273278 F=0.97433322 L1=0.095556661 L2=0.095096345 L3=0.0079407489
inf 1.01821 93.6577 F=6.355118e-5 L1=0.96453096 L2=0.075122554 L3=0.072511415
inf 1.99335 37.0391 F=0.01028858 L1=0.49812098 L2=0.089531574 L3=0.045057381
38 84.654 2.999 F=0.78311996 L1=0.077098517 L2=0.077027919 L3=0.0072190712
45172 91.8571 321.322 F=5.6936195e-11 L1=0.075366743 L2=0.071196482 L3=0.0053658469
727324 2.97344 0.107672 F=0.96372113 L1=0.34964891 L2=0.33722825 L3=0.11512463
94 1747.68 710.428 F=1.3233646e-21 L1=0.068597954 L2=0.068597954 L3=0.0047037571
inf 0.00141078 0.000406771 F=0.77617703 L1=708.89592 L2=550.25852 L3=390076.06
39386 64 3.001 F=0.78747947 L1=0.075581241 L2=0.075399761 L3=0.0072971532 acc=2.6e-62
323 0.420853 61.7795 F=0.00036011631 L1=2.3579383 L2=0.076105422 L3=0.17961131
41 2158.16 0.102887 F=0.99098471 L1=0.087625217 L2=0.087625217 L3=0.015266475
284837 0.25 63.99 F=0.00016224952 L1=3.9827218 L2=0.078559825 L3=0.31304531
79343 8 0.056033 F=0.99245513 L1=0.13572214 L2=0.13500452 L3=0.011236002
6099 166.646 31.5692 F=0.082257887 L1=0.081774359 L2=0.081327428 L3=0.0070188549
720899 0.0320638 4.38767 F=0.0068063588 L1=31.20417 L2=0.23087853 L3=7.207232
1809 28.1962 0.243664 F=0.97891906 L1=0.087191469 L2=0.087144806 L3=0.0098099318
38 2.4198 0.133186 F=0.9454685 L1=0.43249916 L2=0.40976171 L3=0.17884725
78 3.001 0.115152 F=0.96154794 L1=0.34723996 L2=0.33421844 L3=0.11396055
79770 100 515 F=6.2946787e-17 L1=0.074940101 L2=0.070804941 L3=0.0053061294 acc=1.7e-63
600672 64 188.937 F=6.4160472e-7 L1=0.07768727 L2=0.071983397 L3=0.0055921956
105 0.00344797 0.0155019 F=0.18176401 L1=290.09225 L2=52.837019 L3=15327.657
37 40 512 F=2.1010891e-15 L1=0.074707644 L2=0.068046904 L3=0.0050798103
1060 2.81037 398.405 F=5.2927259e-14 L1=0.34198857 L2=0.070571649 L3=0.024136901
37 69.3237 16 F=0.27094202 L1=0.081724384 L2=0.080888691 L3=0.0080983644
154 0.0037761 0.177621 F=0.020595189 L1=264.88346 L2=5.5666425 L3=1474.5493
156 8 26.3189 F=0.069681362 L1=0.14562967 L2=0.09008669 L3=0.013711307
5619 2.12838 0.00579115 F=0.99716858 L1=0.4902805 L2=0.48894094 L3=0.24190077
40 0.0235754 20.1475 F=0.00072538219 L1=42.41177 L2=0.093388858 L3=3.9623409
41 2.67571 6.26641 F=0.27339297 L1=0.38494511 L2=0.13416383 L3=0.052924546 acc=7.1e-63
185596 0.803473 1.13616 F=0.40222825 L1=1.2724806 L2=0.53092462 L3=0.68344442
1338 2.40581 20.699 F=0.056343812 L1=0.42096318 L2=0.099566162 L3=0.042259149
53 0.0273486 0.1 F=0.21339437 L1=36.628016 L2=7.9121504 L3=289.84775
50 106.711 4 F=0.72947099 L1=0.074553115 L2=0.074484058 L3=0.00588357
190119 2.31749 16 F=0.087832772 L1=0.43746514 L2=0.10114983 L3=0.044197529
576412 0.625888 39.8512 F=0.0028671242 L1=1.5884563 L2=0.08799961 L3=0.14022744
1189 86.6462 0.0947672 F=0.99196222 L1=0.08487427 L2=0.084873086 L3=0.013161854
204618 82.4218 0.0992189 F=0.99159221 L1=0.084808151 L2=0.084806774 L3=0.012990673
100 117.744 0.128864 F=0.98898417 L1=0.085508766 L2=0.085507967 L3=0.014192742
2316 0.18204 0.000527222 F=0.99708053 L1=5.5534903 L2=5.5376089 L3=30.793387 acc=8.4e-66
156665 0.0616461 0.129449 F=0.32012105 L1=16.280653 L2=5.2878343 L3=86.12727
37 1.09342 29.9809 F=0.013871164 L1=0.89576268 L2=0.069188612 L3=0.063001959
35392 0.321677 0.000362682 F=0.99885364 L1=3.1643489 L2=3.1608366 L3=10.037326
616 50.7001 0.01 F=0.99913803 L1=0.086210516 L2=0.08621017 L3=0.012278599
7339 1.57159 60.6775 F=0.0011760708 L1=0.62385405 L2=0.079106359 L3=0.049527394
1332 2.18516 0.000137401 F=0.99993439 L1=0.47750169 L2=0.47747143 L3=0.22973069
inf 63.99 64 F=0.0057561528 L1=0.078816707 L2=0.075064345 L3=0.0060029953
329 279.092 40.6325 F=0.043768891 L1=0.074129006 L2=0.073926903 L3=0.0058051846
424604 92.9646 0.174818 F=0.98529517 L1=0.084217742 L2=0.084215721 L3=0.012970743
64 0.00183927 0.1 F=0.017945192 L1=543.75698 L2=9.8795798 L3=5372.1327 acc=3.3e-64
263277 124.947 0.0801714 F=0.99322675 L1=0.084510127 L2=0.084509654 L3=0.013626649
1205 1.82851 0.137151 F=0.92730013 L1=0.57039657 L2=0.53057478 L3=0.30726208
inf 0.145423 0.16363 F=0.4662755 L1=6.9318061 L2=3.286059 L3=22.81195
37 2.17107 12.6501 F=0.11437766 L1=0.46631286 L2=0.10579314 L3=0.049183709
37 11.2785 32.884 F=0.057320692 L1=0.097091514 L2=0.062401968 L3=0.0065795105
64 71.836 58.0087 F=0.015700477 L1=0.065980753 L2=0.06350127 L3=0.0041357995
inf 0.00370597 8.36 F=0.00039886609 L1=269.84228 L2=0.13239852 L3=35.731525
183874 0.511029 511.9 F=2.834259e-18 L1=1.9334787 L2=0.070961138 L3=0.13720364
26561 2.3049 2.999 F=0.41906772 L1=0.44819607 L2=0.19955121 L3=0.090840809
inf 0.25 0.220829 F=0.5250385 L1=4.0506658 L2=2.1685921 L3=8.8127636 acc=2.2e-61
64 0.00206526 65.0306 F=2.3246679e-6 L1=484.17607 L2=0.066300565 L3=32.101215
inf 0.0291924 511.9 F=1.6915369e-19 L1=34.230482 L2=0.070965229 L3=2.4291759
230785 126.839 64.6827 F=0.0062793713 L1=0.074975938 L2=0.073689639 L3=0.0056074503
6924 3.001 3.001 F=0.48277761 L1=0.34677946 L2=0.17971277 L3=0.062999226
86 0.001 0.0001 F=0.90908475 L1=1000.0678 L2=909.15869 L3=909220.37
inf 0.0403295 20.7169 F=0.0011881545 L1=24.795263 L2=0.09982443 L3=2.4756727
667204 500 0.0269914 F=0.99772393 L1=0.084319533 L2=0.084319523 L3=0.014674653
inf 1.5 21.6425 F=0.03488566 L1=0.66912037 L2=0.099452859 L3=0.066963269
inf 0.001 6.98311 F=0.00013136651 L1=1000.0117 L2=0.15639444 L3=156.39806
230202 64 135.382 F=3.0715983e-5 L1=0.077687919 L2=0.072519812 L3=0.0056341508 acc=1.8e-63
inf 0.0660014 0.0362016 F=0.64432122 L1=15.213832 L2=9.8458231 L3=149.83544
inf 84.6332 0.00480141 F=0.99959029 L1=0.085335081 L2=0.085335023 L3=0.013295481
947 119.204 64.01 F=0.0068346839 L1=0.074319953 L2=0.072907774 L3=0.0054948579
14709 1139.74 0.000578149 F=0.99995118 L1=0.084433536 L2=0.084433536 L3=0.014946044
125 77.178 2.07338 F=0.84504735 L1=0.077190929 L2=0.077118794 L3=0.0087711813
7238 0.01 30.451 F=0.00011471347 L1=99.993877 L2=0.094185727 L3=9.4185716
4221 52.45 20.3781 F=0.1892286 L1=0.09036536 L2=0.087978619 L3=0.0078188693
301958 500 0.227042 F=0.98118073 L1=0.082852867 L2=0.082852774 L3=0.013967714
546815 74.988 15.999 F=0.28664461 L1=0.085884762 L2=0.084863314 L3=0.0065587293
680 0.265087 120.575 F=2.712116e-6 L1=3.7504207 L2=0.072873887 L3=0.27333941 acc=1.9e-64
54 0.118033 0.00986072 F=0.92231874 L1=8.5359578 L2=7.8824036 L3=67.32686
118099 2.37494 0.000151199 F=0.99993364 L1=0.4389297 L2=0.43890143 L3=0.19286107
53 3 1.34533 F=0.67916886 L1=0.34790292 L2=0.24111699 L3=0.084731189
253 50.9165 0.288835 F=0.97551228 L1=0.085154266 L2=0.085142055 L3=0.011874897
100 2.7096 0.0193682 F=0.99260276 L1=0.38474915 L2=0.38197739 L3=0.14571257
26657 19.424 0.142688 F=0.98709074 L1=0.091122089 L2=0.091004793 L3=0.0083039532
108666 1.46771 0.141578 F=0.90845386 L1=0.70950026 L2=0.64746876 L3=0.46772669
43 94.045 0.44891 F=0.96173409 L1=0.085433709 L2=0.085429512 L3=0.01352903
inf 11.734 0.000385882 F=0.99995873 L1=0.10696305 L2=0.10696138 L3=0.006827757
747 3 60.1458 F=0.0021585587 L1=0.32576555 L2=0.077960387 L3=0.025556886 acc=3.5e-63
1595 500 11.6735 F=0.43109361 L1=0.075682162 L2=0.075663393 L3=0.0043384263
68 71.4405 15.999 F=0.27904934 L1=0.083795778 L2=0.082795239 L3=0.0073293779
inf 1.33506 3.001 F=0.29527776 L1=0.76551132 L2=0.23885869 L3=0.18550886
inf 0.001 47.6881 F=2.484503e-6 L1=999.98596 L2=0.083880065 L3=83.879225
inf 1.24904 40 F=0.005318389 L1=0.79319419 L2=0.087805753 L3=0.070079362
458 3.001 57.5159 F=0.0027323397 L1=0.3255224 L2=0.077776315 L3=0.025493938
inf 1 0.870021 F=0.5227108 L1=1.0279918 L2=0.55252903 L3=0.57592508
54772 0.0222176 0.0700772 F=0.23966344 L1=45.072155 L2=10.895113 L3=491.10869
40 1 0.0218519 F=0.97776115 L1=1.0399935 L2=1.0181477 L3=1.0772359
inf 1.5 42.7358 F=0.0049163686 L1=0.65896282 L2=0.086178554 L3=0.057178146 acc=3.6e-63
inf 0.0338733 64.01 F=2.2406855e-5 L1=29.503916 L2=0.07856933 L3=2.318268
46 64 0.114235 F=0.9899717 L1=0.087859285 L2=0.087856989 L3=0.014138644
inf 48.9752 21.1334 F=0.17544156 L1=0.09120838 L2=0.088446686 L3=0.0079923673
14308 165.479 1 F=0.92152215 L1=0.078908914 L2=0.078903175 L3=0.011250791
582754 1.77175 3.001 F=0.35710332 L1=0.5797651 L2=0.21899741 L3=0.12902042
50 41.4746 3.001 F=0.7786464 L1=0.080237133 L2=0.079834338 L3=0.0073211643
93247 0.00196502 0.0761898 F=0.025021378 L1=508.96329 L2=12.855577 L3=6543.0594
6574 0.0146924 0.1 F=0.1273095 L1=68.124027 L2=8.7772818 L3=597.98486
45364 45.4848 0.0750049 F=0.99356353 L1=0.085930992 L2=0.085927547 L3=0.01167657
100 0.25 63.99 F=0.00024017912 L1=3.9776241 L2=0.070118378 L3=0.27900796 acc=1.5e-64
inf 12.3626 0.000104448 F=0.99998909 L1=0.10443084 L2=0.10443045 L3=0.0068123274
inf 0.001 0.00378392 F=0.20898121 L1=1000.0664 L2=209.10008 L3=209114.02
2971 0.799475 4 F=0.15783129 L1=1.2661333 L2=0.2156288 L3=0.27542514
503 2365.27 0.235227 F=0.98048551 L1=0.082891221 L2=0.08289122 L3=0.01423895
860 500 0.170245 F=0.9857959 L1=0.083398154 L2=0.083398089 L3=0.014260556
1668 1.5 0.000855106 F=0.99940551 L1=0.69561812 L2=0.69522459 L3=0.49278508
64 0.00370784 1265.6 F=1.3991367e-41 L1=269.67309 L2=0.069207669 L3=18.663445
37 48.7013 0.000255925 F=0.99997704 L1=0.089719168 L2=0.08971916 L3=0.014278946
inf 0.0669766 0.0736154 F=0.47424426 L1=14.991637 L2=7.1713359 L3=107.55066
174558 64 11.1838 F=0.42284995 L1=0.081558425 L2=0.080607929 L3=0.0050910386 acc=9.0e-64
inf 62.7844 14.1657 F=0.33014696 L1=0.085520298 L2=0.084268113 L3=0.0061656662
160046 0.001 15.999 F=4.7564564e-5 L1=1000.0013 L2=0.10152914 L3=101.52948
52 0.186302 2.999 F=0.055278873 L1=5.3881871 L2=0.31784643 L3=1.7177346
64 79.3948 0.000108983 F=0.99999046 L1=0.087518311 L2=0.08751831 L3=0.014510331
8927 0.309057 0.01 F=0.96811804 L1=3.2913491 L2=3.1896252 L3=10.533481
38 24.3349 3 F=0.76773864 L1=0.087048278 L2=0.085685391 L3=0.0076362549
7558 0.25 0.0299878 F=0.89137385 L1=4.056827 L2=3.6274626 L3=14.752346
152650 2905.9 0.000324646 F=0.99997261 L1=0.084382643 L2=0.084382643 L3=0.015021154
50 92.2558 0.212062 F=0.98166396 L1=0.086536514 L2=0.086534558 L3=0.014216376
50 2.70862 0.000143958 F=0.99994449 L1=0.38560932 L2=0.38558854 L3=0.14798419 acc=3.0e-69
3296 1.12846 511.9 F=6.6081791e-18 L1=0.86504838 L2=0.070743474 L3=0.061198199
70225 16 60.565 F=0.0048759003 L1=0.10124981 L2=0.078051889 L3=0.008017254
1330 204.722 0.13974 F=0.98827955 L1=0.083879144 L2=0.083878824 L3=0.013939839
498447 0.25 0.1 F=0.7103977 L1=4.0543831 L2=2.9085393 L3=11.825502
inf 84.1283 64.01 F=0.0061155668 L1=0.076997966 L2=0.074524323 L3=0.0058248303
23181 0.00772213 0.278419 F=0.026569002 L1=129.55325 L2=3.5418905 L3=458.89628
38 0.0121352 0.00990443 F=0.55023544 L1=82.473189 L2=45.440787 L3=3747.6942
18798 0.463899 41.1526 F=0.0019278056 L1=2.1453034 L2=0.087188667 L3=0.18747334
inf 0.22673 169.001 F=5.8895381e-8 L1=4.3880498 L2=0.072852293 L3=0.31969589
311046 500 0.0302097 F=0.99745325 L1=0.084295412 L2=0.084295401 L3=0.014663147 acc=3.7e-65
100 113.183 29.6013 F=0.099715003 L1=0.074460408 L2=0.073713939 L3=0.0061329798
319048 0.0405064 2.999 F=0.012576431 L1=24.709041 L2=0.33343513 L3=8.2438074
65 64.01 0.101648 F=0.99115511 L1=0.087085694 L2=0.087083512 L3=0.013750668
11719 71.6473 0.0015761 F=0.99986516 L1=0.085551223 L2=0.085551196 L3=0.012996511
100 1.76546 0.921646 F=0.64559458 L1=0.58772767 L2=0.38633956 L3=0.23098008
125 4.16571 0.000351276 F=0.99991279 L1=0.24828325 L2=0.24826209 L3=0.055422682
772 0.00577162 280.474 F=6.3381208e-13 L1=173.23673 L2=0.070831303 L3=12.27059
13071 1.5 173.92 F=2.442689e-7 L1=0.64877191 L2=0.072716175 L3=0.047189767
214166 1.561 0.136755 F=0.91613492 L1=0.66749647 L2=0.61397084 L3=0.41712937
38 2.11526 0.110105 F=0.94823861 L1=0.49500375 L2=0.4704331 L3=0.23656355 acc=2.6e-63
155 45.417 0.0901936 F=0.99219606 L1=0.086651815 L2=0.086647638 L3=0.012209663
1685 16 0.00140295 F=0.99986642 L1=0.095222008 L2=0.095219675 L3=0.0074325277
3415 691.957 0.055504 F=0.99533187 L1=0.084088886 L2=0.084088875 L3=0.014679589
53 104.301 15.999 F=0.28227132 L1=0.081346161 L2=0.08095636 L3=0.007332882
40016 1.72743 1 F=0.62180503 L1=0.5998617 L2=0.38019733 L3=0.23158894
70 0.771146 63.99 F=0.00082691065 L1=1.2739843 L2=0.067195792 L3=0.085675744
1139 0.117538 15.999 F=0.0055211302 L1=8.509252 L2=0.10157259 L3=0.86453158
13130 0.001 0.554435 F=0.0017527254 L1=1000.0478 L2=1.8348056 L3=1834.9173
41 101.056 512.1 F=2.2092041e-15 L1=0.06915108 L2=0.068047352 L3=0.0047017369
16401 0.751287 0.24602 F=0.74619864 L1=1.3699426 L2=1.0366135 L3=1.4374127 acc=6.3e-62
100 63.99 16.2775 F=0.27258486 L1=0.085337585 L2=0.084010517 L3=0.0072296018
12740 0.212844 35.8082 F=0.0014580725 L1=4.6897459 L2=0.090572726 L3=0.42527248
68874 0.162702 0.835131 F=0.15782877 L1=6.1854777 L2=1.0262129 L3=6.3636977
671 1.58609 0.0119474 F=0.99219707 L1=0.65807207 L2=0.6531774 L3=0.43782011
64 116.74 0.000125388 F=0.99998906 L1=0.087228459 L2=0.087228459 L3=0.015014986
132958 64.01 0.01 F=0.99914369 L1=0.085641098 L2=0.085640884 L3=0.012723022
521338 86.5094 63.5618 F=0.0063602855 L1=0.076875943 L2=0.074517917 L3=0.0058180299
773558 0.0303442 0.00359606 F=0.89383718 L1=33.020625 L2=29.528797 L3=975.10554
inf 500 700 F=2.3723489e-22 L1=0.070997996 L2=0.070417014 L3=0.0049994669
121646 60.2438 64 F=0.0056742032 L1=0.079278927 L2=0.075176386 L3=0.0060464942 acc=2.2e-63
22901 1.52348 0.075831 F=0.95059104 L1=0.68428712 L2=0.65202799 L3=0.45436295
3240 3.55817 0.00126347 F=0.99963263 L1=0.29087314 L2=0.29076782 L3=0.079193118
596 25.3815 0.163115 F=0.98569808 L1=0.088192142 L2=0.088146822 L3=0.0095243881
339 1209.85 0.00325936 F=0.99972349 L1=0.084833677 L2=0.084833677 L3=0.015120837
64 1.23566 20.9433 F=0.03144464 L1=0.80714907 L2=0.094325605 L3=0.077250885
inf 0.504933 1.06345 F=0.31173918 L1=2.0121673 L2=0.65512768 L3=1.328575
64 1.30067 512 F=1.4259456e-16 L1=0.74656631 L2=0.068043653 L3=0.050797013
28689 0.0165959 27.3554 F=0.00025540214 L1=60.251575 L2=0.096297483 L3=5.802662
126 52.1529 117.608 F=0.00019394398 L1=0.074187349 L2=0.068038945 L3=0.0050418628
128 1.94461 0.001 F=0.99946281 L1=0.53747378 L2=0.53719695 L3=0.29307441 acc=2.8e-67
100 16 150.906 F=1.5234804e-5 L1=0.093630983 L2=0.067379345 L3=0.0063027802
50 4.51629 43.9696 F=0.015641991 L1=0.21010405 L2=0.065005759 L3=0.0138094
100 0.5 64 F=0.0004690872 L1=1.9782817 L2=0.070118328 L3=0.13881414
11198 2.41179 52.3057 F=0.0032706459 L1=0.40717653 L2=0.081588872 L3=0.033473169
64 0.0393549 3.32127 F=0.011030389 L1=25.429523 L2=0.30066073 L3=7.6503526
92 0.00450653 6.27595 F=0.00066494655 L1=221.91259 L2=0.16961213 L3=37.640234
312226 112.681 511.9 F=8.2029478e-17 L1=0.074395181 L2=0.070799419 L3=0.0052671356
245 8 0.0311316 F=0.99579043 L1=0.13581289 L2=0.13541317 L3=0.011450312
3794 0.0599455 0.00181679 F=0.97047058 L1=16.746226 L2=16.25545 L3=272.26252
72381 59.1986 0.0154134 F=0.99867892 L1=0.085726605 L2=0.085726216 L3=0.012525371 acc=6.6e-66
11528 88.0032 1 F=0.9207515 L1=0.080089879 L2=0.080069637 L3=0.010845566
301 1.59384 0.269264 F=0.84975791 L1=0.6532069 L2=0.5591188 L3=0.3716185
inf 63.8196 0.00524624 F=0.99955058 L1=0.085669881 L2=0.085669768 L3=0.012727133
9270 0.0179691 45.2939 F=5.4680291e-5 L1=55.637858 L2=0.084919155 L3=4.7250907
218 76.3387 62.8305 F=0.0078955841 L1=0.073644092 L2=0.070851923 L3=0.0052656199
inf 88.6564 67.6438 F=0.0047200197 L1=0.076424686 L2=0.074068845 L3=0.0057272418
50 0.452764 804.577 F=1.5368294e-25 L1=2.1839147 L2=0.068752027 L3=0.15014775
312 0.25 135.497 F=1.0171938e-6 L1=3.976867 L2=0.071293339 L3=0.28354845
368005 0.102119 512.1 F=5.7991955e-19 L1=9.7676722 L2=0.07096282 L3=0.69314343
35435 1.5 43.5909 F=0.0045705335 L1=0.65861411 L2=0.085680691 L3=0.056807915 acc=3.6e-63
inf 2.73107 242.157 F=2.8362487e-9 L1=0.35301758 L2=0.072010613 L3=0.02542715
414 64.01 512.1 F=1.4475122e-16 L1=0.07613483 L2=0.069436169 L3=0.0052860598
503 0.67559 308.672 F=1.0941572e-11 L1=1.4571708 L2=0.070248444 L3=0.10236845
100 0.566976 0.232708 F=0.70183106 L1=1.8074786 L2=1.2889461 L3=2.3512315
90338 1 0.15626 F=0.86009684 L1=1.0356403 L2=0.89754878 L3=0.94423799
39246 8.36353 531.996 F=6.1622454e-18 L1=0.13237378 L2=0.070904977 L3=0.0093865315
443 0.0509143 36.3902 F=0.00034435275 L1=19.630268 L2=0.087881666 L3=1.7256687
41 1.6501 23.0641 F=0.033498172 L1=0.59874673 L2=0.08505684 L3=0.052444965
6380 96.6945 3.001 F=0.79058254 L1=0.073618798 L2=0.073537971 L3=0.0072681639
50 3 515 F=3.2993505e-16 L1=0.31785751 L2=0.068050884 L3=0.021628066 acc=3.2e-63
inf 97.6513 0.000127236 F=0.99998916 L1=0.08522732 L2=0.085227319 L3=0.013542048
41 1.23517 240.079 F=2.2288872e-8 L1=0.7858943 L2=0.065888587 L3=0.051773245
41 65.161 27.4021 F=0.11873143 L1=0.065728727 L2=0.064158672 L3=0.0053122921
375 0.00978366 0.0801362 F=0.10825366 L1=102.27417 L2=11.181179 L3=1143.5882
50 1625.01 0.246121 F=0.97887452 L1=0.085837988 L2=0.085837988 L3=0.014580501
674757 76.652 38.7751 F=0.041949091 L1=0.082753661 L2=0.080686489 L3=0.0070257347
826 2.77986 47.0277 F=0.0057962853 L1=0.35435573 L2=0.082444759 L3=0.029524692
90 0.00151332 0.01 F=0.13135237 L1=660.86606 L2=86.92279 L3=57444.369
774 0.25 1.71647 F=0.12148168 L1=4.0283168 L2=0.51918828 L3=2.0995768
1533 355.976 26.4836 F=0.12967575 L1=0.08145989 L2=0.081370438 L3=0.0069160321 acc=1.8e-63
inf 64 0.108247 F=0.9907979 L1=0.0851184 L2=0.085115875 L3=0.012483157
37 1.95168 0.00060219 F=0.99967668 L1=0.53707226 L2=0.5369066 L3=0.29373626
224180 107.186 512 F=7.9848991e-17 L1=0.074617515 L2=0.070805474 L3=0.0052833285
845862 127.728 0.0196769 F=0.99832974 L1=0.084890223 L2=0.084890118 L3=0.013839285
38617 467.119 53.7015 F=0.015990394 L1=0.073462808 L2=0.073356586 L3=0.0055610579
37 0.25 0.136413 F=0.6420534 L1=4.0556868 L2=2.6395948 L3=10.738221
19026 126.025 19.5857 F=0.21918401 L1=0.084893394 L2=0.084415202 L3=0.0069377949
382467 0.696558 0.01 F=0.98540426 L1=1.4805426 L2=1.4599748 L3=2.1856289
1558 0.273436 64.01 F=0.00018144325 L1=3.6395805 L2=0.077944029 L3=0.28384304
931 0.717134 512 F=5.7081112e-18 L1=1.3713811 L2=0.070232877 L3=0.096317696 acc=1.6e-63
275191 1.07685 0.982536 F=0.51055705 L1=0.95502281 L2=0.50161201 L3=0.4859373
50 0.00481215 550.521 F=6.1547101e-20 L1=207.78089 L2=0.068172432 L3=14.164927
inf 100 0.204489 F=0.98285433 L1=0.083954377 L2=0.083952289 L3=0.012987661
244 0.221334 0.0202581 F=0.91506176 L1=4.5765369 L2=4.1970298 L3=19.245868
inf 3.001 0.00143021 F=0.99950531 L1=0.34605714 L2=0.34588905 L3=0.116305
42896 119.765 37.9368 F=0.047677285 L1=0.080727192 L2=0.079778275 L3=0.0067963402
840 0.001 511.9 F=8.9271084e-21 L1=999.97437 L2=0.070162439 L3=70.160643
242591 0.01 581.474 F=4.1890583e-22 L1=99.974775 L2=0.070847865 L3=7.0830008
99050 0.0438332 19.4895 F=0.0014596107 L1=22.813871 L2=0.10030358 L3=2.2887659
84262 64 25.1519 F=0.12785567 L1=0.088581627 L2=0.086565148 L3=0.0078682801 acc=1.8e-63
447 53.2154 0.240396 F=0.97961887 L1=0.085081373 L2=0.085072371 L3=0.011952135
893907 4.05259 6.25329 F=0.35420505 L1=0.25811877 L2=0.11918919 L3=0.033172808
191887 43.8456 64.2588 F=0.0051134593 L1=0.082238562 L2=0.075768305 L3=0.0063161153
9835 2016.37 0.0001 F=0.99999156 L1=0.084409418 L2=0.084409418 L3=0.01500839
336620 3 0.0896876 F=0.9698666 L1=0.34645548 L2=0.33622613 L3=0.11351198
246 2257.63 64.5577 F=0.0086715322 L1=0.068494588 L2=0.068494541 L3=0.0047363002
37 2.11817 1.13107 F=0.63979353 L1=0.4908894 L2=0.32008971 L3=0.16034137
892 500 700 F=4.0337557e-22 L1=0.070255864 L2=0.069709754 L3=0.0048974174
50 0.0340837 0.0157472 F=0.68326823 L1=29.406208 L2=20.133943 L3=592.10897
161 40 0.000151131 F=0.9999868 L1=0.087318223 L2=0.087318214 L3=0.011957697 acc=5.4e-70
107 0.0028343 515 F=1.3661488e-19 L1=352.79442 L2=0.068160143 L3=24.046517
70775 110.992 27.5663 F=0.11057993 L1=0.084751562 L2=0.083922511 L3=0.0074049364
136223 27.1358 0.00223561 F=0.99980359 L1=0.087862737 L2=0.087862289 L3=0.0097465199
61521 0.947078 68.3142 F=0.00041069273 L1=1.0401514 L2=0.077697457 L3=0.08094764
212 3.001 0.392299 F=0.88003714 L1=0.34728245 L2=0.30677103 L3=0.10497401
13416 114.248 8.36 F=0.53849253 L1=0.073985362 L2=0.073757011 L3=0.004041767
55 70.2802 40 F=0.051280907 L1=0.064336186 L2=0.062355913 L3=0.0041826739
83328 500 68.6327 F=0.0054441849 L1=0.071773145 L2=0.071656001 L3=0.0052047419
5876 2.06419 2.999 F=0.39277892 L1=0.49919496 L2=0.20780742 L3=0.10542477
880797 0.001 0.00510742 F=0.16367967 L1=1000.0664 L2=163.80139 L3=163812.31 acc=2.7e-62
146 2099.97 3.02527 F=0.79234823 L1=0.071295685 L2=0.071295685 L3=0.0071750303
6836 1375.1 0.0957117 F=0.99198642 L1=0.083695348 L2=0.083695344 L3=0.014621753
15329 124.43 0.0135213 F=0.99885132 L1=0.084957376 L2=0.0849573 L3=0.013834171
100 0.01 0.0182918 F=0.35302953 L1=100.06643 L2=35.411688 L3=3543.5677
769132 1.73513 0.000314175 F=0.99981099 L1=0.60170457 L2=0.60159583 L3=0.36813785
1822 9.74094 8.36 F=0.42063202 L1=0.12429731 L2=0.093850381 L3=0.010446113
38 51.8344 0.000231211 F=0.9999793 L1=0.089525244 L2=0.089525237 L3=0.014389659
38 0.25 796.965 F=2.1570326e-25 L1=3.9748029 L2=0.0687399 L3=0.27322674
38 2.00539 0.000185439 F=0.99990309 L1=0.52262571 L2=0.52257733 L3=0.27793599
50 100 0.000355228 F=0.99996875 L1=0.087963813 L2=0.087963811 L3=0.015110443 acc=5.7e-69
inf 55.5742 31.578 F=0.072151809 L1=0.087789236 L2=0.084760748 L3=0.0078048953
862318 40 0.0019737 F=0.99982924 L1=0.086518908 L2=0.086518794 L3=0.011375856
50 7.84762 36.7214 F=0.034674787 L1=0.12989177 L2=0.067324585 L3=0.0091155606
inf 0.5 0.021941 F=0.95691769 L1=2.0497321 L2=1.9650523 L3=4.0567345
1733 0.01 232.052 F=3.0356962e-11 L1=99.97578 L2=0.071675219 L3=7.1657949
1905 0.807159 1 F=0.43465674 L1=1.2678986 L2=0.57039014 L3=0.73177861
50 69.6437 25.3771 F=0.13473595 L1=0.071527067 L2=0.07010812 L3=0.0061790485
51480 51.1498 0.28489 F=0.9759716 L1=0.084733243 L2=0.084721311 L3=0.011585753
193 0.503859 0.080901 F=0.85827636 L1=2.0331461 L2=1.7564373 L3=3.5980683
139 0.0453075 0.1 F=0.30988424 L1=22.132801 L2=6.9399837 L3=153.64154 acc=9.7e-62
51 0.138679 22.4994 F=0.0034015847 L1=7.2037577 L2=0.090286162 L3=0.65173145
inf 64 0.0672657 F=0.99426442 L1=0.085334342 L2=0.085332825 L3=0.012582182
64 0.25 11.1843 F=0.01889727 L1=4.0011032 L2=0.10673411 L3=0.42651152
4818 0.00454157 511.9 F=2.8523938e-20 L1=220.16294 L2=0.070812316 L3=15.59025
154970 49.401 40.3408 F=0.034076116 L1=0.085689807 L2=0.081411721 L3=0.0073090406
20379 111.084 53.7607 F=0.013888467 L1=0.076820598 L2=0.07541206 L3=0.0059643812
inf 20.457 0.000128639 F=0.99998838 L1=0.090356598 L2=0.090356513 L3=0.0083978939
275 3.51719 3 F=0.52098371 L1=0.29753081 L2=0.16803011 L3=0.050249586
361738 101.748 0.194039 F=0.98372057 L1=0.083996833 L2=0.083994934 L3=0.013040075
823882 1.5 2.32034 F=0.37927627 L1=0.68451724 L2=0.27073523 L3=0.18828021 acc=7.1e-62
120 1.96254 0.1 F=0.94940081 L1=0.53219093 L2=0.50632638 L3=0.27340986
41 0.0011796 0.277819 F=0.0041597472 L1=847.80407 L2=3.6336398 L3=3080.6487
262 122.428 0.799428 F=0.93579336 L1=0.080697376 L2=0.080689812 L3=0.011788051
inf 1.5 0.262286 F=0.84539495 L1=0.69345546 L2=0.5907297 L3=0.41681216
13498 148.768 66.873 F=0.0054990765 L1=0.074173444 L2=0.073164727 L3=0.0054966622
20637 110.294 44.8766 F=0.027354703 L1=0.078832583 L2=0.077583891 L3=0.0063941134
9773 8.57052 0.0001 F=0.99998714 L1=0.12862866 L2=0.1286276 L3=0.0094585645
100 133.336 31.6032 F=0.087310129 L1=0.072655698 L2=0.07209416 L3=0.0058167524
160543 0.0375937 55.4145 F=4.9296655e-5 L1=26.584064 L2=0.080841278 L3=2.1493304
97 0.01 0.00947381 F=0.51318463 L1=100.06687 L2=51.417529 L3=5145.2384 acc=2.4e-61
2129 0.0201288 0.436929 F=0.043068549 L1=49.730346 L2=2.226898 L3=110.77138
50 0.879732 48.8746 F=0.0029952176 L1=1.1131334 L2=0.06427818 L3=0.071686532
40 0.069647 15.999 F=0.0032066199 L1=14.358412 L2=0.102742 L3=1.4762489
inf 0.25 64 F=0.00016209887 L1=3.9827222 L2=0.078561093 L3=0.31305034
inf 63.99 3.17127 F=0.77745548 L1=0.075323115 L2=0.075126955 L3=0.0070877417
93250 0.0548892 54.2778 F=7.8798932e-5 L1=18.202696 L2=0.081214902 L3=1.4785831
533 0.906264 0.01 F=0.98868911 L1=1.1435923 L2=1.1313279 L3=1.3131235
58564 1.62152 25.0384 F=0.026668415 L1=0.61793802 L2=0.097622013 L3=0.060819564
19455 8 0.0943116 F=0.98734339 L1=0.13599214 L2=0.13479144 L3=0.011436816
88 0.993804 3.78449 F=0.1977382 L1=1.0211606 L2=0.21631251 L3=0.22340107 acc=4.5e-62
50 2.07612 8.87084 F=0.16571996 L1=0.48539049 L2=0.10955057 L3=0.055085435
100 41.7109 0.00258707 F=0.99977311 L1=0.087704551 L2=0.087704417 L3=0.012438767
326 3.001 3 F=0.48287635 L1=0.34666217 L2=0.17961259 L3=0.062977838
41 64 0.000343104 F=0.99996947 L1=0.088981865 L2=0.088981859 L3=0.014721921
3439 1.5 0.201232 F=0.87700674 L1=0.69392588 L2=0.61226622 L3=0.43243467
inf 64 2.72413 F=0.80415057 L1=0.07606181 L2=0.075903529 L3=0.0076581363
63 1 64 F=0.0011110422 L1=0.97723256 L2=0.066213144 L3=0.064761549
6907 2.56065 61.1183 F=0.0016941903 L1=0.38181428 L2=0.078925887 L3=0.030299766
146280 3.02359 65.6137 F=0.0013428827 L1=0.32336681 L2=0.07808803 L3=0.025381794
77 2.35686 1 F=0.69161059 L1=0.4417889 L2=0.31014123 L3=0.13887691 acc=9.3e-62
17898 0.00474958 0.000151379 F=0.96910262 L1=210.61146 L2=204.10822 L3=42987.579
1461 1.00198 6.13629 F=0.13003692 L1=1.0098715 L2=0.15522512 L3=0.15785526
106373 122.292 8.36 F=0.53944717 L1=0.073698948 L2=0.07349871 L3=0.0040046123
190047 369.451 0.00124935 F=0.99989434 L1=0.084575567 L2=0.084575566 L3=0.014662754
90583 64.01 3 F=0.78754261 L1=0.075581162 L2=0.075399824 L3=0.0072984393
38 1.5 18.794 F=0.045345933 L1=0.66520177 L2=0.094974731 L3=0.064733821
126634 519.877 67.102 F=0.0060879889 L1=0.071838861 L2=0.071732222 L3=0.0052223492
inf 88.5779 66.9111 F=0.0049824646 L1=0.076479671 L2=0.074135853 L3=0.0057401171
22401 100 0.000156283 F=0.99998668 L1=0.085212074 L2=0.085212073 L3=0.01358204
111 0.14686 0.185397 F=0.43746049 L1=6.8645476 L2=3.0595692 L3=21.035624 acc=2.0e-61
360547 0.0159873 3.75 F=0.0039925873 L1=62.567989 L2=0.26939259 L3=16.859078
inf 2018.89 25.3106 F=0.14613143 L1=0.081117581 L2=0.081114757 L3=0.0067869311
440191 227.425 64.01 F=0.0071306067 L1=0.073312868 L2=0.072845605 L3=0.0054271072
41 3 0.20695 F=0.93273771 L1=0.34822905 L2=0.32550509 L3=0.11229098
118 0.00342224 8.43262 F=0.0003650417 L1=292.21355 L2=0.13186884 L3=38.538641
693588 0.001 0.163343 F=0.006025298 L1=1000.0596 L2=6.1391591 L3=6139.5636
635948 2.99488 0.206036 F=0.93321278 L1=0.34737212 L2=0.32469958 L3=0.11032274
inf 9.02779 482.346 F=2.1501606e-16 L1=0.1264141 L2=0.071016452 L3=0.0089781003
709557 16 0.0001 F=0.99999048 L1=0.095155849 L2=0.095155683 L3=0.0073780881
64 2.07714 142.438 F=1.1880275e-5 L1=0.46098817 L2=0.06566926 L3=0.030275161 acc=3.0e-63
115927 2.68384 4.06145 F=0.37859713 L1=0.38557567 L2=0.16331187 L3=0.063593776
25235 1.0716 29.7644 F=0.011802068 L1=0.930263 L2=0.094608672 L3=0.088553381
24699 521.582 64 F=0.0076201386 L1=0.072046222 L2=0.071944757 L3=0.0052696253
169 8 0.133264 F=0.98212785 L1=0.13660647 L2=0.13492338 L3=0.0120977
356 78.2955 0.0111349 F=0.99904539 L1=0.085738158 L2=0.085738 L3=0.013402872
64 64 758.686 F=5.6244375e-23 L1=0.073117084 L2=0.068682064 L3=0.0050200966
177407 0.0537043 512 F=3.0892136e-19 L1=18.595532 L2=0.070960818 L3=1.319556
inf 64 1 F=0.92014483 L1=0.081027411 L2=0.080989215 L3=0.010522912
497 0.0331995 113.815 F=5.9351028e-7 L1=30.098263 L2=0.072716208 L3=2.1886678
1011 1.51295 49.4666 F=0.0028786052 L1=0.6502921 L2=0.081804933 L3=0.053488324 acc=3.4e-63
37 2.91729 53.6657 F=0.0074332757 L1=0.32183996 L2=0.059734017 L3=0.019188524
64 3.001 22.2445 F=0.05739827 L1=0.33425292 L2=0.091119815 L3=0.031555887
1234 0.0143631 61.3849 F=1.2075397e-5 L1=69.604805 L2=0.078367797 L3=5.4549556
40 100 1377.01 F=3.0978155e-41 L1=0.070361843 L2=0.069273791 L3=0.0048737042
124086 0.00380606 3.001 F=0.0011945824 L1=262.76058 L2=0.33711395 L3=88.585278
12851 64 5.2961 F=0.66405991 L1=0.074241663 L2=0.073848821 L3=0.0052022919
50 1088.08 0.204323 F=0.98239915 L1=0.086141823 L2=0.086141823 L3=0.014746327
78 16.9927 0.348452 F=0.96746707 L1=0.095163019 L2=0.094697418 L3=0.0090327044
37 0.510444 67.4822 F=0.00069332001 L1=1.9315705 L2=0.060818152 L3=0.11746597
100 1.5 42.252 F=0.0061615266 L1=0.65213403 L2=0.075460662 L3=0.049581822 acc=3.2e-63
216 0.393329 512.1 F=9.0276338e-18 L1=2.5172436 L2=0.068750765 L3=0.17306285
37 1.33962 0.644671 F=0.66384233 L1=0.77395631 L2=0.523922 L3=0.41340353
129 13.4562 64 F=0.0048246967 L1=0.10074103 L2=0.071152275 L3=0.0071918072
64 1.31544 0.278029 F=0.81876224 L1=0.79047061 L2=0.65372021 L3=0.52658322
41 0.11091 3.75 F=0.027049006 L1=9.0336933 L2=0.26167759 L3=2.3678725
156158 0.25 43.1931 F=0.00088821659 L1=3.9882638 L2=0.086115099 L3=0.34384904
1304 0.258254 60.3447 F=0.00022976584 L1=3.8550921 L2=0.078645532 L3=0.30337277
inf 1.28803 3.43436 F=0.26054047 L1=0.79190081 L2=0.22011528 L3=0.17666055
212354 16 54.5676 F=0.0078149588 L1=0.10209627 L2=0.07944894 L3=0.0082787405
inf 369.094 0.143306 F=0.98802682 L1=0.08353166 L2=0.083531558 L3=0.014160933 acc=8.2e-64
12168 55.0659 29.842 F=0.083568689 L1=0.088404688 L2=0.085451443 L3=0.0079000066
1211 63.99 0.0006592 F=0.99994344 L1=0.085795636 L2=0.085795622 L3=0.012824258
132793 1 512.1 F=5.2280842e-18 L1=0.97851116 L2=0.070959141 L3=0.069436012
5582 100.435 3 F=0.79086725 L1=0.073477685 L2=0.073402712 L3=0.0072677028
61977 0.383576 0.001 F=0.99734615 L1=2.6607734 L2=2.6539644 L3=7.0948664
50 96.7517 0.1315 F=0.98855808 L1=0.087045994 L2=0.087044985 L3=0.014567824
101628 23.7482 42.9791 F=0.022751586 L1=0.095147493 L2=0.082545188 L3=0.0081559225
85 64.01 0.0303027 F=0.99736298 L1=0.087044916 L2=0.087044284 L3=0.013702303
1415 1.37239 35.6956 F=0.0085402414 L1=0.72314185 L2=0.089781086 L3=0.065420534
93857 108.317 0.000126443 F=0.99998923 L1=0.085141912 L2=0.085141911 L3=0.013692858 acc=5.6e-70
68656 0.0694826 24.3381 F=0.0014261451 L1=14.389712 L2=0.098087079 L3=1.4120159
4043 0.25 0.0937157 F=0.72361926 L1=4.0546154 L2=2.9611833 L3=12.039909
41 2.44384 28.9808 F=0.029069339 L1=0.3959402 L2=0.072580953 L3=0.029800288
1656 0.00947989 0.164066 F=0.054089806 L1=105.54585 L2=5.8162314 L3=613.917
4809 8 0.0699081 F=0.99059744 L1=0.13583231 L2=0.13493897 L3=0.011324765
823661 2.999 0.849851 F=0.77136294 L1=0.34783074 L2=0.2710664 L3=0.093638714
74 6.62122 46.1569 F=0.014684585 L1=0.15190513 L2=0.06986086 L3=0.010770302
80907 0.218511 0.191598 F=0.52746222 L1=4.6287941 L2=2.4853271 L3=11.534476
41 6.78008 0.0640582 F=0.990044 L1=0.15702323 L2=0.15576108 L3=0.018645636
inf 2.46915 0.00209799 F=0.99911547 L1=0.42197746 L2=0.42161445 L3=0.17746967 acc=7.6e-67
55730 0.0556468 8.63233 F=0.0057445075 L1=17.976206 L2=0.12694734 L3=2.2869891
inf 61.2679 41.026 F=0.033653526 L1=0.083584709 L2=0.080495357 L3=0.0070534753
10659 273.741 21.3657 F=0.19565039 L1=0.082997242 L2=0.082877462 L3=0.0068313516
110 119.731 0.000108952 F=0.9999906 L1=0.086275996 L2=0.086275995 L3=0.01460514
566505 0.00621958 0.0303664 F=0.16966279 L1=160.84757 L2=27.396762 L3=4406.7481
25819 81.118 27.8234 F=0.10472786 L1=0.086276522 L2=0.084821732 L3=0.0076188734
41 40 2.999 F=0.77726704 L1=0.08098595 L2=0.08056251 L3=0.0073276035
397575 2237.05 43.9823 F=0.03405712 L1=0.074869969 L2=0.074865856 L3=0.0058947964
40 109.857 40 F=0.059194619 L1=0.057015214 L2=0.056490357 L3=0.0032577879
19256 0.300984 20.5581 F=0.0087768394 L1=3.3225116 L2=0.099897162 L3=0.33238353 acc=2.2e-64
inf 1 43.5672 F=0.0031993794 L1=0.99032305 L2=0.085804206 L3=0.085357906
108 64 515 F=4.9611477e-16 L1=0.073743731 L2=0.068159608 L3=0.0050233141
40 0.5 0.000204847 F=0.99957967 L1=2.0527523 L2=2.0519274 L3=4.2429701
inf 0.5 29.3414 F=0.0060626499 L1=1.9957617 L2=0.094997489 L3=0.19015452
inf 100.875 16 F=0.29244944 L1=0.084216646 L2=0.08362453 L3=0.0063134961
212810 8 2.999 F=0.68459111 L1=0.14409738 L2=0.11696402 L3=0.016597029
38 15.3205 0.178274 F=0.98249011 L1=0.099274991 L2=0.098946847 L3=0.0096383325
100 0.25 50.6189 F=0.00062105464 L1=3.9796733 L2=0.072365597 L3=0.28821625
inf 0.00622782 3.75 F=0.001559118 L1=160.58845 L2=0.27004286 L3=43.369503
945421 1.5 187.277 F=9.1649329e-8 L1=0.64864179 L2=0.072581508 L3=0.047091127 acc=3.2e-63
27066 2.55229 27.3527 F=0.030720642 L1=0.39498427 L2=0.096004938 L3=0.03840509
1071 98.9076 0.271922 F=0.97728684 L1=0.083673233 L2=0.083670253 L3=0.012861148
11395 961.276 80.0196 F=0.0025080223 L1=0.070762484 L2=0.070723541 L3=0.005029952
378020 1.02151 0.000888264 F=0.99909776 L1=1.0166225 L2=1.0157534 L3=1.0497245
159 96.0299 0.115603 F=0.99014405 L1=0.085303093 L2=0.085301933 L3=0.013716629
100 0.0151586 1.34097 F=0.010678137 L1=66.003967 L2=0.7528377 L3=49.70253
14274 2.82235 21.713 F=0.057489751 L1=0.36082505 L2=0.099264628 L3=0.036151717
55449 0.126221 2.999 F=0.038169174 L1=7.9437895 L2=0.32468026 L3=2.5839597
inf 61.0674 66.368 F=0.0047648342 L1=0.078989666 L2=0.074892875 L3=0.0059888357
27309 100 0.200268 F=0.98320191 L1=0.083983573 L2=0.083981535 L3=0.013002722 acc=1.4e-63
inf 2.74402 6.85963 F=0.2576566 L1=0.3740787 L2=0.1240755 L3=0.049511983
2214 0.498921 63.99 F=0.00032203707 L1=1.9875247 L2=0.07811841 L3=0.15542103
40 93.1823 0.000290415 F=0.99997422 L1=0.088752933 L2=0.088752931 L3=0.015310545
941 2.57568 0.01 F=0.99597243 L1=0.40436953 L2=0.40278268 L3=0.16182675
64 0.027485 0.000823485 F=0.97085658 L1=36.4507 L2=35.392282 L3=1290.1206
50 0.001 15.999 F=4.6615146e-5 L1=1000.0005 L2=0.10264054 L3=102.64145
88 2.86551 40 F=0.012675783 L1=0.33882014 L2=0.075052237 L3=0.025830342
48155 42.8758 3.001 F=0.78303626 L1=0.078424764 L2=0.078028543 L3=0.0073526341
9053 63.99 0.057803 F=0.99506703 L1=0.085398306 L2=0.085397013 L3=0.012615155
597 3.39579 729.391 F=6.7795982e-24 L1=0.28275899 L2=0.069672995 L3=0.019701086 acc=3.4e-63
44786 2.11373 0.190355 F=0.91400204 L1=0.49327732 L2=0.45229856 L3=0.22526328
127102 0.00818802 5.66501 F=0.0013431568 L1=122.1432 L2=0.18445553 L3=22.531576
603485 3 0.0001 F=0.99996538 L1=0.34617037 L2=0.3461586 L3=0.11643554
31604 64.01 12.5993 F=0.37674056 L1=0.083537243 L2=0.082461764 L3=0.0055900105
7684 1.5 51.5797 F=0.0023477607 L1=0.65596889 L2=0.081915346 L3=0.054003243
41 0.0049519 0.00158213 F=0.75778044 L1=202.01159 L2=153.11372 L3=30930.795
309 0.278391 0.001 F=0.9963637 L1=3.6493611 L2=3.6364724 L3=13.307732
403188 1.16231 2.999 F=0.26746548 L1=0.87736704 L2=0.24805376 L3=0.22055609
50 1.07462 0.00173285 F=0.99832373 L1=0.96891305 L2=0.96737939 L3=0.95439004
17973 0.00692967 0.228334 F=0.029068976 L1=144.36412 L2=4.3005893 L3=620.88578 acc=8.7e-64
87 98.8823 60.9119 F=0.012092687 L1=0.067113562 L2=0.065547412 L3=0.0043834104
inf 9.17846 0.0001 F=0.99998772 L1=0.12275677 L2=0.12275589 L3=0.0083501938
168081 0.670941 15.999 F=0.029850537 L1=1.4927206 L2=0.10142939 L3=0.15153966
38 0.150292 132.082 F=3.6330387e-6 L1=6.6257591 L2=0.063489772 L3=0.42065972
364806 2.83622 0.000167311 F=0.99993868 L1=0.3665526 L2=0.36653059 L3=0.13174329
494 2.82425 64.9585 F=0.0014625518 L1=0.34465879 L2=0.076373225 L3=0.026445851
937 0.850953 0.000926115 F=0.99887445 L1=1.216671 L2=1.2153721 L3=1.4994374
682649 1.90702 58.243 F=0.0016713013 L1=0.51371927 L2=0.079847052 L3=0.041214598
9398 30.8732 0.0771362 F=0.99329742 L1=0.087085913 L2=0.087076015 L3=0.010275685
100 0.492448 8.36 F=0.049931889 L1=2.0369306 L2=0.12729005 L3=0.26398361 acc=3.4e-63
215 0.017639 0.00318757 F=0.84676825 L1=56.75874 L2=48.081695 L3=2729.1034
222 2.64982 0.00784888 F=0.99692371 L1=0.39313859 L2=0.39195978 L3=0.1528079
100 0.25 805.679 F=2.933671e-26 L1=3.9743886 L2=0.068758353 L3=0.27327165
167548 100 0.888084 F=0.92924087 L1=0.080304737 L2=0.08029143 L3=0.011209411
58 0.001 88.7182 F=2.5397357e-7 L1=999.97325 L2=0.065235312 L3=65.233595
19218 6.60569 0.000506382 F=0.99991967 L1=0.15864138 L2=0.15863058 L3=0.017331724
inf 0.0192113 30.2716 F=0.00022378391 L1=52.046708 L2=0.094423734 L3=4.9150178
inf 67.0098 0.00114527 F=0.99990193 L1=0.085626948 L2=0.085626926 L3=0.012846983
inf 24.9232 0.0069806 F=0.99938318 L1=0.088384388 L2=0.088382396 L3=0.0093399821
38 27.8771 24.9948 F=0.12367944 L1=0.075917092 L2=0.068790087 L3=0.0066546856 acc=5.2e-63
inf 85.9295 939.887 F=5.4480021e-30 L1=0.075750211 L2=0.070487892 L3=0.0053394727
33671 3 585.68 F=7.2041109e-20 L1=0.32056843 L2=0.070822126 L3=0.022704374
inf 1502.6 0.216645 F=0.98205572 L1=0.082767849 L2=0.082767839 L3=0.014179929
inf 2.15449 59.3335 F=0.0016928108 L1=0.45423063 L2=0.079538582 L3=0.036312687
1491 5.23851 512 F=2.4812319e-17 L1=0.18878905 L2=0.070488565 L3=0.013308437
37 2.47006 8.36 F=0.19972002 L1=0.41037984 L2=0.11240616 L3=0.048775402
1521 0.0715674 24.5023 F=0.0014459584 L1=13.970157 L2=0.097667288 L3=1.3650225
40 81.368 0.0115129 F=0.9989781 L1=0.088764348 L2=0.088764239 L3=0.015104435
566 16 46.3522 F=0.015858542 L1=0.1019739 L2=0.080195647 L3=0.0084250133
26347 9.55368 64.7818 F=0.0028495176 L1=0.12498038 L2=0.077766312 L3=0.0098190219 acc=2.9e-63
54 1778.13 45.6442 F=0.039903601 L1=0.060235969 L2=0.060235969 L3=0.0036344113
139081 0.318097 37.3975 F=0.0018674271 L1=3.1347012 L2=0.089587815 L3=0.28131558
38 2244.56 1.45498 F=0.88499076 L1=0.080100893 L2=0.080100893 L3=0.010604939
inf 394.848 588.847 F=5.5761229e-19 L1=0.071263094 L2=0.070508804 L3=0.0050246755
inf 0.0726663 0.001 F=0.9863622 L1=13.825475 L2=13.638631 L3=188.60515
38 0.25 512 F=6.3646823e-17 L1=3.9744415 L2=0.068033978 L3=0.27039509
168683 2.88642 63.7225 F=0.0015040333 L1=0.3387694 L2=0.078467839 L3=0.026726536
529 1451.33 0.071026 F=0.99402295 L1=0.08412809 L2=0.084128088 L3=0.014829424
40 0.197281 512.1 F=4.6622017e-17 L1=5.0431765 L2=0.068034312 L3=0.34310708
37 2.1953 0.0008505 F=0.99959419 L1=0.4773344 L2=0.47714863 L3=0.23095659 acc=1.6e-67
47 3 4.65299 F=0.36924374 L1=0.34539612 L2=0.14897403 L3=0.051500705
37 3 64 F=0.004076031 L1=0.31314156 L2=0.060667999 L3=0.018951921
422 322.064 0.204322 F=0.98294941 L1=0.083425152 L2=0.083424962 L3=0.014085637
inf 43.8583 0.00248034 F=0.99978592 L1=0.08631581 L2=0.086315694 L3=0.01169251
806 3.001 88.7917 F=0.00024473646 L1=0.32315549 L2=0.074449439 L3=0.024107452
40 2.72191 0.0001 F=0.99996159 L1=0.38407305 L2=0.38405875 L3=0.14703288
613 0.584456 700 F=1.1366506e-23 L1=1.6870284 L2=0.069712527 L3=0.11760776
92102 0.140491 0.0582953 F=0.70430028 L1=7.1771182 L2=5.0878445 L3=36.554811
5868 1.80835 0.0236102 F=0.98654891 L1=0.57725436 L2=0.5698147 L3=0.33415595
9199 63.99 0.451101 F=0.96258488 L1=0.083421069 L2=0.083407759 L3=0.011693914 acc=5.8e-63
73521 1.70918 0.000231276 F=0.99985875 L1=0.61082385 L2=0.6107414 L3=0.37951682
50 1699.03 47.0183 F=0.037606956 L1=0.059370434 L2=0.059370434 L3=0.0034810284
142338 500 0.0044108 F=0.99962732 L1=0.08449165 L2=0.084491649 L3=0.014757383
30652 115.045 0.168711 F=0.9858356 L1=0.084024463 L2=0.084023198 L3=0.013267417
inf 0.001 0.00283408 F=0.26076969 L1=1000.0665 L2=260.88523 L3=260902.63
111 42.2256 33.5623 F=0.064124238 L1=0.080115281 L2=0.075345066 L3=0.0065379084
inf 0.01 0.0790957 F=0.11168035 L1=100.06275 L2=11.283876 L3=1129.138
inf 83.5958 511.9 F=7.2386049e-17 L1=0.075908749 L2=0.070841049 L3=0.0053774554
430189 1.81523 36.1527 F=0.010316478 L1=0.54713056 L2=0.090145236 L3=0.049794549
75308 9.17283 3.75 F=0.64889558 L1=0.12996308 L2=0.10603445 L3=0.014300692 acc=5.3e-63
100 7.75504 0.00439637 F=0.99938785 L1=0.13932726 L2=0.13926561 L3=0.012625878
362629 0.001 46.3241 F=2.7870696e-6 L1=999.98643 L2=0.084527017 L3=84.526226
100 2.73158 29.9962 F=0.026669634 L1=0.36220069 L2=0.084916807 L3=0.031499686
inf 1.19743 0.01 F=0.99138057 L1=0.86917254 L2=0.86206774 L3=0.76297781
47784 2.999 36.244 F=0.015170319 L1=0.33402806 L2=0.08982943 L3=0.030457845
146 0.606696 35.0773 F=0.0045723812 L1=1.6368548 L2=0.083887168 L3=0.13790105
inf 64.01 25.3563 F=0.12561159 L1=0.088547715 L2=0.08651866 L3=0.0078701874
38 114.961 20.3211 F=0.19921548 L1=0.07270246 L2=0.072444548 L3=0.0070805142
41 1.61247 54.2493 F=0.0041199367 L1=0.59623962 L2=0.061185577 L3=0.036496951
330 98.2791 2.41108 F=0.82556991 L1=0.075021585 L2=0.074964725 L3=0.0081795281 acc=3.2e-62
40 126.221 0.278885 F=0.97587101 L1=0.08658019 L2=0.086579309 L3=0.014417766
155068 60.664 10.7724 F=0.43565837 L1=0.081352779 L2=0.080344723 L3=0.005015898
57670 67.2261 186.754 F=7.6590656e-7 L1=0.077312318 L2=0.071963467 L3=0.0055636648
2547 64.01 512.1 F=7.3732066e-17 L1=0.077399917 L2=0.070585199 L3=0.0054632757
41 2.48784 8.36 F=0.20091662 L1=0.40736472 L2=0.11190722 L3=0.048236766
5092 0.863395 512.1 F=4.9089825e-18 L1=1.1361027 L2=0.070819983 L3=0.080460498
inf 2.66908 500.36 F=2.7597845e-17 L1=0.36045779 L2=0.070986607 L3=0.02558915
697 0.131956 7.41221 F=0.015949032 L1=7.5888037 L2=0.14720488 L3=1.1197781
inf 288.412 106.685 F=0.00034271433 L1=0.071760718 L2=0.071301841 L3=0.0051195278
inf 88.0576 0.000864976 F=0.9999262 L1=0.085319027 L2=0.085319017 L3=0.013374512 acc=2.5e-68
50 910.908 0.000784286 F=0.99993123 L1=0.087690274 L2=0.087690274 L3=0.015583005
6776 69.6513 40 F=0.037509303 L1=0.082804276 L2=0.080332106 L3=0.0069886228
46450 0.519027 0.00366421 F=0.99280876 L1=1.97642 L2=1.9628119 L3=3.9083818
45 108.749 0.00814576 F=0.99928163 L1=0.088190419 L2=0.088190381 L3=0.015282304
64 3.001 0.645656 F=0.81615255 L1=0.34797162 L2=0.28616913 L3=0.099272717
677425 77.901 6.59679 F=0.606662 L1=0.073777629 L2=0.073421116 L3=0.0044930955
163829 1.82836 512.1 F=8.8618035e-18 L1=0.52891018 L2=0.070960016 L3=0.037533029
8026 0.0686789 721.459 F=1.5224656e-25 L1=14.535274 L2=0.070595197 L3=1.0261215
38 114.792 0.77322 F=0.93554398 L1=0.083749834 L2=0.08374568 L3=0.012618292
122 3.001 0.0376937 F=0.98709873 L1=0.3467432 L2=0.34236699 L3=0.11600263 acc=1.6e-64
50 94.6054 0.00387327 F=0.99965925 L1=0.087974505 L2=0.087974477 L3=0.015033227
50 0.0624426 64.01 F=8.6937891e-5 L1=15.988171 L2=0.063823282 L3=1.0204603
76239 49.8616 161.816 F=4.1490828e-6 L1=0.079813143 L2=0.072363712 L3=0.0057755981
50 0.0115928 0.0934305 F=0.10972052 L1=86.324727 L2=9.5824825 L3=827.24754
140336 0.0844507 0.0131951 F=0.86414825 L1=11.904213 L2=10.303611 L3=122.69976
inf 0.126902 64 F=8.3261116e-5 L1=7.862457 L2=0.078567023 L3=0.61789419
12010 1.92519 19.5246 F=0.053097735 L1=0.52381734 L2=0.10028276 L3=0.052818394
2397 1.5 63.99 F=0.000880645 L1=0.65324145 L2=0.078101115 L3=0.051169453
3403 1.95366 0.732326 F=0.71783642 L1=0.53205929 L2=0.3868565 L3=0.20860525
702 63.2673 0.0362125 F=0.99689809 L1=0.085693603 L2=0.085692789 L3=0.012765619 acc=3.9e-65
980 79.0968 0.198607 F=0.98326348 L1=0.084415054 L2=0.084411817 L3=0.012744082
37698 2.6758 69.9385 F=0.0008757866 L1=0.36436774 L2=0.077356442 L3=0.028295488
41 40 1 F=0.91642197 L1=0.085219896 L2=0.085127292 L3=0.010868455
57 1.62238 512.1 F=2.0282338e-16 L1=0.59531239 L2=0.068040008 L3=0.040502875
inf 0.982096 0.00312029 F=0.99671324 L1=1.0567034 L2=1.0534119 L3=1.1309726
39143 2.94915 512.1 F=1.3070311e-17 L1=0.32616362 L2=0.070945021 L3=0.023141047
53 0.0113421 0.244622 F=0.043678101 L1=88.224984 L2=3.9574035 L3=349.17682
4750 0.891766 0.00251923 F=0.99708129 L1=1.1618509 L2=1.1586354 L3=1.3659085
156 253.723 0.0610564 F=0.99480337 L1=0.08510283 L2=0.085102761 L3=0.014765145
106 125.507 3 F=0.79005587 L1=0.07353442 L2=0.073491248 L3=0.007229466 acc=3.6e-62
170130 0.0186328 14.464 F=0.001034364 L1=53.670343 L2=0.10213278 L3=5.4815062
14582 10.2665 3.75 F=0.66405265 L1=0.12025728 L2=0.10168109 L3=0.012707156
232 2751.9 0.257532 F=0.97857787 L1=0.083119326 L2=0.083119326 L3=0.014207074
14521 2.57514 8.0349 F=0.21458856 L1=0.39381512 L2=0.11107689 L3=0.047193399
27349 106.512 63.6019 F=0.0066097657 L1=0.075777723 L2=0.074084497 L3=0.0057027539
598436 0.604639 0.121296 F=0.82842982 L1=1.6983886 L2=1.4191237 L3=2.4332836
284 409.633 0.0132755 F=0.99887236 L1=0.084937851 L2=0.084937845 L3=0.014945938
144 2.30751 4.79199 F=0.30625989 L1=0.44564376 L2=0.15678705 L3=0.070416133
568995 63.99 0.00148798 F=0.9998725 L1=0.085686719 L2=0.085686688 L3=0.012742663
10935 0.5 4 F=0.10499343 L1=2.0160887 L2=0.22827999 L3=0.46299376 acc=1.3e-62
1194 91.7562 0.177161 F=0.98508075 L1=0.084315637 L2=0.08431353 L3=0.013017737
460 2.999 0.139148 F=0.95396124 L1=0.34685038 L2=0.33123204 L3=0.11226203
37 1012.11 0.1 F=0.99119242 L1=0.088081695 L2=0.088081695 L3=0.015345354
3972 8 0.000908972 F=0.999877 L1=0.13533985 L2=0.13532811 L3=0.010958685
40 53.3205 0.0582554 F=0.99482196 L1=0.088933393 L2=0.088931751 L3=0.014165132
36549 0.573652 1 F=0.35371428 L1=1.7747815 L2=0.65362374 L3=1.1703317
183 65.1763 90.9234 F=0.0011077295 L1=0.073748592 L2=0.069527771 L3=0.0051254401
50 1.60232 0.116301 F=0.92933658 L1=0.65209794 L2=0.60821929 L3=0.40469285
3918 1.68778 15.999 F=0.06794357 L1=0.59685093 L2=0.10127596 L3=0.060472549
1139 110.454 3.26046 F=0.77641398 L1=0.072719115 L2=0.072649146 L3=0.0069000406 acc=3.0e-62
37 64 0.105345 F=0.9906679 L1=0.088648646 L2=0.088646711 L3=0.014494816
809633 0.023137 3 F=0.0072202636 L1=43.242586 L2=0.33515978 L3=14.498155
50 3 0.001 F=0.99965251 L1=0.34761028 L2=0.34749253 L3=0.11864533
56 2.999 8.36 F=0.22998819 L1=0.33899233 L2=0.10834664 L3=0.038800801
100 3.001 0.932407 F=0.75429575 L1=0.34785521 L2=0.26556501 L3=0.092349384
4029 0.182016 629.415 F=2.8162939e-22 L1=5.4692153 L2=0.070605463 L3=0.3861577
100 8 512 F=2.7859146e-16 L1=0.13303052 L2=0.068131553 L3=0.0090610214
607 0.218489 0.540351 F=0.28117876 L1=4.6206601 L2=1.3498192 L3=6.2576015
80850 2.06843 16 F=0.08028072 L1=0.48876564 L2=0.10119847 L3=0.049437621
38 4.07129 0.260373 F=0.93745947 L1=0.2564022 L2=0.24101928 L3=0.058425697 acc=3.5e-63
121 0.0182559 0.0325528 F=0.35854209 L1=54.842081 L2=19.745796 L3=1082.9457
53 80.3638 0.263921 F=0.97728286 L1=0.086201158 L2=0.086197516 L3=0.01380431
78485 16 970.954 F=2.8221748e-31 L1=0.099314771 L2=0.070497409 L3=0.0070014739
38 104.895 40 F=0.060079115 L1=0.05619457 L2=0.055635152 L3=0.0031350748
6470 0.630514 2.66441 F=0.18256949 L1=1.6062835 L2=0.31017905 L3=0.50254135
4711 53.9968 0.00417658 F=0.99964103 L1=0.085953402 L2=0.085953276 L3=0.012332693
50 0.01 64.01 F=1.3989017e-5 L1=99.973358 L2=0.063820204 L3=6.3803636
43770 3.001 0.0001 F=0.9999654 L1=0.34605425 L2=0.34604249 L3=0.116352
387 63.681 0.00263047 F=0.99977374 L1=0.086015711 L2=0.086015654 L3=0.012974664
5889 118.816 0.00010603 F=0.99999098 L1=0.08509214 L2=0.08509214 L3=0.013829863 acc=4.0e-70
22963 2.50512 700 F=1.9408134e-23 L1=0.3839814 L2=0.070675352 L3=0.027138793
45869 0.25 0.000637202 F=0.99742087 L1=4.0579045 L2=4.0477145 L3=16.463051
154047 0.0130064 3.75 F=0.003250572 L1=76.903826 L2=0.26959052 L3=20.736272
41 4.20886 0.0113911 F=0.99719607 L1=0.2468619 L2=0.24619184 L3=0.055630646
51 2.0532 27.362 F=0.027860731 L1=0.47754274 L2=0.079897609 L3=0.039257332
367145 0.00178274 0.0287492 F=0.058279763 L1=560.99935 L2=32.816825 L3=18410.263
183 0.00301014 0.237955 F=0.012320604 L1=332.2676 L2=4.2000138 L3=1395.5635
inf 80.738 0.0001 F=0.99999146 L1=0.085412653 L2=0.085412652 L3=0.013224259
100 2.88206 0.143292 F=0.95072337 L1=0.36161386 L2=0.34424809 L3=0.12282506
1426 0.155371 0.0127313 F=0.92355059 L1=6.4968566 L2=6.0089723 L3=39.080106 acc=5.7e-63
3541 68.2487 0.00386877 F=0.99966875 L1=0.085623893 L2=0.085623821 L3=0.012907311
50 2.99701 512 F=4.0435133e-16 L1=0.31816981 L2=0.068039466 L3=0.021645658
27110 1395.99 40 F=0.04579753 L1=0.07621464 L2=0.076205165 L3=0.0061445302
1773 36.1478 2.999 F=0.78060094 L1=0.08005524 L2=0.079497966 L3=0.0073953323
161356 1.00289 0.00808383 F=0.99169976 L1=1.0350671 L2=1.0269241 L3=1.080245
130289 2.999 0.0630958 F=0.97860722 L1=0.34649251 L2=0.3392252 L3=0.11444797
49006 1.35878 64 F=0.00079443121 L1=0.72226492 L2=0.078484812 L3=0.0568409
50 63.99 89.7075 F=0.0024122148 L1=0.066384354 L2=0.063132349 L3=0.0041471572
inf 95.5215 0.263029 F=0.97803292 L1=0.083669304 L2=0.08366623 L3=0.012764522
86 1.85246 67.8513 F=0.0012552947 L1=0.52131362 L2=0.068700449 L3=0.035874838 acc=2.9e-63
48 40 0.000195092 F=0.99998259 L1=0.089240559 L2=0.089240549 L3=0.01320601
26040 100 0.00638456 F=0.99945623 L1=0.085171956 L2=0.085171901 L3=0.013563008
67393 0.0479565 512 F=2.7697748e-19 L1=20.82724 L2=0.070953929 L3=1.4777764
334 2.25886 66.0287 F=0.001180023 L1=0.4303008 L2=0.075373528 L3=0.032548902
4720 3.001 0.00333224 F=0.99884812 L1=0.3460786 L2=0.34568723 L3=0.11626518
637 2.06552 8.27482 F=0.17690012 L1=0.48886853 L2=0.11235282 L3=0.058536429
38 100 3.001 F=0.78367242 L1=0.07666664 L2=0.07662287 L3=0.0072066472
187487 2.999 160.937 F=1.0934342e-6 L1=0.32225989 L2=0.07297951 L3=0.023531587
284 2.54377 0.073364 F=0.97080721 L1=0.40973685 L2=0.3981035 L3=0.16256873
inf 49.1229 29.2367 F=0.086309791 L1=0.089744059 L2=0.086240098 L3=0.0080716302 acc=2.6e-63
2671 0.0492599 26.637 F=0.00081041955 L1=20.296585 L2=0.096520772 L3=1.9596381
67 0.190923 2.999 F=0.056584415 L1=5.2583265 L2=0.31761617 L3=1.6751357
5374 0.25 0.0823522 F=0.74880463 L1=4.0549925 L2=3.0613538 L3=12.447709
2067 0.0361366 0.00166131 F=0.95594395 L1=27.738068 L2=26.521724 L3=735.70748
645420 0.639887 54.7434 F=0.00083594064 L1=1.5485126 L2=0.081014342 L3=0.12569392
2627 3 33.6255 F=0.019304291 L1=0.3348776 L2=0.091226799 L3=0.031030985
25500 1.52196 16 F=0.062271567 L1=0.6610305 L2=0.10129689 L3=0.066997359
138 97.7414 8.36 F=0.53244891 L1=0.075979154 L2=0.075683692 L3=0.0043161897
189 7.72783 0.00780758 F=0.99891274 L1=0.13941557 L2=0.13930495 L3=0.012331209
37 539.596 69.1594 F=0.011721389 L1=0.059370859 L2=0.059370854 L3=0.0033990282 acc=8.5e-64
48 1 0.0491727 F=0.95130304 L1=1.0391327 L2=0.99124979 L3=1.0476664
100 46.5602 423.358 F=2.4805452e-13 L1=0.075989549 L2=0.067831462 L3=0.005150396
869539 86.9854 134.079 F=3.7157764e-5 L1=0.075683389 L2=0.072274214 L3=0.0054702241
453127 12.4804 0.178542 F=0.9816011 L1=0.10465601 L2=0.10400807 L3=0.0074819743
inf 0.0666769 3 F=0.020527493 L1=15.019159 L2=0.33060133 L3=4.9702426
inf 124.601 0.136938 F=0.98848335 L1=0.084147133 L2=0.08414628 L3=0.013450049
inf 0.62456 912.065 F=1.7557631e-30 L1=1.5777954 L2=0.070544573 L3=0.11130546
56 128.95 50.1409 F=0.029172724 L1=0.061700616 L2=0.061115179 L3=0.0037263813
41 0.5 0.125858 F=0.79397247 L1=2.0490994 L2=1.6436719 L3=3.3945757
inf 0.00340098 63.99 F=2.2598912e-6 L1=294.01488 L2=0.078575025 L3=23.102392 acc=3.1e-68
127651 125.423 24.1681 F=0.14871466 L1=0.085022957 L2=0.084433422 L3=0.0073273639
inf 67.264 277.798 F=1.1186614e-9 L1=0.077321223 L2=0.071453227 L3=0.0055248509
inf 2.90872 0.1 F=0.96548204 L1=0.35752222 L2=0.34544498 L3=0.12096202
13951 0.0238818 3.001 F=0.0074484432 L1=41.894569 L2=0.33496575 L3=14.038224
64 2.76709 58.1045 F=0.003873 L1=0.34487912 L2=0.066655417 L3=0.023044652
116176 0.198659 0.853965 F=0.18269636 L1=5.07217 L2=0.97331737 L3=4.952223
11947 3.001 0.000217783 F=0.99992464 L1=0.34605897 L2=0.34603337 L3=0.11635488
626 1.23378 16 F=0.051834113 L1=0.81379742 L2=0.10141129 L3=0.082650825
150 302.98 63.99 F=0.0094373546 L1=0.067514546 L2=0.067326874 L3=0.0045681335
1295 256.71 0.0721432 F=0.99392102 L1=0.084257829 L2=0.08425773 L3=0.014310394 acc=2.1e-64
1075 0.829128 0.1 F=0.88881861 L1=1.2461149 L2=1.1141452 L3=1.4072178
inf 3.82819 21.0709 F=0.075846783 L1=0.27147708 L2=0.099410632 L3=0.027224708
1236 107.344 0.00484448 F=0.99958716 L1=0.085219945 L2=0.085219908 L3=0.01374358
69 1836.3 12.0791 F=0.40057031 L1=0.079536114 L2=0.079536114 L3=0.005679109
564 1.18731 1.00881 F=0.52820074 L1=0.86750739 L2=0.47069915 L3=0.41455597
591914 89.2863 700 F=1.2432221e-22 L1=0.075535265 L2=0.07063302 L3=0.0053352839
37 1.18703 0.179126 F=0.86362721 L1=0.87667383 L2=0.76315777 L3=0.68203014
inf 64.01 3.001 F=0.78748503 L1=0.075578969 L2=0.075397548 L3=0.0072972136
2301 59.2611 243.493 F=1.3392099e-8 L1=0.077970897 L2=0.071337236 L3=0.0055622126
inf 0.00255613 0.001 F=0.71874782 L1=391.28253 L2=281.27084 L3=110056.41 acc=7.9e-62
46 0.766585 33.3831 F=0.0075549709 L1=1.2853191 L2=0.07010356 L3=0.090837359
908 2803.08 0.0616074 F=0.99481981 L1=0.084060761 L2=0.08406076 L3=0.014857803
25902 0.5 15.3547 F=0.024155353 L1=2.0020664 L2=0.10165475 L3=0.20359878
263380 0.0607917 25.9236 F=0.0010697274 L1=16.4463 L2=0.097190828 L3=1.5990116
100 117.044 16 F=0.28998483 L1=0.082105813 L2=0.081710462 L3=0.0067192112
100 63.99 0.001 F=0.99991301 L1=0.086989023 L2=0.086989003 L3=0.013647268
5180 201.65 57.4817 F=0.011439588 L1=0.074116596 L2=0.073586484 L3=0.0055873282
283 2.32852 51.238 F=0.0038282415 L1=0.41947642 L2=0.078329965 L3=0.033098627
303 9.10418 515 F=6.3217477e-17 L1=0.1240804 L2=0.069150615 L3=0.0085799826
1248 86.199 0.001 F=0.99991456 L1=0.085441025 L2=0.085441013 L3=0.013415606 acc=3.3e-68
41 86.737 48.574 F=0.035306877 L1=0.058784917 L2=0.057636842 L3=0.0032501505
462 500 52.5053 F=0.018674239 L1=0.071481166 L2=0.07139902 L3=0.0052630461
inf 85.1197 47.8892 F=0.020784622 L1=0.079419054 L2=0.077402428 L3=0.006387311
inf 2.13218 50.558 F=0.0034129233 L1=0.46099625 L2=0.082382599 L3=0.038254376
4553 500 64 F=0.0076619884 L1=0.071922318 L2=0.071812545 L3=0.0052494618
351 41.3669 20.1599 F=0.18687349 L1=0.091568457 L2=0.08804461 L3=0.0080913826
69314 110.505 0.25823 F=0.97846347 L1=0.083519448 L2=0.083517205 L3=0.012959086
48904 1.1847 0.00239308 F=0.99790194 L1=0.87849799 L2=0.87675072 L3=0.78425579
291829 84.7005 0.000619918 F=0.99994708 L1=0.085359862 L2=0.085359854 L3=0.013308897
188 90.5068 2.51528 F=0.81834022 L1=0.07522255 L2=0.075152214 L3=0.0080062769 acc=3.3e-62
inf 0.00351704 0.310358 F=0.011014949 L1=284.38462 L2=3.2314452 L3=919.00503
684908 16 35.5776 F=0.037735197 L1=0.10733605 L2=0.087375161 L3=0.0097488514
235 2.0225 3 F=0.38788753 L1=0.50910607 L2=0.20908274 L3=0.10825303
41721 0.00351102 0.830199 F=0.0040665528 L1=284.85962 L2=1.2249621 L3=348.96042
563303 11.5329 0.216787 F=0.97689011 L1=0.10880449 L2=0.10782354 L3=0.0077428577
inf 1.86538 0.000184854 F=0.99989655 L1=0.55970151 L2=0.55964598 L3=0.31794283
41 0.004419 515 F=8.4296354e-19 L1=226.26916 L2=0.068045116 L3=15.396509
100 105.791 420.152 F=4.050912e-13 L1=0.070390445 L2=0.067798299 L3=0.0047682307
41 2.19118 0.0343356 F=0.9838481 L1=0.4779251 L2=0.47051443 L3=0.22792847
89238 0.0297495 0.00243926 F=0.92407263 L1=33.679476 L2=31.132121 L3=1048.5598 acc=5.7e-63
50 388.534 0.012094 F=0.99894053 L1=0.087601927 L2=0.087601927 L3=0.015533945
37 16 0.00191654 F=0.99981191 L1=0.098152723 L2=0.098149713 L3=0.009671991
57488 2.75521 0.000526734 F=0.99980118 L1=0.37752726 L2=0.37745384 L3=0.1403185
76441 24.2636 0.001 F=0.99991141 L1=0.088594057 L2=0.088593738 L3=0.0092129124
38 117.392 40 F=0.060433718 L1=0.055941097 L2=0.055548281 L3=0.0031161132
39174 3 0.977647 F=0.74556918 L1=0.34778363 L2=0.26255907 L3=0.090903236
1058 5.73643 36.4308 F=0.022985941 L1=0.1853645 L2=0.088084603 L3=0.016751399
50 1.40186 26.1833 F=0.022232813 L1=0.70345025 L2=0.081995061 L3=0.058875166
1669 1.31133 60.4995 F=0.0010373143 L1=0.74894247 L2=0.078709118 L3=0.059125839
724834 374.303 1 F=0.92201687 L1=0.078155624 L2=0.0781545 L3=0.01150956 acc=3.8e-62
246425 0.5 0.378303 F=0.56048532 L1=2.041364 L2=1.1719628 L3=2.4114526
38 1261.63 1.53962 F=0.8790244 L1=0.079754003 L2=0.079754003 L3=0.010369836
20307 7.46633 0.00121762 F=0.99982602 L1=0.14290881 L2=0.14288984 L3=0.012836411
inf 40 581.511 F=3.7752613e-19 L1=0.082180932 L2=0.070805786 L3=0.0058188858
37 80.4348 0.00127402 F=0.99988643 L1=0.089146852 L2=0.08914684 L3=0.015244587
137 123.417 3 F=0.79052878 L1=0.073343517 L2=0.073296689 L3=0.0072362571
41 0.759982 0.241484 F=0.75147076 L1=1.3565886 L2=1.0343537 L3=1.4216353
64 1.71029 0.000116131 F=0.99992897 L1=0.61171587 L2=0.6116745 L3=0.38150377
36321 63.0963 0.287227 F=0.97589164 L1=0.084237206 L2=0.084229336 L3=0.012034921
inf 2.74194 0.0361563 F=0.98646517 L1=0.37945666 L2=0.37443696 L3=0.14010182 acc=1.8e-64
927 167.579 0.298988 F=0.97520484 L1=0.082984789 L2=0.082983633 L3=0.01331091
38 0.25 22.4156 F=0.0061335752 L1=3.9908011 L2=0.086763902 L3=0.34787946
21793 0.0333444 3.75 F=0.0082911341 L1=30.008445 L2=0.26824212 L3=8.0532298
76888 34.3856 0.173999 F=0.98503851 L1=0.086368586 L2=0.086351681 L3=0.010582651
58 64.01 70.2216 F=0.0074584828 L1=0.066571715 L2=0.063366249 L3=0.0041551991
345903 31.8574 49.7953 F=0.014286683 L1=0.088379237 L2=0.079376053 L3=0.0072318448
inf 2.82842 64 F=0.0014489559 L1=0.34559651 L2=0.078420332 L3=0.02724442
138493 1.85261 0.01 F=0.9943955 L1=0.56351885 L2=0.5604905 L3=0.32065177
16753 110.483 0.1 F=0.99155463 L1=0.084495305 L2=0.084494535 L3=0.013424129
inf 2.999 0.0512124 F=0.98256776 L1=0.34645493 L2=0.34053204 L3=0.11483275 acc=2.9e-64
inf 1.93778 64.01 F=0.0010729927 L1=0.50452431 L2=0.078470378 L3=0.03973969
50 1.5 16 F=0.060127171 L1=0.66946513 L2=0.10158641 L3=0.068830769
755205 1.50081 0.0988453 F=0.93564257 L1=0.69434493 L2=0.6516965 L3=0.46078579
348927 0.01 54.8759 F=1.3732511e-5 L1=99.983899 L2=0.081024761 L3=8.1014183
inf 500 0.00417127 F=0.99964755 L1=0.084492588 L2=0.084492587 L3=0.014757561
274 0.001 0.206473 F=0.0047615035 L1=1000.0584 L2=4.8717505 L3=4872.0712
2868 15.592 55.5534 F=0.0072463722 L1=0.10240676 L2=0.078880482 L3=0.0082320334
146 1 0.0526828 F=0.94806616 L1=1.0378485 L2=0.98672569 L3=1.0409169
38 0.694216 26.2446 F=0.011944311 L1=1.4259804 L2=0.077120389 L3=0.11135285
38 1.17547 44.9944 F=0.0057132311 L1=0.82540056 L2=0.059964538 L3=0.049619021 acc=2.3e-63
64 53.9733 0.000591077 F=0.99994799 L1=0.087990186 L2=0.087990169 L3=0.013694865
3210 8 0.0442996 F=0.994028 L1=0.135658 L2=0.13508967 L3=0.011199205
31849 2.50845 0.0855707 F=0.9656658 L1=0.4153299 L2=0.40145664 L3=0.16621661
296 118.99 0.201429 F=0.98305738 L1=0.084175005 L2=0.084173577 L3=0.01348445
11436 132.476 0.00122112 F=0.99989621 L1=0.0849998 L2=0.084999794 L3=0.013947489
114 81.6106 0.01 F=0.99913522 L1=0.086483011 L2=0.086482886 L3=0.014000143
40 64 1143.32 F=3.0575561e-34 L1=0.07219025 L2=0.06912535 L3=0.0049894113
105 55.9528 0.000307494 F=0.99997321 L1=0.087120614 L2=0.087120606 L3=0.013285069
202267 1.73494 1293.99 F=9.1182279e-42 L1=0.55746728 L2=0.070380859 L3=0.039235274
inf 64.7437 25.2578 F=0.12687317 L1=0.088482391 L2=0.086498658 L3=0.0078581856 acc=1.8e-63
64 58.5579 0.000464783 F=0.99995916 L1=0.087871603 L2=0.087871591 L3=0.013898057
677433 0.001 8.36 F=0.00010766457 L1=1000.0072 L2=0.13243395 L3=132.4397
2882 112.138 66.333 F=0.0055297492 L1=0.075046226 L2=0.073445219 L3=0.0055819588
38 0.679303 3.09809 F=0.17107635 L1=1.48982 L2=0.26964382 L3=0.40585674
435869 49.1091 1.17767 F=0.90621218 L1=0.081481695 L2=0.081400364 L3=0.0098755983
inf 104.423 33.9335 F=0.064823976 L1=0.082826945 L2=0.081725191 L3=0.0071424965
100 64.9396 3.001 F=0.78570847 L1=0.076209192 L2=0.076038086 L3=0.0072683013
211 40 4 F=0.72244325 L1=0.078649588 L2=0.077980845 L3=0.0064122687
37 1.00124 0.179892 F=0.84204309 L1=1.0362212 L2=0.88071502 L3=0.92830418
473 2.43505 5.77631 F=0.27420252 L1=0.42249254 L2=0.14154789 L3=0.060781001 acc=1.3e-62
107584 0.379871 16 F=0.01739504 L1=2.6342782 L2=0.10147245 L3=0.26747509
9194 1.5 0.260915 F=0.8460781 L1=0.6934729 L2=0.59120356 L3=0.41716513
40 2120.66 102.911 F=0.0014133871 L1=0.062266507 L2=0.062266507 L3=0.0038319531
165337 63.99 0.747615 F=0.9392693 L1=0.082071546 L2=0.082045846 L3=0.011041404
439529 48.3134 4 F=0.72679134 L1=0.076533682 L2=0.076068827 L3=0.0063361883
1300 2.95227 42.499 F=0.0087774437 L1=0.33592745 L2=0.085183321 L3=0.028990944
inf 116.897 0.0968713 F=0.99182199 L1=0.084457496 L2=0.084456833 L3=0.013497645
38 0.0652328 0.870135 F=0.067228422 L1=15.371586 L2=1.0943741 L3=16.840165
12221 1200.81 2.999 F=0.796493 L1=0.070037507 L2=0.070036968 L3=0.0072396245
1869 96.9063 9.10348 F=0.50673617 L1=0.075902505 L2=0.075556015 L3=0.0042248238 acc=9.7e-63
inf 100 53.3691 F=0.014041799 L1=0.077429088 L2=0.075761098 L3=0.0060420258
inf 0.272971 35.0938 F=0.0019819805 L1=3.655442 L2=0.091123511 L3=0.3336132
4917 0.5 1.14372 F=0.29411921 L1=2.0309611 L2=0.62477909 L3=1.278721
15909 0.0023089 33.5968 F=1.9764562e-5 L1=433.09832 L2=0.092112102 L3=39.894139
292 0.665072 0.00134583 F=0.99791841 L1=1.5498324 L2=1.5467615 L3=2.4225256
inf 40 1.5409 F=0.87882924 L1=0.081648783 L2=0.081468892 L3=0.0090935668
308 500 58.5578 F=0.012580984 L1=0.069803389 L2=0.069723709 L3=0.0049558811
inf 63.99 0.1 F=0.9914938 L1=0.085161903 L2=0.085159585 L3=0.012502681
31155 2.54966 7.78734 F=0.21906184 L1=0.39859245 L2=0.11400885 L3=0.049199084
293 942.575 9.79041 F=0.49477863 L1=0.07322521 L2=0.073223263 L3=0.0039002087 acc=6.5e-63
12462 0.183426 0.17158 F=0.51189301 L1=5.5057411 L2=2.8657854 L3=15.810451
161 2.04975 49.1314 F=0.0043717366 L1=0.47555872 L2=0.076359429 L3=0.036565933
298 77.4969 1 F=0.92023216 L1=0.080679269 L2=0.080653291 L3=0.010879876
30752 3.15603 1 F=0.75085942 L1=0.33079851 L2=0.25162476 L3=0.082545844
698 0.001 0.000769019 F=0.56525608 L1=1000.0667 L2=565.3518 L3=565389.58
64 63.8595 0.0132687 F=0.99883678 L1=0.087675013 L2=0.087674749 L3=0.014052024
277 0.872148 35.5381 F=0.0059541421 L1=1.1377087 L2=0.086898846 L3=0.099407818
38 2.77947 23.8651 F=0.047845825 L1=0.35293848 L2=0.080855028 L3=0.030091197
652594 0.0881215 11.6303 F=0.0065011846 L1=11.348699 L2=0.10384544 L3=1.1779785
33506 500 0.0351892 F=0.99703463 L1=0.084261109 L2=0.084261097 L3=0.01464769 acc=5.0e-65
5204 1.5 1.42943 F=0.49904968 L1=0.68752038 L2=0.35293089 L3=0.24650188
648 8 66.7865 F=0.0024002862 L1=0.13796275 L2=0.076196944 L3=0.010595579
1509 0.276621 333.457 F=6.0353717e-13 L1=3.5910607 L2=0.070993489 L3=0.25494618
1113 1.95422 15.999 F=0.076614747 L1=0.51668654 L2=0.10124386 L3=0.052331404
129 2.999 0.0942628 F=0.96831824 L1=0.34709468 L2=0.33634833 L3=0.11426574
379 1 32.0421 F=0.0091178297 L1=0.99407217 L2=0.090567821 L3=0.090616404
679 0.25 0.0464857 F=0.84100034 L1=4.0563619 L2=3.4277544 L3=13.939842
50 100 64.3477 F=0.012601231 L1=0.062490488 L2=0.061357007 L3=0.0037397621
100 1566.14 0.0112956 F=0.99902917 L1=0.085944773 L2=0.085944773 L3=0.015278976
81692 0.687306 3 F=0.17758005 L1=1.4736511 L2=0.27758457 L3=0.41276518 acc=3.6e-62
623937 59.0073 101.224 F=0.00035999944 L1=0.078379204 L2=0.073191818 L3=0.0057412479
316833 0.25 15.999 F=0.011598552 L1=4.0016136 L2=0.10149161 L3=0.40631372
38 0.771267 0.00223556 F=0.99700796 L1=1.3422659 L2=1.3384642 L3=1.8203444
inf 88.864 0.0275478 F=0.99765482 L1=0.085147676 L2=0.085147367 L3=0.013314051
543600 1 54.9968 F=0.0012369656 L1=0.9868226 L2=0.080897725 L3=0.08006772
402 1.25221 60.3925 F=0.0010777702 L1=0.78359305 L2=0.076920791 L3=0.060440502
972754 111.178 0.0636759 F=0.9946075 L1=0.084712273 L2=0.084711805 L3=0.013535135
64 2.61977 22.8282 F=0.049191748 L1=0.38097683 L2=0.090358702 L3=0.035532459
578 0.00108299 1.2397 F=0.00083551837 L1=923.40285 L2=0.82283191 L3=759.81829
962758 0.316089 512.1 F=1.7576323e-18 L1=3.139606 L2=0.070964074 L3=0.22280106 acc=2.9e-64
inf 126.681 25.2018 F=0.1364001 L1=0.084807749 L2=0.084206062 L3=0.0073432898
100 113.254 28.6807 F=0.10675259 L1=0.075063217 L2=0.07433723 L3=0.0062501089
100 0.674509 1275.75 F=6.1778039e-40 L1=1.4586263 L2=0.069214232 L3=0.10095737
997223 1.07945 31.8418 F=0.0097717308 L1=0.92241209 L2=0.093215107 L3=0.086513187
inf 0.494617 0.557509 F=0.46029669 L1=2.0601031 L2=0.97842178 L3=2.0316112
38 0.815743 55.5971 F=0.0021668495 L1=1.1992057 L2=0.060133057 L3=0.072119772
inf 108.838 60.559 F=0.0083042955 L1=0.076015838 L2=0.07443364 L3=0.0057683921
inf 0.00791536 63.99 F=5.2573252e-6 L1=126.31867 L2=0.078574811 L3=9.9256309
46 113.467 25.3126 F=0.14071198 L1=0.068133375 L2=0.067720833 L3=0.0058501009
297772 100 0.0203649 F=0.99826756 L1=0.085079561 L2=0.085079382 L3=0.013518365 acc=1.4e-65
7263 0.5 150.858 F=4.8318832e-7 L1=1.9786976 L2=0.073078585 L3=0.14462037
inf 64 0.0523666 F=0.9955299 L1=0.085413482 L2=0.085412316 L3=0.012618388
788448 0.01 0.00117208 F=0.8950186 L1=100.06624 L2=89.575002 L3=8963.4806
inf 6.19706 0.128963 F=0.97869695 L1=0.16902655 L2=0.16589077 L3=0.020960928
inf 59.6062 8.36 F=0.52619686 L1=0.077791461 L2=0.077004866 L3=0.0045363262
inf 107.37 0.187159 F=0.98429896 L1=0.083978302 L2=0.083976667 L3=0.013127689
74 0.0113061 511.9 F=1.1402066e-18 L1=88.420857 L2=0.06805326 L3=6.0173258
196147 2.97466 0.1 F=0.96623449 L1=0.34948166 L2=0.33792494 L3=0.1152739
320736 2.999 63.3628 F=0.0015917996 L1=0.32628835 L2=0.078538074 L3=0.025771739
41 2.45507 0.000875449 F=0.99962695 L1=0.42628227 L2=0.42612882 L3=0.18276598 acc=1.3e-67
2528 1 0.01 F=0.98972294 L1=1.0380087 L2=1.0278975 L3=1.0843147
77 1 0.000103001 F=0.99989296 L1=1.0393135 L2=1.0392083 L3=1.0982638
2107 48.9615 0.0961742 F=0.99176782 L1=0.085732262 L2=0.085728418 L3=0.011892135
37 110.374 0.199008 F=0.9825932 L1=0.087515891 L2=0.087515052 L3=0.01473663
77 64 24.3848 F=0.1410844 L1=0.078875342 L2=0.077055109 L3=0.0069582384
1683 1.60543 3 F=0.33498679 L1=0.63861796 L2=0.22610412 L3=0.14668237
inf 5.92009 189.846 F=2.1018674e-7 L1=0.17128894 L2=0.07253035 L3=0.012430043
37 159.723 56.5817 F=0.024327162 L1=0.057592352 L2=0.057454709 L3=0.0031251644
inf 28.4634 44.5488 F=0.021087024 L1=0.091446691 L2=0.08143157 L3=0.0077290489
51818 8 20.1982 F=0.12334003 L1=0.15103604 L2=0.098467116 L3=0.014847949 acc=2.2e-63
40 53.9438 0.111074 F=0.9901706 L1=0.088586375 L2=0.088583191 L3=0.014010246
63391 1884.5 0.00688321 F=0.9994194 L1=0.084348002 L2=0.084348001 L3=0.014969226
677129 122.295 43.7096 F=0.030326196 L1=0.078781931 L2=0.077757389 L3=0.0064188991
42 1.00719 16 F=0.042217439 L1=0.99448602 L2=0.10193752 L3=0.10236789
inf 2.79854 0.000185585 F=0.99993105 L1=0.37157719 L2=0.37155211 L3=0.13564581
876549 54.4178 0.0133385 F=0.99885486 L1=0.085868777 L2=0.085868377 L3=0.012313052
951 0.01 1.35371 F=0.0070082953 L1=100.03427 L2=0.74837176 L3=74.874635
31621 64 64.01 F=0.0057599958 L1=0.078785282 L2=0.075033476 L3=0.0059978355
2923 77.0764 0.1 F=0.99151455 L1=0.084930092 L2=0.084928502 L3=0.012902197
5751 0.5 24.1904 F=0.00997488 L1=1.9985861 L2=0.09809222 L3=0.19659543 acc=7.3e-64
14121 0.0132093 0.000479442 F=0.96494497 L1=75.770157 L2=73.11865 L3=5540.2588
266 1 0.000641298 F=0.99933446 L1=1.0384739 L2=1.0378194 L3=1.0954629
88 0.25 21.5928 F=0.0065910899 L1=3.9965398 L2=0.095493412 L3=0.3826139
190477 0.25 0.001 F=0.99595828 L1=4.0578892 L2=4.0419205 L3=16.439458
7465 0.0439379 0.103783 F=0.29556185 L1=22.819995 L2=6.8266493 L3=155.82392
40848 40 3 F=0.78214225 L1=0.079042873 L2=0.078588588 L3=0.0073685468
18165 329.686 40 F=0.043974069 L1=0.077347907 L2=0.077192099 L3=0.0063072624
676 122.407 0.0714991 F=0.99394101 L1=0.084763264 L2=0.084762829 L3=0.013765438
524 0.5 39.2833 F=0.0025049163 L1=1.9893395 L2=0.086235328 L3=0.17201641
430 0.308901 16 F=0.014212962 L1=3.2388904 L2=0.10163166 L3=0.32942072 acc=1.8e-64
50 77.689 27.531 F=0.1174243 L1=0.068595341 L2=0.06740047 L3=0.0056167969
521464 2.94545 34.1691 F=0.018061445 L1=0.34085557 L2=0.091255213 L3=0.031576248
100 17.9228 0.00164334 F=0.99984606 L1=0.093682203 L2=0.09368043 L3=0.0086891217
677 34.0663 0.294687 F=0.9747903 L1=0.086193216 L2=0.086161719 L3=0.010516032
inf 0.0991106 0.00045123 F=0.99543953 L1=10.152769 L2=10.107025 L3=102.65784
37 98.424 20.627 F=0.19360865 L1=0.072133823 L2=0.071725697 L3=0.0070331431
384936 3 6.51291 F=0.28564648 L1=0.34390621 L2=0.12597909 L3=0.045895794
900480 0.178824 16 F=0.0083547693 L1=5.5936176 L2=0.10150171 L3=0.56795379
64 124.423 30.9403 F=0.094582743 L1=0.067957838 L2=0.06744549 L3=0.0052599074
2567 0.537445 0.0357355 F=0.93603411 L1=1.9090261 L2=1.7920669 L3=3.4484928 acc=4.0e-63
432532 0.01 0.045658 F=0.17914121 L1=100.0642 L2=18.029433 L3=1804.1452
11622 795.545 1085.01 F=5.055716e-34 L1=0.070564091 L2=0.070202737 L3=0.0049537917
6750 500 38.5176 F=0.050256618 L1=0.077238588 L2=0.077170826 L3=0.0063123208
inf 0.5 16 F=0.022623985 L1=2.0019917 L2=0.1014541 L3=0.20326423
1367 0.327692 512.1 F=2.3822706e-18 L1=3.0273017 L2=0.070450365 L3=0.21327629
425644 2.99724 66.4976 F=0.001245042 L1=0.32605282 L2=0.077931904 L3=0.025535532
inf 0.25 186.123 F=1.8654801e-8 L1=3.9773364 L2=0.072598748 L3=0.28876319
inf 0.0407062 53.7751 F=6.0939833e-5 L1=24.550555 L2=0.081402579 L3=1.9987373
inf 0.0585087 65.8074 F=3.3537142e-5 L1=17.073373 L2=0.078202997 L3=1.3353416
40 0.056961 58.525 F=0.00013056138 L1=17.528 L2=0.060973822 L3=1.0687725 acc=5.7e-66
inf 0.219845 51.2225 F=0.00039862188 L1=4.5341078 L2=0.082337929 L3=0.37361657
1507 146.368 63.99 F=0.0069517684 L1=0.073910459 L2=0.072907272 L3=0.0054688939
inf 0.465349 64 F=0.00029558723 L1=2.1322867 L2=0.078550542 L3=0.16765381
18121 3 3.26808 F=0.46047351 L1=0.3467203 L2=0.17333017 L3=0.060722684
inf 0.0269764 0.00518863 F=0.83840275 L1=37.134815 L2=31.154866 L3=1156.9765
2613 2.12696 1 F=0.66956116 L1=0.48859633 L2=0.33232425 L3=0.16439308
84910 0.178465 37.3094 F=0.0010707276 L1=5.5940315 L2=0.089662355 L3=0.50206242
1097 57.1745 0.00289454 F=0.9997512 L1=0.085957679 L2=0.085957602 L3=0.012553343
75511 198.466 0.014185 F=0.99879877 L1=0.084683278 L2=0.084683247 L3=0.014270714
181571 2.53741 0.000333203 F=0.99986325 L1=0.41046841 L2=0.41041374 L3=0.16756717 acc=1.8e-68
5974 30.656 8.36 F=0.50460643 L1=0.085167266 L2=0.082509656 L3=0.0054993455
196 1.77901 63.5419 F=0.0012724553 L1=0.54698725 L2=0.073988311 L3=0.040591317
95329 93.4315 0.148145 F=0.98751362 L1=0.084370216 L2=0.084368555 L3=0.01305304
44327 3 30.0884 F=0.026720728 L1=0.33683966 L2=0.094056237 L3=0.032166435
82 100 0.647024 F=0.94666532 L1=0.082745348 L2=0.082737638 L3=0.012461293
3425 77.1063 0.000190341 F=0.99998373 L1=0.085499589 L2=0.085499586 L3=0.013166176
38 5.87707 2.999 F=0.63199279 L1=0.18503884 L2=0.1346766 L3=0.024008827
50 0.308065 48.1995 F=0.0011522475 L1=3.2213537 L2=0.064360132 L3=0.20748827
inf 40.8006 0.136369 F=0.98831251 L1=0.08594883 L2=0.085940473 L3=0.011224975
13736 68.8782 69.3282 F=0.0039489939 L1=0.077831934 L2=0.074323831 L3=0.0058429405 acc=2.1e-63
37 46.648 0.0176275 F=0.99841941 L1=0.089683716 L2=0.089683073 L3=0.014102307
1114 102.839 63.99 F=0.0066235423 L1=0.07511882 L2=0.073321746 L3=0.0055858526
7696 64 0.262002 F=0.97797193 L1=0.084344847 L2=0.084337991 L3=0.012129552
8488 0.00755661 39.3353 F=3.8558124e-5 L1=132.32365 L2=0.088286517 L3=11.682856
30280 64 40.3158 F=0.035947598 L1=0.083443821 L2=0.080594848 L3=0.0070583315
224253 0.719989 512.1 F=3.8589568e-18 L1=1.3663359 L2=0.07096148 L3=0.096958971
69409 93.87 223.91 F=5.9887945e-8 L1=0.07525836 L2=0.071567583 L3=0.005386059
100 1.39758 0.0245599 F=0.98197977 L1=0.74670271 L2=0.73393403 L3=0.55892753
50 0.30731 0.000123439 F=0.99959132 L1=3.3120768 L2=3.3107664 L3=11.002215
82 66.1015 61.5413 F=0.011036904 L1=0.068916391 L2=0.065758091 L3=0.0045074042 acc=1.5e-63
150889 604.082 0.0342321 F=0.99711618 L1=0.084234351 L2=0.084234343 L3=0.014699652
943 95.8311 0.846794 F=0.93219628 L1=0.080674601 L2=0.080661034 L3=0.011328011
136 107.051 0.000627736 F=0.99994594 L1=0.086112078 L2=0.086112074 L3=0.014330733
113084 64.598 1.64082 F=0.87431682 L1=0.078719135 L2=0.078643793 L3=0.0093323805
205 8 6.92921 F=0.45119967 L1=0.14164054 L2=0.097704762 L3=0.014225481
376 103.114 879.317 F=1.7122949e-27 L1=0.073314157 L2=0.069252214 L3=0.0050767101
510 1538.05 0.219609 F=0.98175575 L1=0.083011849 L2=0.083011845 L3=0.014284172
14582 2.17634 8.62464 F=0.17728544 L1=0.46307267 L2=0.10803796 L3=0.05268359
94176 4.90038 0.001 F=0.99978952 L1=0.21052463 L2=0.21048209 L3=0.036744572
4925 57.4153 0.261279 F=0.97798021 L1=0.084584856 L2=0.084576343 L3=0.011913444 acc=1.8e-63
118 28.6047 1 F=0.91646881 L1=0.086109017 L2=0.085878715 L3=0.0095933626
287409 0.01 63.99 F=6.6415319e-6 L1=99.982047 L2=0.078571352 L3=7.85589
808417 63.5458 63.0252 F=0.0061835524 L1=0.078955897 L2=0.075195161 L3=0.0060299624
214 66.4743 40.1351 F=0.039979475 L1=0.078038198 L2=0.075399093 L3=0.0062115868
717710 112.194 515 F=6.5703626e-17 L1=0.07441544 L2=0.07079743 L3=0.0052684219
37 107.085 512.1 F=2.4802033e-15 L1=0.0688169 L2=0.068047284 L3=0.0046789906
17744 53.5068 51.8744 F=0.013918339 L1=0.081861531 L2=0.077484908 L3=0.0065347631
50 0.592705 16 F=0.026013869 L1=1.6883719 L2=0.10222742 L3=0.17343919
100 0.00354519 0.00845006 F=0.29538185 L1=282.13939 L2=83.433146 L3=23539.824
150048 40 0.362183 F=0.9693919 L1=0.085179099 L2=0.085152199 L3=0.010804782 acc=2.4e-63
143775 0.261003 0.000602485 F=0.99766238 L1=3.888922 L2=3.8800788 L3=15.126745
37 0.571031 59.3279 F=0.0012631199 L1=1.7237788 L2=0.060083367 L3=0.10356625
inf 53.465 63.99 F=0.0055068747 L1=0.080301655 L2=0.075421397 L3=0.0061431958
312 2.23379 0.0439616 F=0.9798687 L1=0.46714477 L2=0.45805373 L3=0.21546454
24775 45.5713 63.99 F=0.0052837168 L1=0.081816765 L2=0.075696072 L3=0.0062795505
77 64.01 279.283 F=6.32336e-9 L1=0.07166859 L2=0.066851292 L3=0.0047830511
50 8 0.00492178 F=0.99932745 L1=0.13674048 L2=0.13667736 L3=0.012685361
inf 0.25 0.0138616 F=0.94671211 L1=4.0574068 L2=3.8468272 L3=15.645286
33612 118.984 41.5059 F=0.035922759 L1=0.079537058 L2=0.078505415 L3=0.0065638402
12171 0.695684 64.01 F=0.00043346566 L1=1.4214636 L2=0.078457937 L3=0.11168419 acc=1.4e-63
81 2.79709 0.115355 F=0.95875053 L1=0.37283991 L2=0.35787085 L3=0.13219143
52972 0.25 0.00405597 F=0.98380453 L1=4.0577753 L2=3.9937847 L3=16.243518
inf 47.2175 24.1093 F=0.13415989 L1=0.091443007 L2=0.088192147 L3=0.0082092386
100 2.58337 0.00785944 F=0.99683621 L1=0.40380824 L2=0.40256677 L3=0.16200406
40 773.455 3.001 F=0.78547331 L1=0.075592049 L2=0.075592049 L3=0.0071910806
30104 8 0.1 F=0.98658685 L1=0.13603016 L2=0.13475816 L3=0.011464058
105 8 7.84652 F=0.41179247 L1=0.14215257 L2=0.097062616 L3=0.013281975
782504 0.731607 515 F=3.1845802e-18 L1=1.3443204 L2=0.070958495 L3=0.095392681
135388 0.269532 0.491175 F=0.3467922 L1=3.7537993 L2=1.3474635 L3=5.0787637
64 0.5 0.0001 F=0.99979485 L1=2.0518608 L2=2.051458 L3=4.2397564 acc=4.1e-68
16247 4.6841 0.000205809 F=0.99995469 L1=0.22018711 L2=0.22017745 L3=0.041087368
inf 0.001 0.0615254 F=0.01593056 L1=1000.0638 L2=16.055121 L3=16056.189
380943 3 109.594 F=4.7764911e-5 L1=0.32315651 L2=0.074326263 L3=0.024048453
166520 157.671 0.000169045 F=0.99998565 L1=0.084893355 L2=0.084893354 L3=0.014122694
100 79.7729 0.231078 F=0.98032432 L1=0.085276664 L2=0.085273056 L3=0.013351976
24172 124.407 9.23784 F=0.50568577 L1=0.074928779 L2=0.074710515 L3=0.004082451
20008 500 63.99 F=0.0076114114 L1=0.072079499 L2=0.071969625 L3=0.0052737813
8682 115.018 0.00131201 F=0.99988835 L1=0.085101186 L2=0.085101177 L3=0.013779445
243932 2.999 0.0111618 F=0.99614933 L1=0.34632544 L2=0.34501637 L3=0.11615216
29736 3.54958 0.017538 F=0.99491152 L1=0.29165916 L2=0.2901972 L3=0.079368002 acc=2.4e-65
inf 0.00751617 64.01 F=4.984541e-6 L1=133.02846 L2=0.078570577 L3=10.452288
97355 3.001 0.286369 F=0.90964458 L1=0.34684414 L2=0.31626871 L3=0.10750805
inf 40 0.0880003 F=0.99242965 L1=0.086187563 L2=0.086182113 L3=0.011237453
5615 925.428 0.0437343 F=0.99632 L1=0.084130812 L2=0.084130807 L3=0.014765506
576782 0.0369161 4 F=0.0085944779 L1=27.105965 L2=0.25182474 L3=6.8293001
8648 1.92603 26.5557 F=0.026555748 L1=0.52059611 L2=0.096573878 L3=0.050780066
827986 43.5521 3.001 F=0.78324614 L1=0.078290415 L2=0.077906186 L3=0.0073496313
17841 55.1949 6.59583 F=0.59991232 L1=0.076215142 L2=0.075528929 L3=0.0047773635
2916 1.50584 40 F=0.0062907371 L1=0.657267 L2=0.087372462 L3=0.057857336
2663 0.095764 0.000693105 F=0.9927709 L1=10.505508 L2=10.430448 L3=109.62085 acc=5.2e-65
inf 1.10394 0.0278719 F=0.97440885 L1=0.94143231 L2=0.91857931 L3=0.87981774
2350 0.0104298 60.3665 F=9.3674245e-6 L1=95.861191 L2=0.07899325 L3=7.5725781
6120 70.8426 22.8702 F=0.15773842 L1=0.08806839 L2=0.086504513 L3=0.007694048
4215 0.5 0.0946916 F=0.83697654 L1=2.0477448 L2=1.7268224 L3=3.562479
2932 364.398 0.113094 F=0.99052156 L1=0.083793915 L2=0.083793835 L3=0.014292037
48049 2.999 637.294 F=1.8573719e-21 L1=0.32063042 L2=0.070761076 L3=0.022689031
38 50.1539 58.0196 F=0.019681367 L1=0.062545247 L2=0.058749928 L3=0.0035035074
825 68.4017 63.99 F=0.0061668089 L1=0.077220805 L2=0.07382845 L3=0.0057760475
inf 0.01 0.145823 F=0.063611094 L1=100.06004 L2=6.4727542 L3=647.70286
inf 2.76137 68.8804 F=0.0009725313 L1=0.35327827 L2=0.077541894 L3=0.027508025 acc=3.4e-63
332 0.25 0.00110601 F=0.99553137 L1=4.0581788 L2=4.0405247 L3=16.435088
34716 2.29419 0.000615658 F=0.99972023 L1=0.45455184 L2=0.45442864 L3=0.20738077
38 64.01 0.0923442 F=0.99182012 L1=0.088635054 L2=0.088633356 L3=0.014501212
41 0.25 1.26985 F=0.15780783 L1=4.0334395 L2=0.67407621 L3=2.7305609
inf 1.5 0.000295549 F=0.99979446 L1=0.6955727 L2=0.69543664 L3=0.49287285
6361 260.407 512.1 F=1.1690157e-16 L1=0.07179609 L2=0.070532025 L3=0.0050639216
522371 0.032598 58.1383 F=3.4348826e-5 L1=30.659922 L2=0.080016682 L3=2.4535187
38 71.8569 700 F=6.0836867e-21 L1=0.070839322 L2=0.068571429 L3=0.0048555127
100 87.2159 388.723 F=3.2201348e-12 L1=0.071167012 L2=0.067680443 L3=0.0048121339
189038 0.00226619 32.9471 F=2.0589706e-5 L1=441.26262 L2=0.09260998 L3=40.865871 acc=1.6e-68
32529 1.70744 512 F=8.5043478e-18 L1=0.56710729 L2=0.070941817 L3=0.040233198
93 64.2155 124.806 F=0.00015402749 L1=0.071071904 L2=0.066603889 L3=0.0047241914
76 0.0704474 0.00240598 F=0.9668232 L1=14.260263 L2=13.791388 L3=196.71395
42 1 2.80775 F=0.2512347 L1=1.017651 L2=0.26890788 L3=0.2776053
299006 0.151896 3.47829 F=0.039475082 L1=6.6024161 L2=0.27983362 L3=1.8514965
274 8 700 F=1.8548805e-22 L1=0.13455163 L2=0.069026656 L3=0.0092871777
4006 107.219 25.1647 F=0.13508495 L1=0.085328555 L2=0.084514781 L3=0.0074251604
inf 157.345 4 F=0.73853217 L1=0.070622186 L2=0.070575701 L3=0.005956456
50 0.103269 0.205823 F=0.33017622 L1=9.7403851 L2=3.2860104 L3=32.040966
7864 2.1405 0.00287402 F=0.99860087 L1=0.48748653 L2=0.48682818 L3=0.23939957 acc=1.9e-66
37 100 28.2089 F=0.11799153 L1=0.060699595 L2=0.060204295 L3=0.0046823525
7960 42.724 0.000161047 F=0.99998609 L1=0.086396099 L2=0.086396091 L3=0.011620978
335195 3.001 0.000443173 F=0.99984666 L1=0.346054 L2=0.3460019 L3=0.11633831
64 8 32.3357 F=0.045196295 L1=0.13401579 L2=0.075036002 L3=0.010694354
90564 0.0017491 515 F=8.1896776e-21 L1=571.69827 L2=0.070951214 L3=40.562688
100 2.999 515 F=1.2171256e-16 L1=0.31845007 L2=0.068136801 L3=0.021696323
20037 0.093627 0.00125807 F=0.98666263 L1=10.743872 L2=10.602213 L3=113.95256
100 0.01 865.891 F=1.9063477e-29 L1=99.973675 L2=0.06884305 L3=6.882492
10769 2664.52 46.8897 F=0.027534694 L1=0.073946092 L2=0.073943002 L3=0.0057196697
36532 0.00251904 59.7216 F=2.3482795e-6 L1=396.96 L2=0.079559369 L3=31.582086 acc=1.8e-68
3721 1.64553 182.757 F=1.427799e-7 L1=0.5901956 L2=0.072443785 L3=0.0427681
inf 114.212 0.000354986 F=0.99996979 L1=0.085098133 L2=0.085098131 L3=0.013761964
inf 165.542 0.367855 F=0.96970349 L1=0.082446347 L2=0.082444817 L3=0.013006782
54660 500 0.00024625 F=0.99997919 L1=0.084524825 L2=0.084524825 L3=0.014773714
inf 92.4529 64.01 F=0.0062336191 L1=0.076475186 L2=0.074342363 L3=0.005771955
141628 0.282422 3.001 F=0.081490131 L1=3.5612215 L2=0.30974179 L3=1.1075105
180008 2.68833 13.1796 F=0.13085627 L1=0.37813474 L2=0.10116679 L3=0.037705862
inf 0.00685391 0.239959 F=0.027390003 L1=145.95875 L2=4.1009941 L3=598.61046
11013 0.00133557 0.00620503 F=0.17704444 L1=748.80955 L2=132.68152 L3=99353.238
3310 13.6086 0.000140149 F=0.99998593 L1=0.10041204 L2=0.10041165 L3=0.0069528649 acc=2.7e-69
100 3 14.3272 F=0.12482087 L1=0.34084871 L2=0.10198388 L3=0.034733449
inf 991.32 37.5418 F=0.054981553 L1=0.077259034 L2=0.077241612 L3=0.006326603
1138 6.76263 162.924 F=1.7813629e-6 L1=0.15381536 L2=0.072278389 L3=0.011125029
40 129.073 0.117862 F=0.98966276 L1=0.087721784 L2=0.08772148 L3=0.015072728
inf 0.222895 44.8564 F=0.00068848176 L1=4.4739617 L2=0.085238794 L3=0.38172997
41 0.594064 511.9 F=1.3242754e-16 L1=1.6587134 L2=0.068034312 L3=0.11284739
inf 1.01313 2.999 F=0.2414553 L1=1.0045408 L2=0.2565652 L3=0.26088678
15633 112.635 0.241411 F=0.97984253 L1=0.083604618 L2=0.083602624 L3=0.013033427
37 0.00481541 0.00279528 F=0.63259426 L1=207.73552 L2=131.46293 L3=27309.567
16923 0.599913 0.000326385 F=0.9994407 L1=1.7145518 L2=1.7136368 L3=2.9650194 acc=3.0e-67
inf 41.9171 512.1 F=5.2724343e-17 L1=0.08163778 L2=0.07090413 L3=0.0057884561
13792 0.0307835 0.000212654 F=0.99312551 L1=32.550436 L2=32.32756 L3=1052.3226
100 64 0.157802 F=0.98643957 L1=0.086059402 L2=0.086055696 L3=0.013181279
inf 4.31725 0.369225 F=0.91844681 L1=0.24109523 L2=0.22227786 L3=0.048893703
119683 2.04375 0.01 F=0.99491855 L1=0.51067758 L2=0.50817827 L3=0.26243668
255073 100 0.000450515 F=0.99996161 L1=0.085205063 L2=0.085205059 L3=0.013577178
28903 16 0.000236376 F=0.99997751 L1=0.095159665 L2=0.095159271 L3=0.0073812882
317073 74.7383 0.0353733 F=0.99698375 L1=0.085296744 L2=0.085296177 L3=0.012984151
42315 0.00222364 54.4798 F=3.1577171e-6 L1=449.69681 L2=0.081136697 L3=36.487165
377906 2.999 3 F=0.48270236 L1=0.34700954 L2=0.17979371 L3=0.063069026 acc=2.8e-62
10174 100 0.00576685 F=0.99950878 L1=0.085183409 L2=0.085183359 L3=0.013570678
6246 86.5817 0.213061 F=0.98211015 L1=0.084106676 L2=0.084103749 L3=0.012775222
3390 2.19305 0.161094 F=0.9287515 L1=0.47547323 L2=0.44270925 L3=0.21211542
100 118.602 1254.17 F=5.4138616e-38 L1=0.071369945 L2=0.069202699 L3=0.0049383574
inf 80.7235 0.0362052 F=0.99691624 L1=0.08519992 L2=0.085199423 L3=0.013125153
37 127.633 0.00810282 F=0.99927991 L1=0.088869274 L2=0.088869257 L3=0.015607037
37 0.25 0.000325017 F=0.99868196 L1=4.060557 L2=4.0553528 L3=16.505961
10044 2.3984 515 F=9.3277354e-18 L1=0.40141696 L2=0.070884992 L3=0.028455876
1463 55.4178 0.0211477 F=0.99818425 L1=0.085885445 L2=0.085884831 L3=0.012408672
inf 64.01 57.0989 F=0.0096946626 L1=0.079581521 L2=0.076057094 L3=0.0061917434 acc=2.4e-63
155897 2.95733 13.1352 F=0.14096418 L1=0.3449752 L2=0.10103404 L3=0.034267592
47595 0.686148 42.8219 F=0.0024131792 L1=1.4470471 L2=0.086236604 L3=0.12518751
1511 0.0137345 569.932 F=1.7065623e-21 L1=72.783931 L2=0.070402754 L3=5.1241907
37 0.370889 86.6736 F=0.00015682746 L1=2.6684999 L2=0.061963827 L3=0.16534691
125 0.043477 0.00141558 F=0.96837731 L1=23.066437 L2=22.341117 L3=515.37605
inf 89.2615 38.0406 F=0.045532555 L1=0.082115102 L2=0.080535811 L3=0.0069682579
50 3.001 51.1091 F=0.0073937219 L1=0.31577178 L2=0.064077621 L3=0.020293775
inf 121.549 0.371031 F=0.9693598 L1=0.08273767 L2=0.082734797 L3=0.012737233
17180 1355.24 0.13654 F=0.98860999 L1=0.083377034 L2=0.083377027 L3=0.014463169
1026 2.7452 3 F=0.46126344 L1=0.37801136 L2=0.18633824 L3=0.071378668 acc=3.1e-62
78655 0.968186 28.0551 F=0.012673634 L1=1.0305903 L2=0.09579006 L3=0.099267474
inf 3.001 0.0016611 F=0.9994255 L1=0.34605792 L2=0.34586272 L3=0.11629729
3972 86.0253 31.7167 F=0.076205739 L1=0.084391054 L2=0.082930155 L3=0.0073704212
165406 0.0160978 43.2218 F=5.8377369e-5 L1=62.107929 L2=0.086134678 L3=5.3500484
358256 109.736 15.4506 F=0.3076021 L1=0.08339888 L2=0.08291048 L3=0.0060953343
38 3.001 64.01 F=0.0039850375 L1=0.31326112 L2=0.060963743 L3=0.019056464
38 500 67.7804 F=0.012514787 L1=0.059379455 L2=0.059379435 L3=0.0033982507
63587 96.3362 1 F=0.92089967 L1=0.079866971 L2=0.079850072 L3=0.010916508
inf 489.326 0.00942698 F=0.99920381 L1=0.084456343 L2=0.084456339 L3=0.014731872
37 64.01 0.00011844 F=0.99998942 L1=0.089361006 L2=0.089361004 L3=0.014892958 acc=6.3e-70
319 0.0103878 0.00269743 F=0.79371538 L1=96.332845 L2=76.488173 L3=7368.3705
286 3 2.999 F=0.4828839 L1=0.3467576 L2=0.17964455 L3=0.063012179
925488 648.748 0.0719735 F=0.9939574 L1=0.083937392 L2=0.083937376 L3=0.014578428
40 63.0946 8.36 F=0.51252897 L1=0.082428987 L2=0.081861843 L3=0.0053119989
345138 91.8944 0.280353 F=0.97660495 L1=0.083623555 L2=0.08361997 L3=0.012665712
inf 0.0700273 51.3354 F=0.00012764184 L1=14.265146 L2=0.082309412 L3=1.1744435
inf 8.21307 1 F=0.87798569 L1=0.13790169 L2=0.12746805 L3=0.013958653
42386 2.85913 0.134745 F=0.95325483 L1=0.36389245 L2=0.34726627 L3=0.12418044
19882 66.3336 28.7147 F=0.094610632 L1=0.087322902 L2=0.08521702 L3=0.0077646583
inf 116.923 58.1946 F=0.010022886 L1=0.075986646 L2=0.074618848 L3=0.0057993675 acc=2.3e-63
267227 0.536731 257.206 F=2.3007971e-10 L1=1.8407674 L2=0.071895325 L3=0.13234954
208 2.03157 0.150185 F=0.92825124 L1=0.51368381 L2=0.47818523 L3=0.24871846
37 0.0251646 3.001 F=0.007833849 L1=39.759726 L2=0.33349219 L3=13.265202
599 1.68166 81.8692 F=0.00026439224 L1=0.57935651 L2=0.074656779 L3=0.043321142
inf 64 0.0987085 F=0.99160288 L1=0.085168434 L2=0.085166149 L3=0.012506132
57686 0.0530765 0.000997906 F=0.98148234 L1=18.905392 L2=18.557663 L3=350.8853
600828 1.51851 0.486989 F=0.74850488 L1=0.68365327 L2=0.51818446 L3=0.36015947
5981 53.9044 3.75 F=0.74232071 L1=0.075839739 L2=0.075494727 L3=0.0065088998
2249 2.33154 0.0143579 F=0.99361917 L1=0.4472175 L2=0.44445101 L3=0.19933935
6672 125.11 63.99 F=0.0066356054 L1=0.074953182 L2=0.073647102 L3=0.0056053606 acc=2.1e-63
13395 1.21081 66.5591 F=0.00058883958 L1=0.81127251 L2=0.077941471 L3=0.063370121
112 0.00641381 4 F=0.0015041172 L1=155.9308 L2=0.25294826 L3=39.445933
5028 0.554284 65.686 F=0.00030849958 L1=1.7873875 L2=0.078017763 L3=0.13959635
491 64.01 0.0116678 F=0.998998 L1=0.08588854 L2=0.08588829 L3=0.012911845
92403 500 0.103199 F=0.99135478 L1=0.083750936 L2=0.083750898 L3=0.014401745
50 500 46.4137 F=0.03898056 L1=0.059347158 L2=0.059346896 L3=0.0034875749
43 3 31.0761 F=0.029063695 L1=0.32033731 L2=0.070439137 L3=0.023417738
9062 0.424017 0.00956511 F=0.97745045 L1=2.4106604 L2=2.3583541 L3=5.7168287
577702 0.035 5.23498 F=0.006201626 L1=28.585732 L2=0.19655422 L3=5.6205756
35039 0.658311 49.9092 F=0.0012763128 L1=1.5061198 L2=0.082790135 L3=0.12499136 acc=1.4e-63
709 2.68751 43.5072 F=0.007604863 L1=0.36738553 L2=0.083955206 L3=0.031206875
41 0.012876 69.9547 F=1.4389468e-5 L1=77.635917 L2=0.061994062 L3=4.8129769
inf 40.5852 0.0752692 F=0.99352208 L1=0.086198657 L2=0.086194196 L3=0.01130737
50 3 64 F=0.0032425771 L1=0.31561304 L2=0.063929368 L3=0.020178296
inf 91.6545 1297.65 F=6.4272346e-41 L1=0.075395091 L2=0.070360152 L3=0.00530481
38 2.00788 0.000219047 F=0.99988568 L1=0.52197556 L2=0.52191855 L3=0.27722881
4970 16 54.8698 F=0.0076814706 L1=0.1018524 L2=0.079166344 L3=0.0082253414
inf 0.329719 2.999 F=0.093910393 L1=3.0531024 L2=0.30574393 L3=0.93782998
62934 0.555273 0.0443205 F=0.92412873 L1=1.8485524 L2=1.7142688 L3=3.1955207
64 2.73142 8.36 F=0.2154723 L1=0.37128192 L2=0.10930214 L3=0.043011155 acc=1.5e-62
inf 2.09808 700 F=1.6461897e-23 L1=0.45958783 L2=0.070707933 L3=0.032497315
137 2.54763 412.626 F=7.4887674e-14 L1=0.37562013 L2=0.068126787 L3=0.025589012
50 1 0.00423564 F=0.9956141 L1=1.0398694 L2=1.0355613 L3=1.0953212
884873 3.001 0.16319 F=0.94647938 L1=0.3465454 L2=0.32840198 L3=0.1111417
776764 42.9259 42.456 F=0.027810851 L1=0.086476022 L2=0.081029966 L3=0.0073156368
inf 2.64306 0.877452 F=0.74202955 L1=0.39424455 L2=0.29587359 L3=0.11696043
2624 97.5739 63.99 F=0.0064139914 L1=0.075846868 L2=0.073889966 L3=0.0056873514
4942 94.8761 0.01 F=0.99914788 L1=0.085217186 L2=0.08521709 L3=0.01348857
inf 500 0.000872534 F=0.99992626 L1=0.084517733 L2=0.084517732 L3=0.014769609
20108 3 0.270127 F=0.91431349 L1=0.34692684 L2=0.31791494 L3=0.10805188 acc=7.0e-63
17304 0.0356515 35.2878 F=0.00026053615 L1=28.040673 L2=0.090969603 L3=2.5513687
179 0.00415489 27.7902 F=6.244463e-5 L1=240.6732 L2=0.091889509 L3=22.11609
inf 216.476 0.206828 F=0.98277287 L1=0.083304684 L2=0.083304235 L3=0.01368963
inf 0.755199 23.6327 F=0.015515285 L1=1.3237085 L2=0.098479013 L3=0.13087677
41 172.258 0.0233382 F=0.99793991 L1=0.088271434 L2=0.088271415 L3=0.015548521
41 116.677 3.001 F=0.7848468 L1=0.076020558 L2=0.075990991 L3=0.0072021565
40 500 0.14262 F=0.9875322 L1=0.087426677 L2=0.087426677 L3=0.015115581
489 0.408267 3.74889 F=0.092843904 L1=2.4664108 L2=0.24583539 L3=0.60953442
888 0.00242871 0.0838974 F=0.02798523 L1=411.80387 L2=11.643964 L3=4795.0718
40045 3 393.495 F=6.0654752e-14 L1=0.32086649 L2=0.071231218 L3=0.022857991 acc=3.4e-63
40 0.00638675 0.23925 F=0.025631709 L1=156.63302 L2=4.1226392 L3=645.77703
50 36.1315 57.543 F=0.015804081 L1=0.069358564 L2=0.062134821 L3=0.0042060015
387918 0.00865999 0.00103758 F=0.89294443 L1=115.53989 L2=103.18485 L3=11922.013
416 0.796697 0.00380456 F=0.99508507 L1=1.2980284 L2=1.2919728 L3=1.6989776
790 1591.13 59.9859 F=0.011001132 L1=0.070728568 L2=0.070720707 L3=0.0051027091
236 204.241 13.5879 F=0.36386541 L1=0.079599479 L2=0.079477536 L3=0.0054435636
50 87.4163 0.106859 F=0.99067435 L1=0.087306327 L2=0.087305287 L3=0.014542668
41 2072.17 0.0918486 F=0.99194414 L1=0.087709154 L2=0.087709154 L3=0.015312865
3921 251.37 0.101322 F=0.99148914 L1=0.083994183 L2=0.083994033 L3=0.014151272
9111 0.0233998 0.000212789 F=0.99097448 L1=42.801121 L2=42.415998 L3=1815.499 acc=8.1e-65
inf 108.518 36.3601 F=0.053471315 L1=0.081748827 L2=0.080659317 L3=0.0069605148
41 63.7582 54.4909 F=0.024063583 L1=0.0612214 L2=0.058796226 L3=0.0034426311
370 0.25943 45.7902 F=0.00078178458 L1=3.8401148 L2=0.081706741 L3=0.31411707
258 1312.15 48.5927 F=0.02604668 L1=0.070278152 L2=0.070276157 L3=0.0051262367
103501 52.7186 0.0112784 F=0.99903098 L1=0.085933074 L2=0.085932714 L3=0.012232276
40 94.8566 58.397 F=0.020381988 L1=0.059691678 L2=0.058723314 L3=0.0033490552
41 7.46413 512.1 F=9.5408302e-16 L1=0.1378955 L2=0.068043561 L3=0.0093798047
100 1 2.48589 F=0.27519996 L1=1.0191779 L2=0.29429356 L3=0.3040064
10238 64.01 40 F=0.036919674 L1=0.08347453 L2=0.080641101 L3=0.0070681709
390 0.00122391 47.6728 F=3.2341078e-6 L1=817.03722 L2=0.081017028 L3=66.194255 acc=4.2e-69
2512 100 40 F=0.039830547 L1=0.080394222 L2=0.079042054 L3=0.006691693
603300 1.45067 0.001 F=0.99928146 L1=0.71903784 L2=0.71854652 L3=0.52649707
inf 0.00155998 40.2087 F=7.3623702e-6 L1=641.02181 L2=0.087885038 L3=56.336675
47010 0.0072099 40 F=3.4649023e-5 L1=138.68712 L2=0.087986705 L3=12.203074
117775 2.86437 8.36 F=0.2236073 L1=0.35375141 L2=0.10644356 L3=0.040096292
50 1.9637 964.049 F=9.8826892e-30 L1=0.49001246 L2=0.068959891 L3=0.033790565
26020 1 2.999 F=0.23907572 L1=1.0175478 L2=0.25734424 L3=0.26503858
45545 2.96077 64 F=0.0015009477 L1=0.33032904 L2=0.07839139 L3=0.026036434
64 0.001 0.19428 F=0.0050609071 L1=1000.0599 L2=5.1745478 L3=5174.8953
18475 3.06405 42.2254 F=0.0091121782 L1=0.32468951 L2=0.086133183 L3=0.028344164 acc=3.9e-63
38 0.0950995 0.405131 F=0.18612803 L1=10.566887 L2=2.0401511 L3=21.585471
7617 5.62156 0.0001 F=0.99998158 L1=0.18416294 L2=0.18415981 L3=0.026048459
39274 28.0199 6.1196 F=0.60221493 L1=0.083624094 L2=0.081361097 L3=0.0058402964
inf 64 97.2037 F=0.00049498911 L1=0.077763124 L2=0.073195654 L3=0.0056982719
550861 1.83025 20.9465 F=0.044190358 L1=0.55003952 L2=0.099745242 L3=0.055229392
inf 0.0391574 3.001 F=0.012154609 L1=25.559524 L2=0.33335702 L3=8.5253909
341 2.14584 33.8745 F=0.014937532 L1=0.4624972 L2=0.088596537 L3=0.041513844
inf 110.67 0.153809 F=0.98706695 L1=0.084151318 L2=0.084150086 L3=0.01326197
391 100 592.841 F=6.7436032e-19 L1=0.073370435 L2=0.069295354 L3=0.0050837426
inf 3.001 0.1 F=0.96652611 L1=0.34636854 L2=0.3350106 L3=0.11310313 acc=1.1e-63
591 2.18882 0.0078554 F=0.99626856 L1=0.47675771 L2=0.4750393 L3=0.2282386
74 64.01 62.123 F=0.011031475 L1=0.068288037 L2=0.065014831 L3=0.0044013486
888 77.4744 35.9841 F=0.05353058 L1=0.082439324 L2=0.080517635 L3=0.0070197707
105140 829.919 515 F=1.2188856e-16 L1=0.070594616 L2=0.070364922 L3=0.0049673846
90 500 0.0926159 F=0.99207947 L1=0.085501939 L2=0.085501935 L3=0.014976386
152 75.4125 47.7571 F=0.024424345 L1=0.073345667 L2=0.070976826 L3=0.0053697364
38 0.0214299 16 F=0.00099002413 L1=46.663959 L2=0.1028144 L3=4.7988133
1481 8 22.1401 F=0.10198869 L1=0.1506422 L2=0.097293598 L3=0.014815376
inf 0.00276472 515 F=1.2889257e-20 L1=361.67539 L2=0.070959488 L3=25.664302
581 0.547546 50.8888 F=0.0010363748 L1=1.8116703 L2=0.080549793 L3=0.14620862 acc=9.1e-64
1195 40 29.3174 F=0.08301226 L1=0.091132818 L2=0.086270103 L3=0.0082264402
94 2.57696 15.999 F=0.09410032 L1=0.39408335 L2=0.1010851 L3=0.040197756
278 395.389 511.9 F=3.7189693e-16 L1=0.069293443 L2=0.068796333 L3=0.0047662173
inf 98.8321 0.1 F=0.99154541 L1=0.084597046 L2=0.084596084 L3=0.013269297
inf 0.290734 40 F=0.0013582444 L1=3.4292928 L2=0.087965666 L3=0.30210688
178 0.5 0.216013 F=0.69152262 L1=2.0452245 L2=1.4367093 L3=2.961473
451 0.0292896 0.001 F=0.9669218 L1=34.207551 L2=33.080336 L3=1131.6438
64 64 4 F=0.72682745 L1=0.076034341 L2=0.075784462 L3=0.0060555768
inf 0.00181093 3 F=0.0005689347 L1=552.22376 L2=0.3374419 L3=186.34846
50 52.676 0.0675923 F=0.99404125 L1=0.088218507 L2=0.088216432 L3=0.013754842 acc=1.8e-64
33607 27.8804 819.192 F=1.6441054e-26 L1=0.087250262 L2=0.070568727 L3=0.0061571434
64 2.82584 0.00813088 F=0.99700801 L1=0.36907427 L2=0.36799872 L3=0.13425719
3629 0.5 43.4242 F=0.0017081922 L1=1.9886802 L2=0.085642213 L3=0.1707077
26686 700.417 0.0662561 F=0.99443503 L1=0.083974082 L2=0.08397407 L3=0.014619074
38 2.79057 64.01 F=0.003769538 L1=0.33765089 L2=0.060955453 L3=0.020543534
16203 0.116407 30.953 F=0.0012597619 L1=8.5844417 L2=0.093900399 L3=0.80664884
100 82.8832 54.1663 F=0.017539339 L1=0.069137864 L2=0.06705734 L3=0.0046736136
49662 0.812453 0.0115083 F=0.98555557 L1=1.2729308 L2=1.2554713 L3=1.6194037
6404 2.24463 51.2754 F=0.00336786 L1=0.43762246 L2=0.081918206 L3=0.036114741
130278 47.235 326.232 F=3.0513248e-11 L1=0.080350986 L2=0.071336646 L3=0.0057319699 acc=1.8e-63
100 23.3084 8.36 F=0.48791656 L1=0.09143412 L2=0.087023284 L3=0.0063777938
1618 2.01463 9.70923 F=0.14886672 L1=0.49846115 L2=0.10305446 L3=0.051392139
inf 64 63.1343 F=0.0061431353 L1=0.078892913 L2=0.075168443 L3=0.0060224181
inf 0.25 0.0242727 F=0.9102394 L1=4.0570228 L2=3.702257 L3=15.056771
552 0.00871003 3.001 F=0.0027292938 L1=114.83182 L2=0.33649082 L3=38.644909
37 500 15.999 F=0.27838652 L1=0.07935228 L2=0.079352275 L3=0.0077850378
51 0.337725 24.4379 F=0.0068481406 L1=2.9515507 L2=0.086280042 L3=0.25594101
37 67.2652 15.999 F=0.27048108 L1=0.081887102 L2=0.080988872 L3=0.0081194615
125 0.01 48.9534 F=2.7275815e-5 L1=99.980652 L2=0.074812638 L3=7.4800883
4297 0.0136185 0.000334637 F=0.97599544 L1=73.495855 L2=71.734782 L3=5272.2562 acc=5.8e-64
inf 0.0946371 40 F=0.00045074656 L1=10.555897 L2=0.087996918 L3=0.92933627
40 273.888 0.01 F=0.99911555 L1=0.08844529 L2=0.08844529 L3=0.015673992
460 1.28972 0.00151641 F=0.99877617 L1=0.80801619 L2=0.80707829 L3=0.66453108
503985 83.3756 0.0240171 F=0.99795325 L1=0.085236195 L2=0.085235889 L3=0.01321608
26458 2.89325 511.9 F=1.3127926e-17 L1=0.33244499 L2=0.070936284 L3=0.023583784
332633 90.7054 61.2654 F=0.0076206591 L1=0.076836473 L2=0.074697467 L3=0.00584448
37 0.0596434 29.303 F=0.00087008826 L1=16.746903 L2=0.070919556 L3=1.1888003
26701 75.1183 0.176682 F=0.98509515 L1=0.084502722 L2=0.084499577 L3=0.012628876
37 68.4541 0.000676335 F=0.99993961 L1=0.08928867 L2=0.089288661 L3=0.015008929
79 2.69554 0.1 F=0.96272205 L1=0.38705056 L2=0.37302503 L3=0.14360977 acc=1.3e-63
64 87.735 35.3288 F=0.068583336 L1=0.066884177 L2=0.065642615 L3=0.0048125334
101215 0.0106578 512 F=6.1659448e-20 L1=93.803324 L2=0.070957639 L3=6.6560643
44584 0.946859 0.746479 F=0.54755472 L1=1.0857604 L2=0.61045634 L3=0.67190176
164 8 7.252 F=0.43700576 L1=0.1416753 L2=0.097230805 L3=0.013874658
69 46.932 0.032396 F=0.99715364 L1=0.087899812 L2=0.087898518 L3=0.013121888
342107 56.5299 67.8623 F=0.0041775321 L1=0.079517878 L2=0.074884354 L3=0.0060201112
inf 0.84556 1.38258 F=0.36741306 L1=1.2083842 L2=0.46162973 L3=0.56442042
63560 122.959 515 F=6.8549915e-17 L1=0.074021256 L2=0.070773197 L3=0.0052387209
64 63.99 15.999 F=0.27625807 L1=0.084356805 L2=0.08312644 L3=0.0074806416
493 1.08477 0.118797 F=0.89760623 L1=0.95665039 L2=0.86345787 L3=0.84004108 acc=1.0e-62
inf 48.3561 68.4308 F=0.00383652 L1=0.080920362 L2=0.075116662 L3=0.0061412641
64185 115.697 22.3818 F=0.17197151 L1=0.085512734 L2=0.084876304 L3=0.0072888946
1293 1.06891 63.99 F=0.00066262493 L1=0.9203736 L2=0.077786478 L3=0.071744643
100 649.388 362.216 F=2.5096543e-11 L1=0.067521302 L2=0.067514006 L3=0.0045538329
86618 45.0418 0.000105975 F=0.99999086 L1=0.086273665 L2=0.086273661 L3=0.011784935
191194 0.001 984.106 F=1.8611878e-35 L1=999.9744 L2=0.070501043 L3=70.499238
86543 91.846 0.0347676 F=0.99704294 L1=0.085071803 L2=0.085071436 L3=0.013347797
1868 1.29136 0.000166993 F=0.99986528 L1=0.8068737 L2=0.80677057 L3=0.66326353
110 2.999 4 F=0.40794089 L1=0.34606098 L2=0.15869813 L3=0.055307884
40 0.0177741 9.62849 F=0.0016316004 L1=56.263963 L2=0.11632628 L3=6.5476063 acc=8.8e-66
100 63.99 0.0109884 F=0.99904489 L1=0.08692839 L2=0.086928162 L3=0.013617034
4332 0.00530385 16 F=0.00025208712 L1=188.54345 L2=0.10154453 L3=19.145775
81219 42.1679 14.219 F=0.31676886 L1=0.089303541 L2=0.086759731 L3=0.006713985
208 0.0333681 26.7025 F=0.00055187951 L1=29.962864 L2=0.093472825 L3=2.8014498
3414 79.41 0.0233285 F=0.99800975 L1=0.085330683 L2=0.085330356 L3=0.013158516
53 0.00154279 3.24202 F=0.0004477767 L1=648.19458 L2=0.31118794 L3=201.71533
41 0.0147022 24.8542 F=0.00029948824 L1=68.004579 L2=0.082282683 L3=5.597031
37 116.3 0.00114124 F=0.99989849 L1=0.088951864 L2=0.088951861 L3=0.015586428
998184 70.5543 0.0176339 F=0.99849311 L1=0.085469087 L2=0.085468774 L3=0.012914949
383 100 23.3273 F=0.15757473 L1=0.084396591 L2=0.083540193 L3=0.0073058038 acc=1.4e-63
103846 53.9607 3 F=0.7858498 L1=0.076659048 L2=0.076406124 L3=0.007317267
50 8 39.6365 F=0.028829413 L1=0.12712275 L2=0.065903756 L3=0.0086073875
823 2.46624 60.9136 F=0.0017423195 L1=0.39570137 L2=0.077940723 L3=0.031000769
405973 0.00135274 0.00788323 F=0.14638738 L1=739.30881 L2=108.33829 L3=80095.501
40 1696.24 58.1233 F=0.021480662 L1=0.05839651 L2=0.05839651 L3=0.0032530659
inf 67.0561 2.999 F=0.78801945 L1=0.075318573 L2=0.075153051 L3=0.0072955007
178 0.0357531 59.9326 F=3.9989681e-5 L1=27.949292 L2=0.074218512 L3=2.0745161
13972 0.00118647 0.00272133 F=0.30356134 L1=842.89956 L2=255.96425 L3=215752.2
3072 89.4357 0.1 F=0.99153152 L1=0.084744512 L2=0.084743334 L3=0.013150602
inf 85.1458 0.226257 F=0.98102097 L1=0.084037585 L2=0.084034339 L3=0.012701054 acc=1.6e-63
77883 91.7113 48.9231 F=0.019440916 L1=0.078750948 L2=0.076939937 L3=0.0062862249
3264 0.328096 515 F=1.6645966e-18 L1=3.0237318 L2=0.070735742 L3=0.21388771
505993 1.51506 0.0725701 F=0.95236746 L1=0.6880813 L2=0.65681619 L3=0.46025991
inf 0.00685941 187.855 F=4.6199548e-10 L1=145.76166 L2=0.072575539 L3=10.578745
8144 0.835083 40 F=0.003706646 L1=1.1886791 L2=0.087737372 L3=0.10473077
100 1 340.037 F=6.9178678e-12 L1=0.97640546 L2=0.067550495 L3=0.065955421
38 104.173 0.0380537 F=0.99662836 L1=0.088608905 L2=0.088608731 L3=0.015322589
152 16 2.74156 F=0.77283757 L1=0.096062853 L2=0.091629581 L3=0.0090230969
3408 0.023176 40.0902 F=0.00011076931 L1=43.136803 L2=0.087622494 L3=3.7802054
39 778.779 0.000253574 F=0.99997753 L1=0.088625164 L2=0.088625164 L3=0.015737708 acc=3.1e-69
37 82.8999 8.36082 F=0.51490631 L1=0.081619121 L2=0.081344934 L3=0.005222987
192903 0.001 746.504 F=3.5661616e-28 L1=999.97456 L2=0.07066049 L3=70.658693
inf 1.5 0.101614 F=0.93392439 L1=0.69469167 L2=0.65088005 L3=0.46043251
368454 2.999 4.76177 F=0.36289373 L1=0.34614858 L2=0.14764997 L3=0.051510042
243 40.8381 3.97119 F=0.7245979 L1=0.078399505 L2=0.077763018 L3=0.0064267421
433721 14.5403 515 F=2.6548817e-17 L1=0.10232433 L2=0.070943401 L3=0.0072594259
inf 0.318355 0.0989033 F=0.7590091 L1=3.1936067 L2=2.446214 L3=7.8434198
210 0.96307 512 F=2.1789606e-17 L1=1.0152442 L2=0.068718703 L3=0.069766532
64 1.68464 52.1274 F=0.0038565203 L1=0.573953 L2=0.067228233 L3=0.038709261
173 1.45767 515 F=3.2312842e-17 L1=0.66473379 L2=0.068512622 L3=0.045542376 acc=3.2e-63
37 0.25 64.01 F=0.00042894918 L1=3.9719122 L2=0.060495764 L3=0.24027997
33800 39.708 24.7326 F=0.12341732 L1=0.093228466 L2=0.088841239 L3=0.0084627811
86175 0.001 3.75 F=0.0002506771 L1=1000.0185 L2=0.27039172 L3=270.40047
577 9.20553 55.5567 F=0.0061422274 L1=0.12739438 L2=0.078143844 L3=0.010110145
112 79.6672 16 F=0.28423743 L1=0.084088723 L2=0.083217299 L3=0.0069233075
7264 100 0.229281 F=0.98080896 L1=0.083822871 L2=0.083820486 L3=0.012929618
inf 1.46584 0.17579 F=0.8886362 L1=0.71011125 L2=0.63452184 L3=0.45869003
213562 1.81256 700 F=1.4620827e-23 L1=0.53339391 L2=0.070704474 L3=0.037714172
213 0.141651 56.328 F=0.00019919903 L1=7.0407244 L2=0.075847329 L3=0.53421929
40 1.02654 9.60724 F=0.084440826 L1=0.97625994 L2=0.11063072 L3=0.1091504 acc=2.8e-62
220 2.40028 700 F=1.0930078e-22 L1=0.39958413 L2=0.068861066 L3=0.027515464
50 94.0825 515 F=1.4385088e-15 L1=0.069814369 L2=0.068058977 L3=0.0047477376
40 802.911 0.256056 F=0.97783322 L1=0.086597258 L2=0.086597258 L3=0.014651546
3223 1.14407 0.00015213 F=0.99986169 L1=0.90931012 L2=0.90919093 L3=0.84154097
14524 254.829 3 F=0.79453554 L1=0.071203893 L2=0.071192027 L3=0.0072455793
86 232.402 700 F=2.854219e-21 L1=0.0689875 L2=0.068574937 L3=0.0047288122
38 1104.24 0.189706 F=0.98344293 L1=0.087295368 L2=0.087295368 L3=0.014952129
inf 100 0.00367308 F=0.99968712 L1=0.08518422 L2=0.085184188 L3=0.013567267
421 1.03884 0.00932123 F=0.9907619 L1=0.99999895 L2=0.99124648 L3=1.0079522
50 383.418 0.186751 F=0.98388829 L1=0.086272064 L2=0.08627206 L3=0.014815373 acc=1.6e-63
596381 61.5283 68.8474 F=0.0039664514 L1=0.078763238 L2=0.074635854 L3=0.005939432
15346 1.14338 0.000415728 F=0.9996219 L1=0.90983237 L2=0.90950636 L3=0.84229787
38 19.9603 3 F=0.76168352 L1=0.09089012 L2=0.088486919 L3=0.0080257453
40 0.0013876 6.53287 F=0.0001965442 L1=720.67997 L2=0.16461717 L3=118.63721
111 0.110019 3.34696 F=0.03001506 L1=9.1088196 L2=0.29298194 L3=2.6731028
157303 47.7351 147.251 F=1.1722533e-5 L1=0.080246855 L2=0.072573669 L3=0.0058238925
inf 16 0.798082 F=0.92701836 L1=0.095944668 L2=0.094584619 L3=0.0086337511
38 2.09163 3.75 F=0.34242033 L1=0.49061599 L2=0.18183016 L3=0.090552063
546498 25.0697 81.0435 F=0.0012031831 L1=0.08945216 L2=0.075042205 L3=0.0067369367
8832 348.563 14.9777 F=0.33193423 L1=0.079902946 L2=0.07985176 L3=0.0054902715 acc=3.0e-63
41 108.091 0.0789681 F=0.99305234 L1=0.08799474 L2=0.087994377 L3=0.015094651
inf 64.1799 917.079 F=2.3810917e-29 L1=0.077667293 L2=0.070510069 L3=0.0054763262
329 1.38217 342.937 F=2.3806341e-12 L1=0.70270095 L2=0.069541503 L3=0.048869763
169956 1.44104 3 F=0.31144755 L1=0.71012936 L2=0.23370689 L3=0.16846917
inf 0.513539 0.0001 F=0.99980031 L1=1.9972652 L2=1.9968833 L3=4.0176386
inf 0.25 14.9478 F=0.012906859 L1=4.0017413 L2=0.10185458 L3=0.4076485
28073 2.92572 0.135026 F=0.95419618 L1=0.35550641 L2=0.3395791 L3=0.1182501
13044 17.429 13.8359 F=0.2882284 L1=0.10474108 L2=0.093655051 L3=0.0087153314
inf 530.946 0.00046736 F=0.9999605 L1=0.084510942 L2=0.084510942 L3=0.014788591
27076 1.24135 59.2655 F=0.0010672407 L1=0.79227973 L2=0.079585984 L3=0.063246415 acc=3.2e-63
1167 0.0128938 66.3952 F=7.3553336e-6 L1=77.538078 L2=0.077295539 L3=5.9934924
3304 0.97585 0.238214 F=0.7972189 L1=1.0596718 L2=0.85430699 L3=0.91914524
100 61.8624 0.252539 F=0.9784416 L1=0.085586973 L2=0.085580145 L3=0.012841644
3209 71.8207 64 F=0.0059941273 L1=0.07770209 L2=0.074547433 L3=0.0058761348
inf 100 36.8562 F=0.050861685 L1=0.081952455 L2=0.080683322 L3=0.0069759622
inf 0.00211406 0.00434193 F=0.32736292 L1=473.08916 L2=154.96099 L3=73310.411
6403 0.981936 24.7607 F=0.017662637 L1=1.017885 L2=0.097757846 L3=0.10003579
38 0.00649846 0.0176294 F=0.26901044 L1=153.95085 L2=41.513465 L3=6391.0803
inf 8.6633 356.493 F=1.6355923e-12 L1=0.12967114 L2=0.071366801 L3=0.0092554117
40 3 0.203758 F=0.9337002 L1=0.34826283 L2=0.32586504 L3=0.1124513 acc=4.2e-63
238300 41.4623 3.83189 F=0.73359253 L1=0.078002373 L2=0.077412906 L3=0.0065727824
inf 29.2313 0.1 F=0.99130058 L1=0.087261881 L2=0.087246123 L3=0.010016453
670581 46.1291 314.594 F=6.9209848e-11 L1=0.080598263 L2=0.07138884 L3=0.0057538167
17030 68.1206 0.125144 F=0.98938512 L1=0.084936061 L2=0.084933453 L3=0.012576805
58 0.25 2.86596 F=0.075960175 L1=4.0209482 L2=0.32541051 L3=1.3136672
282854 72.9604 2.999 F=0.78872833 L1=0.074869883 L2=0.07472954 L3=0.0072886044
54 0.127905 64 F=0.00016848724 L1=7.7923552 L2=0.064637848 L3=0.50373218
16962 2.3193 0.000910196 F=0.99959096 L1=0.44958127 L2=0.44940302 L3=0.20267305
699 50.723 0.0001 F=0.99999138 L1=0.086233241 L2=0.086233237 L3=0.012283273
77 1.14274 0.00327262 F=0.9970258 L1=0.91142542 L2=0.90886219 L3=0.84380477 acc=8.6e-66
inf 8 0.0146006 F=0.99802684 L1=0.13542326 L2=0.13523506 L3=0.011012366
38 0.221397 133.154 F=4.967378e-6 L1=4.4890259 L2=0.063519632 L3=0.28513274
870516 63.99 65.2875 F=0.0052266593 L1=0.078709053 L2=0.074917173 L3=0.0059756764
37 383.123 0.100763 F=0.99112577 L1=0.088075993 L2=0.088075993 L3=0.015341986
7705 174.313 8.36 F=0.54339269 L1=0.072542691 L2=0.072442125 L3=0.0038548827
115830 0.25 0.000204573 F=0.99917054 L1=4.0579196 L2=4.0546425 L3=16.491246
100 42.526 63.99 F=0.0077797751 L1=0.074399573 L2=0.067907954 L3=0.0050439108
38 47.4119 53.5643 F=0.025261319 L1=0.062234309 L2=0.058145402 L3=0.0034363873
87643 0.0260937 36.4468 F=0.0001717629 L1=38.314096 L2=0.09025011 L3=3.4583549
37 0.0279396 512 F=7.5415576e-18 L1=35.765386 L2=0.068033538 L3=2.4332438 acc=1.9e-66
50 3.001 20.0357 F=0.070379274 L1=0.33528042 L2=0.09306114 L3=0.032483713
116 89.5829 0.116598 F=0.99001674 L1=0.085670866 L2=0.085669543 L3=0.01379186
51743 0.209206 3.001 F=0.061671064 L1=4.8007319 L2=0.31646317 L3=1.5238513
84 126.003 25.9992 F=0.13225735 L1=0.075001813 L2=0.074500046 L3=0.0063907555
258 3.001 511.9 F=4.58453e-17 L1=0.31905758 L2=0.068962144 L3=0.02200321
134 1 34.4235 F=0.007717933 L1=0.98958755 L2=0.083696515 L3=0.083431084
inf 1676.43 1.70515 F=0.8742723 L1=0.074196572 L2=0.074196451 L3=0.0098219282
2887 0.25 37.1551 F=0.001516011 L1=3.9907296 L2=0.089387819 L3=0.35721527
111 45.2964 68.5718 F=0.0055714363 L1=0.074461474 L2=0.068316605 L3=0.0050791938
85257 108.245 0.00020659 F=0.99998241 L1=0.085142056 L2=0.085142055 L3=0.013691814 acc=1.5e-69
109 116.384 5.9696 F=0.6367718 L1=0.072781622 L2=0.072650207 L3=0.0044922838
37 72.5375 0.000128442 F=0.99998854 L1=0.089238971 L2=0.089238969 L3=0.0151038
inf 3.001 0.000195277 F=0.99993243 L1=0.34605295 L2=0.34602999 L3=0.11634626
33458 14.216 64 F=0.0035711651 L1=0.10481113 L2=0.077548548 L3=0.0082211792
37 0.00143341 700 F=1.0233124e-24 L1=697.61296 L2=0.068564252 L3=47.83131
226350 63.99 0.190605 F=0.98389404 L1=0.084692889 L2=0.084688148 L3=0.01228669
7399 83.3282 16 F=0.28880306 L1=0.085214792 L2=0.084372148 L3=0.0064696033
50 0.01 0.0856351 F=0.10398571 L1=100.0644 L2=10.517827 L3=1052.5029
41 0.36695 515 F=6.7658022e-17 L1=2.6998979 L2=0.068045795 L3=0.18371473
188 0.823615 0.097697 F=0.89043244 L1=1.2547296 L2=1.1238524 L3=1.4293764 acc=1.2e-62
inf 374.57 8.36 F=0.5486318 L1=0.071037823 L2=0.071015476 L3=0.0036603468
346 390.937 66.6359 F=0.0069907343 L1=0.069790871 L2=0.069631165 L3=0.004906077
552 2.46422 512.1 F=2.1302086e-17 L1=0.38981186 L2=0.069812981 L3=0.02721511
390 0.690416 42.6722 F=0.0025752373 L1=1.4363556 L2=0.083428855 L3=0.12023587
50 16 0.001 F=0.99990265 L1=0.09735968 L2=0.097358085 L3=0.0090875184
69935 100 64 F=0.0063372446 L1=0.076063233 L2=0.074181222 L3=0.0057289955
inf 2.47269 39.8454 F=0.0095243583 L1=0.40141209 L2=0.087679603 L3=0.035612642
1593 121.415 0.194578 F=0.98369253 L1=0.083878756 L2=0.083877422 L3=0.013302854
inf 1.19449 3.75 F=0.23000867 L1=0.85218943 L2=0.21068472 L3=0.18173277
38 0.0443269 0.0258624 F=0.63044717 L1=22.626105 L2=14.312698 L3=323.88586 acc=1.4e-61
inf 0.249853 392.303 F=6.9879934e-15 L1=3.9783557 L2=0.071254882 L3=0.28348038
inf 1.20799 15.0037 F=0.056387882 L1=0.83113627 L2=0.1015667 L3=0.084362474
236 2.79737 30.7545 F=0.024483553 L1=0.3571322 L2=0.089670691 L3=0.03261905
49555 1162.11 2.26398 F=0.83917073 L1=0.072134951 L2=0.07213457 L3=0.0085848927
2493 8 0.001 F=0.99986467 L1=0.13535064 L2=0.13533773 L3=0.010972189
41 0.00465049 0.0073167 F=0.38840853 L1=215.09955 L2=83.630109 L3=17988.847
26854 980.932 42.9657 F=0.036367877 L1=0.075417096 L2=0.075396707 L3=0.0059883316
inf 191.028 194.405 F=6.0862961e-7 L1=0.07260365 L2=0.071300629 L3=0.0051766871
41 0.339532 4 F=0.07383745 L1=2.9609155 L2=0.23426595 L3=0.69685715
inf 108.959 3.87368 F=0.74285477 L1=0.071915373 L2=0.071823752 L3=0.006164347 acc=2.9e-62
inf 6.66589 0.0292485 F=0.99541346 L1=0.15759023 L2=0.15698332 L3=0.017094815
14421 0.00250873 0.594814 F=0.0040832939 L1=398.65539 L2=1.7070237 L3=680.53719
57774 2.12673 200.085 F=4.866347e-8 L1=0.45467797 L2=0.072408154 L3=0.032931985
8871 0.25 46.851 F=0.00065206488 L1=3.9868306 L2=0.08411326 L3=0.33569071
41 3 0.252936 F=0.91897739 L1=0.34827412 L2=0.3209162 L3=0.11086452
179383 60.6283 40 F=0.036490444 L1=0.084001136 L2=0.080911102 L3=0.0071331456
7139 137.368 515 F=7.5099514e-17 L1=0.073509079 L2=0.070663933 L3=0.005194439
133595 19.4178 0.0001 F=0.99999089 L1=0.091114907 L2=0.091114826 L3=0.0081607518
38 500 700 F=6.5872092e-21 L1=0.068571454 L2=0.068571429 L3=0.0047000017
702 49.0318 750.087 F=5.6988645e-24 L1=0.079046152 L2=0.069748657 L3=0.005513203 acc=1.8e-63
631 0.197216 92.8261 F=1.5682308e-5 L1=5.0495637 L2=0.073966154 L3=0.37355345
287 372.425 61.2977 F=0.010327914 L1=0.069687665 L2=0.069531425 L3=0.0049131438
inf 66.8739 700 F=1.0926722e-22 L1=0.077363255 L2=0.070652849 L3=0.0054659343
249 16 47.0439 F=0.015908969 L1=0.099495255 L2=0.077548245 L3=0.007929113
179 0.180598 2.999 F=0.053713087 L1=5.5579594 L2=0.31907925 L3=1.7782279
4671 1026.37 0.01617 F=0.99863615 L1=0.084338998 L2=0.084338997 L3=0.014887075
1500 3.18226 52.5037 F=0.0040392759 L1=0.30941569 L2=0.080811044 L3=0.025242773
18176 110.579 511.9 F=8.3029409e-17 L1=0.074439287 L2=0.070763477 L3=0.0052675825
inf 0.0017521 1219.25 F=2.0749444e-42 L1=570.71833 L2=0.070408063 L3=40.183172
930067 0.0371586 278.946 F=3.5031373e-12 L1=26.887416 L2=0.071752727 L3=1.9292517 acc=3.9e-66
inf 2.9985 31.7979 F=0.022763164 L1=0.33618814 L2=0.092885197 L3=0.031709659
101770 0.916795 169.845 F=2.1011977e-7 L1=1.0706816 L2=0.072830989 L3=0.077993928
1272 187.91 0.202512 F=0.98309341 L1=0.083505089 L2=0.083504509 L3=0.01367754
16692 0.0813222 27.2995 F=0.0012501784 L1=12.292679 L2=0.096312514 L3=1.1845238
686212 0.228594 41.1187 F=0.00097415795 L1=4.3636361 L2=0.087304863 L3=0.38139759
38 0.766129 0.000460979 F=0.99937753 L1=1.3511277 L2=1.3503315 L3=1.8484102
115797 0.00600295 20.1824 F=0.0001871987 L1=166.58441 L2=0.10003483 L3=16.664728
9817 56.757 52.3697 F=0.013599 L1=0.081204647 L2=0.077177306 L3=0.0064528045
64 2.00879 69.511 F=0.0014054777 L1=0.47811949 L2=0.066237402 L3=0.031702364
5007 2.89313 2.00862 F=0.57660819 L1=0.36008382 L2=0.21523144 L3=0.078244142 acc=4.2e-62
40 58.8166 30.582 F=0.09660993 L1=0.062911648 L2=0.060839141 L3=0.0045634737
614871 2.57056 0.208849 F=0.9218973 L1=0.40527399 L2=0.37447678 L3=0.15116922
40 2.80934 33.135 F=0.024424067 L1=0.33964343 L2=0.066444536 L3=0.023252896
60 0.592164 700 F=2.0049722e-22 L1=1.6642631 L2=0.068565058 L3=0.11410921
187964 2.999 0.00123326 F=0.99957311 L1=0.34629217 L2=0.34614702 L3=0.11648396
443117 0.132954 45.8397 F=0.00038109953 L1=7.5083252 L2=0.084749162 L3=0.63668583
53 0.5 4 F=0.10503914 L1=2.0153795 L2=0.22707483 L3=0.46058961
156 500 0.457574 F=0.96240777 L1=0.082108858 L2=0.082108758 L3=0.013501421
67 110.229 39.5177 F=0.0529818 L1=0.065225232 L2=0.064382265 L3=0.0044418082
50 57.1851 4.8274 F=0.67934765 L1=0.077508617 L2=0.077120243 L3=0.0054249902 acc=3.2e-62
991292 0.731938 0.252035 F=0.73661028 L1=1.4053934 L2=1.0503127 L3=1.4936315
50183 1.63864 56.6495 F=0.0016729846 L1=0.59891933 L2=0.080306165 L3=0.048309922
100 3 15.999 F=0.10534337 L1=0.34059787 L2=0.10089799 L3=0.034672271
40 0.474623 0.144022 F=0.76175705 L1=2.1562379 L2=1.6620379 L3=3.6103579
124688 0.917784 64.01 F=0.00055832571 L1=1.0743783 L2=0.078517842 L3=0.084515548
200783 84.8698 0.00112879 F=0.99990365 L1=0.085354955 L2=0.085354942 L3=0.01331111
38 1.11446 60.5711 F=0.0021366105 L1=0.87137104 L2=0.060574909 L3=0.052772417
1654 32.0973 3.001 F=0.77847507 L1=0.081349128 L2=0.080631541 L3=0.0074377158
233 0.00515597 51.6569 F=1.0382963e-5 L1=193.93212 L2=0.077619528 L3=15.053179
inf 40 66.9604 F=0.0040569519 L1=0.083078044 L2=0.075614634 L3=0.0063519057 acc=2.2e-63
17762 0.00165065 0.79979 F=0.0019903027 L1=605.86592 L2=1.2741079 L3=771.95731
2768 0.0244376 36.4334 F=0.00016169136 L1=40.911032 L2=0.089885516 L3=3.677817
446251 3.001 0.150197 F=0.95053488 L1=0.3465105 L2=0.32973874 L3=0.11153957
38159 203.055 33.5749 F=0.070832847 L1=0.080640941 L2=0.080312713 L3=0.0068501919
3385 1.59722 0.101573 F=0.93770042 L1=0.65274585 L2=0.61387564 L3=0.40784768
100 111.772 1.39388 F=0.89174426 L1=0.078634728 L2=0.078616516 L3=0.010408622
100 121.394 0.115989 F=0.99007665 L1=0.085573799 L2=0.085573135 L3=0.014269853
inf 62.7581 51.9985 F=0.014263919 L1=0.08056902 L2=0.07712627 L3=0.0064049567
64 2.27715 512.1 F=2.2744461e-16 L1=0.42074726 L2=0.06804555 L3=0.028627724
828197 22.1539 0.17508 F=0.98448693 L1=0.089268697 L2=0.089183444 L3=0.0088266559 acc=6.3e-64
510 0.321196 0.00667034 F=0.97929183 L1=3.1689837 L2=3.1054366 L3=9.8762199
43719 55.534 512.1 F=6.0299551e-17 L1=0.078821301 L2=0.070865283 L3=0.0055856938
156 64.01 10.5663 F=0.44078676 L1=0.081511087 L2=0.080629465 L3=0.0052216193
14192 64.01 55.5379 F=0.010946364 L1=0.079737908 L2=0.076268289 L3=0.0062343575
inf 3.001 5.23769 F=0.3388969 L1=0.34569037 L2=0.14162531 L3=0.049598356
59031 0.182676 54.317 F=0.00025825032 L1=5.4586836 L2=0.081183206 L3=0.44340466
inf 1121.44 1.2007 F=0.90809372 L1=0.076675351 L2=0.076675188 L3=0.011089196
30476 126.797 0.000129825 F=0.99998896 L1=0.085029192 L2=0.085029191 L3=0.013895222
3055 87.1027 8.36 F=0.53407258 L1=0.07532966 L2=0.074945404 L3=0.0042164533
40 2.999 0.000897152 F=0.99968781 L1=0.34809228 L2=0.34798653 L3=0.11929572 acc=9.3e-68
4657 1398.76 0.072528 F=0.99391459 L1=0.083879955 L2=0.083879952 L3=0.014715156
100 44.1305 512.1 F=5.8283415e-16 L1=0.076866831 L2=0.06812678 L3=0.0052334808
107 41.3666 512.1 F=5.1888214e-16 L1=0.077736669 L2=0.068152805 L3=0.0052949005
660823 0.137331 0.00223038 F=0.98388343 L1=7.3432785 L2=7.2268306 L3=53.110561
148740 2.54608 0.225381 F=0.91547742 L1=0.40920523 L2=0.37556865 L3=0.15324879
inf 0.25 3.22391 F=0.068070678 L1=4.0196063 L2=0.29269644 L3=1.1806696
127419 49.8342 64 F=0.005402989 L1=0.080947808 L2=0.075551012 L3=0.0062022841
37 58.0614 0.201178 F=0.98229102 L1=0.088177813 L2=0.088172753 L3=0.013972472
622399 126.196 3.001 F=0.79205879 L1=0.07270435 L2=0.072656541 L3=0.0072581496
496867 64.01 205.002 F=2.020707e-7 L1=0.077685812 L2=0.071864082 L3=0.00558282 acc=1.8e-63
84 654.466 46.5939 F=0.033970714 L1=0.064570249 L2=0.064569247 L3=0.0042721912
4457 64.01 4 F=0.73080204 L1=0.074474045 L2=0.07420375 L3=0.0061945377
1828 8 846.578 F=1.8062669e-27 L1=0.1357939 L2=0.07020586 L3=0.0095337447
4477 0.154771 0.29288 F=0.34056547 L1=6.5122072 L2=2.2770266 L3=14.856927
73 2.76936 511.9 F=2.2234036e-16 L1=0.34487205 L2=0.068056078 L3=0.023468385
51 35.3488 12.4636 F=0.35113575 L1=0.09042588 L2=0.08751021 L3=0.0076800097
321909 0.001 37.2874 F=6.117649e-6 L1=999.99026 L2=0.089714019 L3=89.713638
346066 121.961 1.60669 F=0.8786287 L1=0.076779893 L2=0.07675917 L3=0.0097093671
362 0.01 0.239074 F=0.039600082 L1=100.05688 L2=4.0644392 L3=406.70965
2382 0.478692 0.16467 F=0.73836736 L1=2.1355278 L2=1.5967248 L3=3.4345954 acc=6.7e-62
100 91.7432 4 F=0.73217984 L1=0.073497317 L2=0.07337182 L3=0.005973569
787713 124.061 0.0237826 F=0.99798142 L1=0.084883749 L2=0.084883614 L3=0.013792453
3179 111.355 58.6303 F=0.0097423935 L1=0.075832352 L2=0.074341936 L3=0.0057596119
96 0.758238 31.2138 F=0.008029671 L1=1.3081629 L2=0.083857179 L3=0.11045203
50 1.67117 31.701 F=0.016874316 L1=0.5835125 L2=0.073442783 L3=0.043674867
185798 0.278664 8.36 F=0.028988687 L1=3.595118 L2=0.12889476 L3=0.46823794
inf 2.87425 0.0001 F=0.99996384 L1=0.36161238 L2=0.36159956 L3=0.12795772
4208 64 3.75 F=0.74450063 L1=0.074669807 L2=0.074422288 L3=0.006441411
11393 2127.47 42.2921 F=0.038718067 L1=0.075292029 L2=0.075287678 L3=0.0059788036
inf 1.5 40 F=0.006236821 L1=0.66008247 L2=0.087762068 L3=0.058358866 acc=3.7e-63
40 2702.67 39.1836 F=0.063230961 L1=0.056225006 L2=0.056225006 L3=0.0032336078
775413 1.23689 0.00102909 F=0.99913432 L1=0.84191432 L2=0.84122315 L3=0.72139606
inf 0.00329698 7.16255 F=0.00042110742 L1=303.31969 L2=0.15324469 L3=46.484212
38 0.474552 24.2157 F=0.0097916641 L1=2.0954465 L2=0.082000635 L3=0.17336508
inf 2.70023 0.00022416 F=0.99991363 L1=0.38534368 L2=0.38531116 L3=0.14659942
1822 1.10207 0.0001 F=0.99990566 L1=0.94347857 L2=0.94339424 L3=0.90565934
50 43.7846 749.884 F=1.2637298e-22 L1=0.075564307 L2=0.068666467 L3=0.0051869558
inf 3.45516 70.6486 F=0.0010005645 L1=0.28333198 L2=0.077239869 L3=0.021985316
4045 1.30068 53.7211 F=0.0017478763 L1=0.75680667 L2=0.0810346 L3=0.061573074
755 8 0.00185744 F=0.99974853 L1=0.13541956 L2=0.13539558 L3=0.011057232 acc=6.5e-67
inf 112.454 29.9301 F=0.090875525 L1=0.083948505 L2=0.083078602 L3=0.0073185527
978 2.98594 0.16183 F=0.94663424 L1=0.34837401 L2=0.33019495 L3=0.11248124
inf 84.5165 0.000784141 F=0.99993307 L1=0.085360663 L2=0.085360654 L3=0.013304299
40347 16 138.494 F=1.4402183e-5 L1=0.099530799 L2=0.073232582 L3=0.0072908662
12670 44.1481 0.00239856 F=0.99979298 L1=0.086312634 L2=0.086312524 L3=0.011721907
200 571.915 460.165 F=1.7776909e-14 L1=0.068534646 L2=0.068398014 L3=0.0046860042
100 502.506 483.606 F=6.6898699e-15 L1=0.068044961 L2=0.068012481 L3=0.0046244374
24965 5.94779 3 F=0.63469399 L1=0.18367149 L2=0.13395871 L3=0.023822411
inf 2.48285 0.261348 F=0.90102499 L1=0.41968988 L2=0.37933526 L3=0.15915918
54639 3.04806 2.34042 F=0.55072867 L1=0.34203828 L2=0.1975001 L3=0.068183721 acc=3.5e-62
408 16 0.0167528 F=0.99840272 L1=0.095446182 L2=0.095418411 L3=0.0076263325
100 0.01 55.669 F=1.7679754e-5 L1=99.978142 L2=0.071239912 L3=7.1226007
30105 64.01 8.36 F=0.52789081 L1=0.077251367 L2=0.076563039 L3=0.0044660499
100 0.00184015 3.75 F=0.00046115953 L1=543.45143 L2=0.26965574 L3=146.54871
100 23.2987 0.257545 F=0.97711576 L1=0.089710317 L2=0.0896085 L3=0.0097910902
853294 1.5 0.020528 F=0.98591937 L1=0.69538966 L2=0.68606526 L3=0.48604127
498963 16 10.5904 F=0.38344465 L1=0.10287474 L2=0.091752908 L3=0.0078233558
38 2.46778 44.2735 F=0.011240894 L1=0.38335065 L2=0.0600528 L3=0.023124145
1242 63.99 0.101414 F=0.99136443 L1=0.08525064 L2=0.085248287 L3=0.012572204
245003 121.512 125.931 F=7.3307738e-5 L1=0.074083804 L2=0.072031982 L3=0.0053369468 acc=1.8e-63
232321 2.69807 700 F=2.0145619e-23 L1=0.35635474 L2=0.070704575 L3=0.025196665
42 0.779293 48.5399 F=0.0029914115 L1=1.2577386 L2=0.061504585 L3=0.077456219
18819 1.33074 0.0001 F=0.99992168 L1=0.78321996 L2=0.78316173 L3=0.62503696
554 142.905 181.215 F=1.8255373e-6 L1=0.072189075 L2=0.07028635 L3=0.0050736373
701376 0.715687 26.9151 F=0.010716886 L1=1.3949373 L2=0.096556848 L3=0.13524537
197370 3.001 13.6138 F=0.13573367 L1=0.3404293 L2=0.10105677 L3=0.033912007
50 0.0186289 0.00083891 F=0.95685327 L1=53.748007 L2=51.434783 L3=2764.5647
inf 2.999 66.302 F=0.0012645928 L1=0.32589078 L2=0.077969199 L3=0.025536215
37 1185.75 0.13612 F=0.98804882 L1=0.087809552 L2=0.087809552 L3=0.01519261
inf 0.0322815 0.0207557 F=0.60784195 L1=31.041978 L2=18.918431 L3=587.31056 acc=1.5e-61
341 0.590806 0.01 F=0.98288479 L1=1.7404994 L2=1.7120623 L3=3.0067972
inf 2.10697 78.809 F=0.00036634289 L1=0.46213058 L2=0.076281985 L3=0.035331068
2460 0.312135 0.001 F=0.99675071 L1=3.2596949 L2=3.2494325 L3=10.627804
90 3.001 23.6675 F=0.050173233 L1=0.3348328 L2=0.091700928 L3=0.031593839
inf 108.331 34.5373 F=0.061968873 L1=0.082432071 L2=0.081383986 L3=0.007081771
126 55.2927 35.3393 F=0.058305457 L1=0.077779787 L2=0.074565211 L3=0.0062406811
inf 56.1716 20.0301 F=0.19672597 L1=0.089810767 L2=0.087719506 L3=0.0076943381
inf 126.889 50.7124 F=0.017804632 L1=0.076895146 L2=0.075817226 L3=0.0060357357
38 327.527 9.36856 F=0.47993196 L1=0.081112548 L2=0.081112136 L3=0.0054601249
7949 0.0255525 0.0491014 F=0.34120983 L1=39.198684 L2=13.456919 L3=527.53708 acc=1.2e-61
859749 94.9775 17.8373 F=0.24951796 L1=0.085595584 L2=0.084858822 L3=0.006811794
238527 16 0.001 F=0.99990485 L1=0.095157658 L2=0.095155993 L3=0.0073803858
206165 43.8202 62.4716 F=0.0058551703 L1=0.082407256 L2=0.076011057 L3=0.0063603775
40 2.45346 0.202007 F=0.92057001 L1=0.42634983 L2=0.39366943 L3=0.16928206
52 0.253414 49.078 F=0.00088363802 L1=3.9215009 L2=0.064835768 L3=0.25441016
945940 1.2456 0.00050492 F=0.99957801 L1=0.83610468 L2=0.83577006 L3=0.71181114
100 0.276895 65.2198 F=0.00024345093 L1=3.5890457 L2=0.070002285 L3=0.25133865
inf 1.5 0.00412447 F=0.99713921 L1=0.69553775 L2=0.69364381 L3=0.49156553
19396 0.25 6.43685 F=0.034536656 L1=4.0122053 L2=0.16211118 L3=0.65173386
inf 1781.5 0.000213589 F=0.99998197 L1=0.084401037 L2=0.084401037 L3=0.014988244 acc=1.9e-69
800 0.5 0.0248363 F=0.9515008 L1=2.0497661 L2=1.9544382 L3=4.0349964
496 57.767 3.001 F=0.78616166 L1=0.07632053 L2=0.076098909 L3=0.0073022569
417 104.347 3.75 F=0.74869368 L1=0.072384162 L2=0.072289215 L3=0.006287292
38 93.1432 821.056 F=1.5443787e-24 L1=0.069988279 L2=0.068782056 L3=0.0048124544
46631 0.614007 0.00197103 F=0.99670738 L1=1.6758721 L2=1.6706089 L3=2.8261892
158348 0.154382 0.00261099 F=0.98321213 L1=6.5384454 L2=6.4306284 L3=42.087562
38 4.64114 0.0170554 F=0.99619411 L1=0.22402951 L2=0.22321558 L3=0.044502363
1106 74.6079 1.22105 F=0.90422892 L1=0.079700712 L2=0.079663502 L3=0.010263748
inf 0.48618 26.1051 F=0.0080554041 L1=2.0544041 L2=0.097072746 L3=0.19998826
4599 705.134 1377.43 F=6.7580173e-43 L1=0.070551809 L2=0.070086631 L3=0.0049447347 acc=1.6e-63
85219 3.001 0.00259997 F=0.99910106 L1=0.34606194 L2=0.3457565 L3=0.11626725
73686 0.0130236 0.0131779 F=0.49662579 L1=76.849417 L2=38.230911 L3=2938.0695
475812 64.01 0.195138 F=0.98351662 L1=0.084668888 L2=0.084664021 L3=0.012276407
5399 64 3.001 F=0.78745343 L1=0.075589889 L2=0.075408393 L3=0.0072966797
inf 3 1.47024 F=0.65980417 L1=0.34781074 L2=0.23476416 L3=0.081890255
102 1.91477 36.9439 F=0.01137384 L1=0.51147923 L2=0.078941746 L3=0.040899513
39 0.00851475 0.000654417 F=0.92858662 L1=117.51216 L2=109.13003 L3=12824.154
134753 1.3522 2.82447 F=0.31097924 L1=0.75644605 L2=0.24770991 L3=0.19016618
4456 122.854 0.156633 F=0.98684184 L1=0.084060558 L2=0.084059539 L3=0.013394999
inf 500 1189.49 F=2.6301324e-37 L1=0.070997996 L2=0.070296122 L3=0.0049908838 acc=1.7e-63
27287 0.0744594 1132.69 F=4.0076754e-38 L1=13.404711 L2=0.070411781 L3=0.94384997
349618 0.995518 0.863031 F=0.52362138 L1=1.032597 L2=0.55594818 L3=0.5820704
1350 0.001 27.2753 F=1.5560364e-5 L1=999.99545 L2=0.095860796 L3=95.86097
341374 2031.34 36.5694 F=0.059800091 L1=0.077350283 L2=0.077346168 L3=0.0063483039
127841 2.96565 1.42794 F=0.66385879 L1=0.35177368 L2=0.23864784 L3=0.084204049
56498 55.196 48.315 F=0.018476133 L1=0.082385768 L2=0.078371738 L3=0.0066913178
40 2.27675 63.99 F=0.0030818489 L1=0.41720008 L2=0.061499857 L3=0.025635589
inf 0.00704739 0.203172 F=0.033127209 L1=141.95443 L2=4.8085193 L3=682.62674
365 1.6956 0.270534 F=0.85691537 L1=0.61428967 L2=0.52990386 L3=0.33095651
30399 0.25832 63.99 F=0.0001677166 L1=3.8538967 L2=0.078531089 L3=0.30281385 acc=1.9e-64
inf 0.00321494 93.0296 F=2.3151585e-7 L1=311.02671 L2=0.075166454 L3=23.378834
inf 2.82449 35.6137 F=0.015357044 L1=0.35425427 L2=0.090306401 L3=0.032452596
38 1 0.0526972 F=0.94796649 L1=1.0395517 L2=0.98840455 L3=1.0453339
inf 0.0294838 0.000126847 F=0.9957079 L1=33.982524 L2=33.837225 L3=1149.9208
2296 3 15.999 F=0.10657801 L1=0.34120989 L2=0.10100349 L3=0.034357074
64 16 0.00119517 F=0.99988423 L1=0.096870978 L2=0.096869054 L3=0.0087199936
inf 25.3986 52.726 F=0.010576704 L1=0.091532831 L2=0.079077722 L3=0.0074213732
29432 0.00231534 1.32546 F=0.0016671845 L1=431.93662 L2=0.76863046 L3=332.01171
243 42.7825 37.5144 F=0.044431582 L1=0.083565059 L2=0.078484329 L3=0.0069387017
1026 5.82406 3.75 F=0.5713668 L1=0.18736423 L2=0.12836331 L3=0.023947184 acc=7.5e-63
12067 40.7992 0.26705 F=0.97730482 L1=0.085464594 L2=0.0854467 L3=0.011019212
319 63.99 0.38684 F=0.96763776 L1=0.084039182 L2=0.084028226 L3=0.01206211
141 0.480695 0.1 F=0.82376452 L1=2.1290411 L2=1.7681647 L3=3.7915244
74426 123.612 0.0111494 F=0.99905266 L1=0.084971223 L2=0.084971159 L3=0.01382865
33761 1.45207 45.7125 F=0.0037100831 L1=0.67968612 L2=0.084593907 L3=0.057845038
2642 500 45.5065 F=0.029706855 L1=0.074798282 L2=0.074718805 L3=0.0058563107
250656 100 0.0686321 F=0.99418378 L1=0.084778704 L2=0.084778076 L3=0.013377147
inf 70.6838 8.06077 F=0.54227552 L1=0.076124014 L2=0.075576788 L3=0.0043659917
9982 3.2912 0.00919679 F=0.99711157 L1=0.31499341 L2=0.31409767 L3=0.094438162
37 16 28.3533 F=0.086384507 L1=0.084527502 L2=0.065755137 L3=0.0065708193 acc=5.3e-63
7679 0.01 10.1903 F=0.0008658686 L1=100.00064 L2=0.10841159 L3=10.842287
2875 0.0358161 0.0715636 F=0.3320575 L1=27.982648 L2=9.3724918 L3=262.30902
37 0.0617246 40 F=0.00045174012 L1=16.174429 L2=0.060489336 L3=0.97870062
inf 0.355508 0.000107098 F=0.99969299 L1=2.8674825 L2=2.8666321 L3=8.2542373
1470 1.23152 64.2227 F=0.00073569869 L1=0.79742594 L2=0.07781962 L3=0.062205008
46550 55.118 0.00111852 F=0.99990391 L1=0.085911314 L2=0.085911282 L3=0.012376222
8921 110.365 429.539 F=2.8841064e-14 L1=0.074405451 L2=0.070844469 L3=0.0052712136
796 73.0816 0.0136719 F=0.99882975 L1=0.085605908 L2=0.085605684 L3=0.013117002
34474 63.99 0.0483759 F=0.99586915 L1=0.085438533 L2=0.08543746 L3=0.012630487
64 1.94737 3.001 F=0.37890746 L1=0.52793953 L2=0.21130778 L3=0.11364568 acc=4.2e-62
13569 0.0351853 0.0001 F=0.99715944 L1=28.48635 L2=28.4058 L3=809.22377
68746 220.322 86.9416 F=0.0013576695 L1=0.072424778 L2=0.071798303 L3=0.005214722
73830 0.098532 0.0944213 F=0.50779072 L1=10.208197 L2=5.2387164 L3=53.51622
100 2.36216 0.0471361 F=0.979581 L1=0.44205003 L2=0.43331782 L3=0.19250316
614789 2.59754 511.9 F=1.1920464e-17 L1=0.37042719 L2=0.070963457 L3=0.026288216
1472 2.11449 0.000148085 F=0.99992691 L1=0.49357359 L2=0.4935388 L3=0.24593691
259 0.268664 4 F=0.059329489 L1=3.7387377 L2=0.23909279 L3=0.89699926
inf 41.5547 40.0855 F=0.033487212 L1=0.087607592 L2=0.082070525 L3=0.0075255992
3408 0.412434 47.2486 F=0.0010284285 L1=2.4116552 L2=0.083698261 L3=0.20218868
274 1 64.6442 F=0.00066722322 L1=0.98286706 L2=0.075074684 L3=0.073919433 acc=2.9e-63
56915 125.302 163.463 F=4.9872494e-6 L1=0.073945292 L2=0.071724576 L3=0.0053037142
275563 92.4612 6.7334 F=0.60332099 L1=0.072967731 L2=0.072704585 L3=0.0043447127
inf 1.14768 16 F=0.048709708 L1=0.87450058 L2=0.1013561 L3=0.088714368
inf 3.13757 64.8461 F=0.0014649304 L1=0.31194126 L2=0.078233985 L3=0.024539161
502695 46.0397 40 F=0.034507676 L1=0.086516253 L2=0.081776172 L3=0.0074114787
10263 502.768 3.001 F=0.79566402 L1=0.070471597 L2=0.070468529 L3=0.0072388062
144771 12.4162 37.0159 F=0.030540492 L1=0.11633501 L2=0.08727325 L3=0.010520827
40 108.343 0.01842 F=0.9983692 L1=0.088536789 L2=0.088536712 L3=0.015373336
24293 0.0278784 515 F=1.3171128e-19 L1=35.845014 L2=0.070928724 L3=2.5424429
55 0.01 29.2666 F=0.00013970888 L1=99.985275 L2=0.079271032 L3=7.92693 acc=3.3e-67
20285 1.31623 27.7652 F=0.017125742 L1=0.75862682 L2=0.095912357 L3=0.073295881
inf 0.00890785 3.75 F=0.0022285546 L1=112.27907 L2=0.26986399 L3=30.303815
61 93.2088 64 F=0.011473125 L1=0.0645468 L2=0.063008454 L3=0.004001934
150442 1 48.595 F=0.0020919864 L1=0.98856817 L2=0.083336155 L3=0.082696691
28886 64.01 64.01 F=0.0057609647 L1=0.07878132 L2=0.075030386 L3=0.0059972657
105 0.14306 61.3378 F=0.00016443211 L1=6.9679427 L2=0.070769813 L3=0.49324288
146423 0.00203934 64.01 F=1.3535286e-6 L1=490.3379 L2=0.078564241 L3=38.52319
303302 68.4068 512 F=6.6036968e-17 L1=0.077198306 L2=0.070860479 L3=0.005470309
1681 0.046559 31.367 F=0.00048958928 L1=21.471299 L2=0.09314557 L3=2.0005329
192 1.04634 1126.31 F=1.0948885e-35 L1=0.93308158 L2=0.069131967 L3=0.064505407 acc=3.1e-63
50 0.5 3.32656 F=0.12390393 L1=2.0176623 L2=0.2658017 L3=0.54025683
50 117.558 64.01 F=0.013076111 L1=0.061958902 L2=0.061206374 L3=0.0036970708
inf 16 303.772 F=9.4259941e-11 L1=0.099407543 L2=0.07156673 L3=0.0071146671
186676 0.00334562 39.254 F=1.7174721e-5 L1=298.88784 L2=0.088463417 L3=26.441102
236 0.190112 512.1 F=4.0380282e-18 L1=5.234266 L2=0.06885457 L3=0.36040378
847 3.001 0.164438 F=0.94607952 L1=0.34662073 L2=0.32834484 L3=0.11122243
38 0.0830766 0.171505 F=0.32299548 L1=12.096354 L2=3.981926 L3=48.203087
6191 0.236345 0.176153 F=0.56767177 L1=4.2834574 L2=2.4716237 L3=10.617604
119116 0.00288122 0.111418 F=0.025033848 L1=347.13724 L2=8.8067804 L3=3057.2024
41 0.708905 4.16806 F=0.13757896 L1=1.4248005 L2=0.21080339 L3=0.30283864 acc=2.2e-62
35898 1819.4 276.955 F=2.4970728e-9 L1=0.070253849 L2=0.070217816 L3=0.0049330718
88 0.25 0.0343007 F=0.87760757 L1=4.0577518 L2=3.5740685 L3=14.539319
inf 1087.93 0.145411 F=0.9878779 L1=0.083323274 L2=0.083323263 L3=0.014400697
679071 46.4507 94.0709 F=0.00056457322 L1=0.080624008 L2=0.073679878 L3=0.0059486045
348 86.9362 1.20073 F=0.90583971 L1=0.079458281 L2=0.079431578 L3=0.010501965
13717 0.00210968 43.8045 F=7.2960132e-6 L1=473.99236 L2=0.085742619 L3=40.641739
126 6.63287 0.183436 F=0.97155615 L1=0.15980689 L2=0.15606264 L3=0.018675623
372 63.99 0.0413519 F=0.9964533 L1=0.085807014 L2=0.085806103 L3=0.012894559
26660 8.28449 63.6668 F=0.0029082382 L1=0.13627355 L2=0.078066973 L3=0.010750092
40 115.497 34.7783 F=0.079846359 L1=0.057804084 L2=0.057391974 L3=0.0036592982 acc=4.0e-63
71 82.73 15.999 F=0.28214961 L1=0.083060107 L2=0.082310871 L3=0.0071768319
25619 0.00347819 15.999 F=0.00016539215 L1=287.50747 L2=0.10153117 L3=29.191182
6558 132.907 51.7281 F=0.016671102 L1=0.076354282 L2=0.075343607 L3=0.005945107
inf 63.99 0.21344 F=0.98199458 L1=0.084576003 L2=0.084570604 L3=0.012232405
162500 0.00470711 512.1 F=2.7017163e-20 L1=212.41961 L2=0.070960244 L3=15.073349
6360 1.10539 0.0128103 F=0.988091 L1=0.94045563 L2=0.92983834 L3=0.88975155
264055 42.9537 512.1 F=5.3383985e-17 L1=0.081360924 L2=0.070899599 L3=0.0057684571
448359 8 15.999 F=0.18690284 L1=0.15000386 L2=0.099200227 L3=0.014369175
499970 0.717946 0.01 F=0.98582513 L1=1.4372455 L2=1.4178652 L3=2.0613666
inf 0.157521 1.49717 F=0.091059034 L1=6.3794348 L2=0.61725132 L3=3.9474516 acc=9.3e-63
inf 3.001 0.00105252 F=0.9996359 L1=0.34605586 L2=0.34593214 L3=0.11631761
144 0.0659224 0.001 F=0.9849934 L1=15.234235 L2=15.007527 L3=228.67335
37 1 68.0539 F=0.0012566439 L1=0.97368807 L2=0.060898223 L3=0.059280725
41 318.966 0.292561 F=0.97477997 L1=0.086238132 L2=0.086238124 L3=0.014491005
inf 0.0011945 0.000115173 F=0.9120525 L1=837.23819 L2=763.6169 L3=639329.27
100 2.87907 414.665 F=1.0818825e-13 L1=0.3315997 L2=0.0678148 L3=0.022485271
69535 0.901186 0.159057 F=0.84496758 L1=1.1471061 L2=0.97747563 L3=1.1375814
inf 1.96699 403.152 F=2.1689239e-14 L1=0.49118571 L2=0.071221148 L3=0.034985268
357038 1.57511 26.0026 F=0.023689688 L1=0.63548972 L2=0.097047079 L3=0.062181991
45428 0.00775647 2.999 F=0.0024330784 L1=128.94637 L2=0.33691358 L3=43.448799 acc=6.8e-66
906250 100.049 0.142663 F=0.98798037 L1=0.084324671 L2=0.084323284 L3=0.013163966
331000 206.137 0.0155794 F=0.99868112 L1=0.084655648 L2=0.084655616 L3=0.01429279
159 0.00289809 0.0927793 F=0.030112527 L1=345.11828 L2=10.511585 L3=3627.7823
inf 0.287219 2.999 F=0.08281063 L1=3.5020726 L2=0.30950037 L3=1.088338
5400 43.7759 27.9168 F=0.094939646 L1=0.091185777 L2=0.08710291 L3=0.0082520792
38 79.9698 63.99 F=0.014873028 L1=0.060636278 L2=0.059175699 L3=0.0034432384
inf 16 4.17697 F=0.67982089 L1=0.09555033 L2=0.089224304 L3=0.0084517304
139082 0.0243535 0.0001 F=0.99590405 L1=41.127643 L2=40.959721 L3=1684.6234
38 0.0204338 0.04496 F=0.31153836 L1=49.004888 L2=15.356787 L3=752.60268
12237 132.218 2.999 F=0.79237865 L1=0.072576965 L2=0.072533403 L3=0.0072593604 acc=3.1e-62
37 116.4 0.20738 F=0.98187849 L1=0.087429536 L2=0.087428801 L3=0.01473338
41 128.604 21.398 F=0.18550762 L1=0.071683495 L2=0.07147411 L3=0.0067667487
231 0.77468 63.99 F=0.00056955961 L1=1.2727246 L2=0.074603804 L3=0.095083129
834754 2.28948 63.99 F=0.0012305271 L1=0.42662854 L2=0.078453189 L3=0.033617206
1170 2.0794 0.240199 F=0.89225702 L1=0.50136439 L2=0.44920513 L3=0.22762727
10554 122.523 0.103058 F=0.99130657 L1=0.084389242 L2=0.084388597 L3=0.013542719
446516 63.99 16.2799 F=0.27621989 L1=0.08719453 L2=0.08581218 L3=0.0067975135
1657 0.57902 947.514 F=2.013791e-31 L1=1.7032702 L2=0.070114603 L3=0.11942461
2423 0.941331 0.364964 F=0.71195756 L1=1.0961502 L2=0.79320986 L3=0.88215323
inf 0.305237 240.838 F=4.3398589e-10 L1=3.2530912 L2=0.072023818 L3=0.23430817 acc=2.7e-64
48004 64 259.791 F=3.9911257e-9 L1=0.077672888 L2=0.071533382 L3=0.0055562043
158354 0.5 700 F=4.553275e-24 L1=1.9763568 L2=0.070703388 L3=0.13973608
72 2914.93 50.3453 F=0.027659011 L1=0.063048928 L2=0.063048928 L3=0.0039915788
945 86.0663 0.589874 F=0.95178635 L1=0.082172415 L2=0.082162052 L3=0.011853171
50 9.31348 675.392 F=1.1526206e-20 L1=0.11965313 L2=0.068517881 L3=0.0081964897
680133 0.604382 0.000437487 F=0.99925589 L1=1.7021017 L2=1.7008933 L3=2.9218662
40 63.99 40 F=0.05630557 L1=0.059246507 L2=0.057210314 L3=0.0034264894
411 0.00159366 0.000252022 F=0.86343834 L1=627.55505 L2=541.87334 L3=340055.4
266386 54.2589 2.999 F=0.78596975 L1=0.076622527 L2=0.07637242 L3=0.0073177723
2359 0.5 17.5306 F=0.019368321 L1=2.0016049 L2=0.10097744 L3=0.20242353 acc=4.9e-64
2119 0.25 21.521 F=0.0066556476 L1=3.9994035 L2=0.09935283 L3=0.39787703
323834 848.157 0.229611 F=0.98099097 L1=0.082735372 L2=0.08273534 L3=0.014066644
inf 0.00165639 0.001 F=0.62350795 L1=603.7886 L2=376.51707 L3=227336.76
1572 0.083002 0.208144 F=0.28177343 L1=12.103551 L2=3.4840824 L3=42.203393
inf 1.2104 24.0109 F=0.022910268 L1=0.82672688 L2=0.098257001 L3=0.081730842
950861 2.32599 0.241617 F=0.90214412 L1=0.44810654 L2=0.40559607 L3=0.18254107
inf 2.10122 3 F=0.39690356 L1=0.49059479 L2=0.20645217 L3=0.10292461
41 1.9778 511.9 F=3.8908178e-16 L1=0.48580859 L2=0.068036655 L3=0.033050506
inf 0.0967079 80.1841 F=1.8235309e-5 L1=10.320757 L2=0.076179627 L3=0.78631881
973291 3.2856 0.000427846 F=0.99986504 L1=0.31549474 L2=0.31545281 L3=0.094985056 acc=1.7e-68
101743 0.541905 64.01 F=0.00034158828 L1=1.8289307 L2=0.078535166 L3=0.14379616
4118 823.364 0.00365329 F=0.99969144 L1=0.084460586 L2=0.084460586 L3=0.014900752
48728 0.011745 8.36 F=0.0012628234 L1=85.149728 L2=0.13229542 L3=11.269726
54 2.22387 0.0959947 F=0.95676127 L1=0.47026774 L2=0.45069162 L3=0.21439806
inf 98.5276 3.001 F=0.79072287 L1=0.073538488 L2=0.0734606 L3=0.0072677961
280488 107.532 0.221746 F=0.98144798 L1=0.083767979 L2=0.083765997 L3=0.013030411
41 100 675.216 F=3.1987804e-20 L1=0.069654193 L2=0.068518994 L3=0.0047704419
249485 40 0.000261817 F=0.99997735 L1=0.08652593 L2=0.086525914 L3=0.011378891
46651 83.2664 0.0219818 F=0.99812633 L1=0.085252153 L2=0.085251874 L3=0.013221292
181 120.813 0.00275864 F=0.99976341 L1=0.085762134 L2=0.085762119 L3=0.014326278 acc=3.0e-67
40 36.8895 0.00040248 F=0.99996378 L1=0.089985749 L2=0.089985722 L3=0.013244173
2388 0.001 64.01 F=6.7499546e-7 L1=999.98178 L2=0.078168638 L3=78.167377
854 0.5 2.999 F=0.13580344 L1=2.0194383 L2=0.29156851 L3=0.59287355
inf 0.529754 0.1 F=0.83727581 L1=1.9345027 L2=1.6322054 L3=3.1829653
148 1.90561 512 F=6.0826647e-17 L1=0.50521941 L2=0.068365157 L3=0.034538661
199 89.1648 512 F=3.2687016e-16 L1=0.072844787 L2=0.06859152 L3=0.0049949787
inf 40 0.000176189 F=0.99998476 L1=0.086525756 L2=0.086525746 L3=0.011378646
141 0.5 19.0551 F=0.016513387 L1=2.0000126 L2=0.099421054 L3=0.19951683
69 0.001 67.9169 F=8.9076418e-7 L1=999.97493 L2=0.06688762 L3=66.886008
inf 2.08906 0.0271171 F=0.98663198 L1=0.49949843 L2=0.49305938 L3=0.24877262 acc=1.7e-64
inf 120.016 0.0949608 F=0.991984 L1=0.084447195 L2=0.08444658 L3=0.013534672
38 0.00393657 60.6111 F=8.2994492e-6 L1=254.00017 L2=0.060483062 L3=15.362717
100 66.7993 66.5221 F=0.0073418619 L1=0.070418874 L2=0.067079722 L3=0.0047109025
inf 3.001 0.0335882 F=0.98850721 L1=0.34616373 L2=0.34226044 L3=0.11524068
218586 100 0.001 F=0.9999148 L1=0.085201675 L2=0.085201666 L3=0.013575617
182657 0.0286691 0.0323823 F=0.46861269 L1=34.944931 L2=16.442602 L3=574.63005
671 2.32965 51.1426 F=0.003641843 L1=0.420749 L2=0.080511641 L3=0.034132686
inf 124.181 1.10331 F=0.91374051 L1=0.078863113 L2=0.078851426 L3=0.010843474
492 0.951302 7.74732 F=0.098692607 L1=1.0593062 L2=0.13109817 L3=0.14296967
448 1.98408 0.0798776 F=0.95963497 L1=0.52602891 L2=0.50560022 L3=0.26941309 acc=1.6e-63
64 0.00764884 13.9141 F=0.00044430898 L1=130.74045 L2=0.10474789 L3=13.694968
38 0.591696 33.5396 F=0.0061382302 L1=1.6678114 L2=0.06546954 L3=0.10990673
327 64 0.00693162 F=0.99940361 L1=0.086045555 L2=0.086045407 L3=0.013019006
20788 43.9467 64.01 F=0.0052239533 L1=0.082195039 L2=0.075756251 L3=0.0063129336
4451 0.00101559 0.0001 F=0.91035522 L1=984.71647 L2=896.45373 L3=882752.79
inf 0.218019 0.13812 F=0.60759775 L1=4.6408155 L2=2.8578756 L3=13.295404
inf 63.99 2.999 F=0.78760093 L1=0.075583981 L2=0.075402619 L3=0.00729976
303631 0.00436962 0.000140119 F=0.96892063 L1=228.91918 L2=221.80864 L3=50776.3
370388 64 0.001 F=0.99991431 L1=0.085689261 L2=0.08568924 L3=0.012744313
4713 2.21574 0.0326227 F=0.98487001 L1=0.47076895 L2=0.46388076 L3=0.21983069 acc=2.2e-64
678 16 21.4079 F=0.13792532 L1=0.11037264 L2=0.094135275 L3=0.010443061
1053 1.78759 0.119262 F=0.93481664 L1=0.58350929 L2=0.54702338 L3=0.32427737
64 0.0088969 22.2149 F=0.00022656751 L1=112.39299 L2=0.092846624 L3=10.436477
3089 0.369736 64.1986 F=0.00023645553 L1=2.687483 L2=0.078203422 L3=0.2103295
41 64.7339 0.231127 F=0.97982047 L1=0.087459515 L2=0.087454762 L3=0.013907849
305 75.6769 515 F=1.6255982e-16 L1=0.074535098 L2=0.069078719 L3=0.0051480078
771609 2.7102 4.84015 F=0.33716016 L1=0.3815466 L2=0.15038485 L3=0.057860323
20798 1.73032 34.986 F=0.011022286 L1=0.57440044 L2=0.090894572 L3=0.052698239
282 105.187 0.224538 F=0.98111926 L1=0.08417936 L2=0.08417728 L3=0.013283266
40 0.00825184 40 F=5.8727588e-5 L1=121.15946 L2=0.062266107 L3=7.5444746 acc=1.5e-67
178469 0.633639 8.36 F=0.063155067 L1=1.5840571 L2=0.12463527 L3=0.20221533
37 691.586 31.8576 F=0.097107015 L1=0.056845836 L2=0.056845836 L3=0.0038142119
inf 302.208 0.000951619 F=0.99991947 L1=0.084628342 L2=0.084628341 L3=0.014573034
98 0.0978934 161.713 F=1.2318487e-7 L1=10.188966 L2=0.067333381 L3=0.68606797
6366 3.001 66.1926 F=0.0012848564 L1=0.3255874 L2=0.077843168 L3=0.025471181
325 0.00251949 0.000741345 F=0.77261319 L1=396.97313 L2=306.73704 L3=121766.41
inf 0.220379 0.235452 F=0.47765762 L1=4.5886508 L2=2.2383882 L3=10.299954
95457 16 16 F=0.23076877 L1=0.10925827 L2=0.095259217 L3=0.0096940809
564588 0.00233699 66.963 F=1.230711e-6 L1=427.88233 L2=0.077985282 L3=33.36867
4570 0.5 2.999 F=0.13580766 L1=2.0194604 L2=0.29162064 L3=0.59296219 acc=2.1e-62
457 64.01 0.0433762 F=0.99628299 L1=0.085732776 L2=0.085731819 L3=0.01284434
773 0.0100571 1 F=0.0095768621 L1=99.47107 L2=1.0114448 L3=100.62509
989975 126.889 3.75 F=0.75050266 L1=0.071518511 L2=0.071453618 L3=0.0062761907
inf 60.4678 0.103092 F=0.99122396 L1=0.08523992 L2=0.085237233 L3=0.012369535
1992 2.41388 0.000219839 F=0.99990508 L1=0.43180157 L2=0.43176177 L3=0.18640127
147 13.3141 35.5678 F=0.038893851 L1=0.1068735 L2=0.080466513 L3=0.0090372087
inf 0.001 0.109723 F=0.0089701299 L1=1000.0618 L2=9.0895817 L3=9090.1842
485526 1973 52.6144 F=0.017988634 L1=0.07286655 L2=0.072860218 L3=0.0054931586
222802 0.367305 58.4388 F=0.00036588907 L1=2.7066187 L2=0.079905515 L3=0.21648132
inf 0.5 13.7206 F=0.028533537 L1=2.0019933 L2=0.10219324 L3=0.20439981 acc=5.0e-64
354 52.677 12.5642 F=0.37098294 L1=0.085252849 L2=0.083728449 L3=0.0059719015
15115 0.001 0.1 F=0.0098392208 L1=1000.0622 L2=9.9597222 L3=9960.3831
38 1.20033 0.264032 F=0.81272082 L1=0.86601281 L2=0.71157875 L3=0.62809095
inf 60.4439 700 F=1.0440452e-22 L1=0.078132989 L2=0.070658376 L3=0.0055207501
211626 81.1381 0.272499 F=0.97720532 L1=0.083853739 L2=0.083849287 L3=0.01250629
12406 0.463153 20.6696 F=0.013141902 L1=2.1594547 L2=0.099853197 L3=0.21609401
inf 0.412348 16.5571 F=0.017787838 L1=2.4268806 L2=0.10129443 L3=0.24604951
inf 2.19921 0.00566876 F=0.99731803 L1=0.47436082 L2=0.47313106 L3=0.22600925
4368 128.017 45.3369 F=0.027037424 L1=0.077886223 L2=0.076912327 L3=0.0062612116
7631 1503.82 55.1368 F=0.01498274 L1=0.072383942 L2=0.072372648 L3=0.0053947434 acc=2.2e-63
91840 500 2.999 F=0.79578335 L1=0.07047579 L2=0.070472691 L3=0.0072424052
224097 8 15.999 F=0.18690229 L1=0.15000367 L2=0.099200035 L3=0.01436925
7069 277.94 0.304512 F=0.97486727 L1=0.082535125 L2=0.082534695 L3=0.013514965
37 41.4959 59.5631 F=0.017611308 L1=0.06421995 L2=0.058913005 L3=0.0036118171
356 2.56746 40 F=0.010116069 L1=0.3846249 L2=0.084395239 L3=0.032884031
308 3.001 0.164853 F=0.9459296 L1=0.34674821 L2=0.32842646 L3=0.11141782
100 0.21192 5.66232 F=0.033646799 L1=4.7316531 L2=0.17908697 L3=0.84873138
26907 104.614 5.82137 F=0.64598621 L1=0.07171621 L2=0.071544202 L3=0.0046349241
69503 0.503304 296.527 F=1.290531e-11 L1=1.9641437 L2=0.071640947 L3=0.1407184
inf 0.0866234 0.00191432 F=0.97825975 L1=11.607636 L2=11.357965 L3=131.88309 acc=4.7e-64
298880 0.0902858 46.2173 F=0.00025170615 L1=11.062644 L2=0.084566743 L3=0.9358884
370 0.224166 216.355 F=2.8224745e-9 L1=4.4367289 L2=0.070415333 L3=0.31242325
100 0.231859 1397.75 F=4.7419867e-44 L1=4.2875649 L2=0.069282838 L3=0.2970544
10559 2.90857 0.0376605 F=0.98671978 L1=0.35738142 L2=0.35273108 L3=0.12326244
788 5.49648 40 F=0.016538021 L1=0.19023865 L2=0.085553849 L3=0.01665955
26732 1 15.999 F=0.043065506 L1=1.0028795 L2=0.10138118 L3=0.10176969
64 1.69554 0.189662 F=0.89508992 L1=0.61569447 L2=0.55393943 L3=0.34753991
3826 1.16273 3 F=0.26746885 L1=0.87704399 L2=0.24795875 L3=0.22039653
4083 93.9874 19.4655 F=0.217037 L1=0.086114144 L2=0.085297775 L3=0.0071166004
259 0.0120545 6.61552 F=0.0016774922 L1=82.969005 L2=0.16286848 L3=13.514389 acc=2.8e-66
79 0.0729728 0.000231702 F=0.9968198 L1=13.768972 L2=13.725589 L3=189.03239
27267 2.999 30.3006 F=0.026188968 L1=0.33683511 L2=0.093895805 L3=0.032112639
999474 17.4796 0.00338147 F=0.99968542 L1=0.093048237 L2=0.093044134 L3=0.0077169082
35032 2.94555 8.36 F=0.22805542 L1=0.34419575 L2=0.10604686 L3=0.038843224
302 1896.73 0.180038 F=0.984953 L1=0.083524089 L2=0.083524089 L3=0.014470464
70 2.59975 892.189 F=1.0784624e-27 L1=0.36818049 L2=0.068876249 L3=0.025358106
44 2.99233 1 F=0.74003847 L1=0.34909637 L2=0.26191898 L3=0.092098401
1576 2.91791 512 F=1.6359488e-17 L1=0.32933287 L2=0.070514205 L3=0.02322398
38 1.90421 0.001 F=0.9994499 L1=0.5503948 L2=0.55010618 L3=0.30858552
50 60.8037 0.0103841 F=0.99908254 L1=0.088359545 L2=0.088359325 L3=0.014278572 acc=4.4e-66
inf 1.5 511.9 F=7.5770176e-18 L1=0.64723039 L2=0.070965055 L3=0.045932353
37 0.00160118 3 F=0.0005023194 L1=624.55931 L2=0.33612597 L3=209.9363
613 2.47431 11.5719 F=0.14448767 L1=0.408689 L2=0.10141052 L3=0.040517489
inf 9.52496 83.8871 F=0.00065837959 L1=0.12406903 L2=0.075563951 L3=0.0094089263
inf 63.99 66.5807 F=0.004744199 L1=0.078612545 L2=0.074781761 L3=0.0059507326
38 2.73526 0.0158152 F=0.99399002 L1=0.38227952 L2=0.38005317 L3=0.14486946
34059 0.0147557 1 F=0.013988411 L1=67.809462 L2=1.0067788 L3=68.284613
254042 0.820175 56.6131 F=0.00090583683 L1=1.2051206 L2=0.080402227 L3=0.097115356
1458 0.25 114.682 F=3.6967346e-6 L1=3.978575 L2=0.073638017 L3=0.29300992
42 5.51558 0.000579205 F=0.9998905 L1=0.18907744 L2=0.1890585 L3=0.029496021 acc=3.4e-68
100 1.24302 0.231437 F=0.83704367 L1=0.8358942 L2=0.70596145 L3=0.60092321
235 0.0195408 700 F=1.0164552e-24 L1=51.148516 L2=0.068906787 L3=3.5244799
49965 0.0120927 0.1 F=0.10721253 L1=82.756161 L2=8.9795645 L3=743.15546
inf 0.00233351 0.101089 F=0.022420797 L1=428.60176 L2=9.7276909 L3=4169.3469
50 0.556947 4 F=0.11561026 L1=1.8106809 L2=0.22447755 L3=0.4093393
9985 85.1868 512.1 F=7.4735464e-17 L1=0.075725099 L2=0.070764087 L3=0.0053586166
64 0.317044 90.5029 F=6.4422787e-5 L1=3.128528 L2=0.065906625 L3=0.20621965
inf 0.0166652 0.0116088 F=0.58896893 L1=60.070906 L2=35.433298 L3=2128.5566
100 49.4467 700 F=1.6030267e-21 L1=0.076196351 L2=0.068583366 L3=0.0052238527
37 2.05216 0.180058 F=0.91568973 L1=0.5099829 L2=0.46876388 L3=0.24319004 acc=6.9e-63
37 0.365502 0.114302 F=0.75714178 L1=2.7891421 L2=2.1341687 L3=5.9829744
1463 64 0.000537456 F=0.9999539 L1=0.085778025 L2=0.085778013 L3=0.012811254
14335 0.0029159 63.605 F=2.0028232e-6 L1=342.9299 L2=0.07859013 L3=26.951073
2064 98.0418 0.00151057 F=0.99987119 L1=0.085276498 L2=0.085276485 L3=0.013591245
50 0.00467323 700 F=2.1734199e-24 L1=213.95853 L2=0.06856428 L3=14.669911
104 72.8112 40 F=0.044731349 L1=0.072249256 L2=0.07008846 L3=0.0053572294
inf 0.00228559 69.4506 F=9.9185098e-7 L1=437.50588 L2=0.077556675 L3=33.931633
41 2.48858 0.220732 F=0.91496498 L1=0.42024869 L2=0.38574138 L3=0.16335098
261 0.00123757 45.4343 F=4.0317303e-6 L1=808.01839 L2=0.080665575 L3=65.179627
845906 0.122228 34.3696 F=0.0009624966 L1=8.1734913 L2=0.091632794 L3=0.74948879 acc=4.7e-65
55 3 46.9934 F=0.0092312003 L1=0.31727538 L2=0.065972306 L3=0.021073938
inf 0.0463944 1.18074 F=0.036263361 L1=21.59023 L2=0.83256661 L3=17.988381
161621 1.21634 0.000118423 F=0.99989864 L1=0.8559729 L2=0.85589064 L3=0.74613966
inf 110.495 0.116184 F=0.9902013 L1=0.084386698 L2=0.084385793 L3=0.013370808
1421 98.1874 0.0358342 F=0.99695161 L1=0.085086632 L2=0.085086302 L3=0.0135127
247819 126.367 22.3977 F=0.17281609 L1=0.085160384 L2=0.084618967 L3=0.007237558
100 40 48.625 F=0.02190308 L1=0.075554387 L2=0.069261678 L3=0.0053329583
11599 2.09476 512.1 F=1.0222677e-17 L1=0.46049059 L2=0.070900319 L3=0.032650436
35431 0.001 0.000380846 F=0.7241754 L1=1000.0666 L2=724.26037 L3=724308.67
2496 1.17219 46.1866 F=0.0029786861 L1=0.84274055 L2=0.083978874 L3=0.07111574 acc=3.4e-63
62 0.156175 3 F=0.046750885 L1=6.4238459 L2=0.32080068 L3=2.0658796
161 0.5 700 F=4.1048142e-23 L1=1.9751282 L2=0.068686969 L3=0.135665
inf 2.67658 3 F=0.45511634 L1=0.38746111 L2=0.18828002 L3=0.073949251
425 1.5 21.0756 F=0.036875911 L1=0.66874525 L2=0.098952657 L3=0.066670846
50 64.01 900.463 F=4.4492981e-27 L1=0.072634179 L2=0.06888946 L3=0.0050024961
2208 1.74688 0.00070201 F=0.99958058 L1=0.59769883 L2=0.59745909 L3=0.36314292
1082 119.87 64.01 F=0.0068026604 L1=0.074415742 L2=0.073015808 L3=0.00551116
852 0.00227153 0.000777061 F=0.74506952 L1=440.29879 L2=328.08717 L3=144456.43
332 39.3805 512 F=1.4021877e-16 L1=0.080498098 L2=0.069221093 L3=0.0055714929
9741 1.67932 0.00032815 F=0.99979604 L1=0.62166157 L2=0.62154048 L3=0.39321225 acc=4.0e-68
37 0.5 136.051 F=9.4094707e-6 L1=1.9729452 L2=0.063521744 L3=0.12531438
878 2.12529 62.409 F=0.0013732952 L1=0.45922864 L2=0.07770984 L3=0.035838349
132 2.20701 2.999 F=0.40867843 L1=0.46731326 L2=0.20244506 L3=0.096239795
46 0.915408 3.75 F=0.18649357 L1=1.1072485 L2=0.22043515 L3=0.24683171
9953 2.78576 0.317801 F=0.89372411 L1=0.37388474 L2=0.33518838 L3=0.12404363
inf 0.727218 4 F=0.14567195 L1=1.3906042 L2=0.21854052 L3=0.30639382
449 1 40 F=0.0045116485 L1=0.99022745 L2=0.085337611 L3=0.084949213
inf 0.102364 56.5045 F=0.00012213701 L1=9.752868 L2=0.080497428 L3=0.7853096
7510 3.001 0.000800131 F=0.99972318 L1=0.34606446 L2=0.3459704 L3=0.11634095
14373 64.01 0.180987 F=0.98469468 L1=0.084748985 L2=0.084744518 L3=0.012315748 acc=9.4e-64
64 16 0.0672539 F=0.99350848 L1=0.096911734 L2=0.096803071 L3=0.0088101982
251 128.813 50.6183 F=0.020183683 L1=0.072772933 L2=0.07175519 L3=0.0053804875
inf 70.4221 45.4332 F=0.024332947 L1=0.081240326 L2=0.078595856 L3=0.0066563566
185005 0.834889 0.00445798 F=0.99450379 L1=1.2394827 L2=1.2330178 L3=1.549252
4222 0.25 78.8758 F=5.1988617e-5 L1=3.9807828 L2=0.076113521 L3=0.30308113
246 3 38.0076 F=0.013715732 L1=0.33000967 L2=0.08418848 L3=0.02824211
45072 6.46074 28.205 F=0.051486717 L1=0.1730409 L2=0.094477554 L3=0.016735474
59738 0.00212444 0.011559 F=0.15513833 L1=470.77769 L2=73.146847 L3=34435.951
inf 0.462105 0.001 F=0.99778935 L1=2.2154302 L2=2.2107287 L3=4.9285367
370892 2.04612 64 F=0.00112302 L1=0.47761881 L2=0.078463712 L3=0.037624415 acc=3.4e-63
7928 2043.42 700 F=3.3802014e-22 L1=0.070152248 L2=0.070090461 L3=0.0049170021
427099 64.01 0.121979 F=0.989641 L1=0.085046626 L2=0.08504375 L3=0.012450703
339 63.99 0.0378896 F=0.99674814 L1=0.085859108 L2=0.085858277 L3=0.012927405
40 0.0616109 0.000319589 F=0.9948183 L1=16.297763 L2=16.213993 L3=264.2979
41236 2.46224 6.19833 F=0.26056061 L1=0.41744274 L2=0.135798 L3=0.058366813
203 454.797 0.001 F=0.99991477 L1=0.085226306 L2=0.085226306 L3=0.015103342
1493 216.16 0.000928094 F=0.99992127 L1=0.084826062 L2=0.08482606 L3=0.014441074
544968 57.8059 0.0351942 F=0.99698664 L1=0.085660868 L2=0.085659918 L3=0.012419535
51121 0.001059 0.210393 F=0.0049469065 L1=944.34627 L2=4.7804923 L3=4514.4761
5139 0.33976 0.000352719 F=0.99894352 L1=2.9983499 L2=2.9952867 L3=9.0156558 acc=1.1e-66
2855 0.0280136 0.55419 F=0.046859122 L1=35.744241 L2=1.7516708 L3=62.635689
143 0.00246892 0.1 F=0.023942502 L1=405.09845 L2=9.818401 L3=3977.4608
2671 100 0.170281 F=0.98567691 L1=0.08420148 L2=0.084199786 L3=0.013117254
18847 1.95595 49.522 F=0.0034704262 L1=0.5028457 L2=0.082766317 L3=0.041909501
20759 87.3787 5.49087 F=0.6592658 L1=0.07243448 L2=0.072208486 L3=0.0049025649
4468 122.945 0.0343413 F=0.99708656 L1=0.08484861 L2=0.084848409 L3=0.013770343
450672 92.2934 90.4327 F=0.00089508781 L1=0.075488743 L2=0.07288197 L3=0.0055128838
100 2.19007 3.001 F=0.40667165 L1=0.47075695 L2=0.20283777 L3=0.097178155
40 3.001 0.000513606 F=0.99982137 L1=0.34785593 L2=0.34779546 L3=0.11913649
44115 5.94438 37.0173 F=0.021990767 L1=0.18069693 L2=0.088685439 L3=0.016431109 acc=4.1e-63
64 0.5 33.1432 F=0.004845309 L1=1.9841911 L2=0.076640061 L3=0.15280225
1939 0.0468859 1.26373 F=0.03426377 L1=21.363267 L2=0.77930878 L3=16.660878
873 111.915 1.9819 F=0.85348856 L1=0.075742407 L2=0.075709128 L3=0.0089565595
9086 0.00400706 48.4248 F=9.382501e-6 L1=249.54488 L2=0.083418968 L3=20.817102
75707 64.01 1 F=0.92014402 L1=0.081027822 L2=0.080989638 L3=0.010523718
197 0.001 63.4184 F=8.4935278e-7 L1=999.97938 L2=0.074078466 L3=74.077079
inf 0.00226462 42.0378 F=9.1091932e-6 L1=441.5628 L2=0.086808171 L3=38.33168
37 2.60487 45.6351 F=0.010977625 L1=0.36196345 L2=0.059438443 L3=0.021572387
102910 500 3 F=0.79572746 L1=0.070473455 L2=0.070470355 L3=0.0072407979
68 40 0.160953 F=0.98593037 L1=0.087660497 L2=0.087650274 L3=0.012315332 acc=7.7e-64
182713 120.463 0.01 F=0.99915007 L1=0.084996298 L2=0.084996238 L3=0.013800159
541 2.72561 0.139764 F=0.94929113 L1=0.38206358 L2=0.36317004 L3=0.13731159
2566 1.19562 0.0402737 F=0.96610469 L1=0.87009978 L2=0.8421019 L3=0.74600244
140313 114.145 0.243359 F=0.97968752 L1=0.083572092 L2=0.083570132 L3=0.013038112
60579 0.00774498 15.999 F=0.00036813419 L1=129.11712 L2=0.10152887 L3=13.109328
38 8.14268 16 F=0.18197837 L1=0.14479704 L2=0.095421297 L3=0.015047527
41 1.79786 0.0001 F=0.99994173 L1=0.58273084 L2=0.58269852 L3=0.34638482
1619 83.1555 64.01 F=0.0062666354 L1=0.076496743 L2=0.073978777 L3=0.0057397463
90 0.596217 43.7682 F=0.0024263699 L1=1.659007 L2=0.073698881 L3=0.12260923
8541 0.00243018 0.168203 F=0.014099083 L1=411.55148 L2=5.9144671 L3=2434.1456 acc=2.0e-64
37 2.26552 0.205464 F=0.91312765 L1=0.46191709 L2=0.42331363 L3=0.19819389
1012 1.297 12.1886 F=0.07988823 L1=0.77362379 L2=0.10224589 L3=0.078457757
181982 16 275.881 F=6.9598321e-10 L1=0.099415687 L2=0.071712636 L3=0.0071298368
64 500 0.00251746 F=0.9997811 L1=0.086951812 L2=0.086951812 L3=0.015459017
5422 0.454541 515 F=2.1769595e-18 L1=2.1763705 L2=0.070823341 L3=0.1541396
100 20.4419 0.00136484 F=0.99987503 L1=0.091567654 L2=0.09156678 L3=0.0092825133
5559 100.304 0.000151405 F=0.9999871 L1=0.085226621 L2=0.08522662 L3=0.013599794
445535 59.3858 0.00286847 F=0.99975394 L1=0.08578552 L2=0.085785449 L3=0.012561458
inf 120.443 0.000178889 F=0.99998478 L1=0.085060399 L2=0.085060398 L3=0.013829896
inf 65.3827 195.017 F=4.1738998e-7 L1=0.077528522 L2=0.071927537 L3=0.0055764368 acc=1.8e-63
32317 64.01 1383.11 F=1.3742265e-43 L1=0.077664226 L2=0.070322714 L3=0.005461559
48386 116.118 0.201191 F=0.98315403 L1=0.083813085 L2=0.083811567 L3=0.01318147
inf 0.144334 0.182698 F=0.43692465 L1=6.9830728 L2=3.1070755 L3=21.729791
117359 62.6928 0.103126 F=0.99122663 L1=0.085179971 L2=0.085177473 L3=0.01245125
140 16 1 F=0.90895942 L1=0.096459275 L2=0.094776099 L3=0.0091053379
4565 109.157 28.099 F=0.10570631 L1=0.084480827 L2=0.08361221 L3=0.0073793108
54322 1.83003 23.4037 F=0.034630786 L1=0.54908547 L2=0.098535494 L3=0.05455514
650271 2.999 0.220328 F=0.92899368 L1=0.3469246 L2=0.3228576 L3=0.10957872
27199 0.0451653 68.7564 F=2.0634079e-5 L1=22.122292 L2=0.077636445 L3=1.717631
99082 1.5 8.00783 F=0.14110328 L1=0.67287002 L2=0.12065445 L3=0.085593856 acc=1.4e-62
41 51.2068 430.063 F=5.1275872e-13 L1=0.072414515 L2=0.067675537 L3=0.004895301
221 63.99 16 F=0.28133151 L1=0.08626688 L2=0.084917374 L3=0.0069173883
inf 2.30047 379.827 F=1.2982628e-13 L1=0.41903643 L2=0.071294678 L3=0.029877728
inf 1.06095 0.0592951 F=0.94506047 L1=0.97849223 L2=0.92744125 L3=0.92275811
501 110.889 0.270413 F=0.97740766 L1=0.083659761 L2=0.083657416 L3=0.013087327
716551 2.82271 0.243942 F=0.91741945 L1=0.36884515 L2=0.33913899 L3=0.1234337
328138 0.795204 41.102 F=0.0032115765 L1=1.2482218 L2=0.087221849 L3=0.10929522
inf 106.916 47.2151 F=0.022702192 L1=0.078411896 L2=0.077044664 L3=0.0062897768
96 0.613604 29.3239 F=0.0077349262 L1=1.6201969 L2=0.086024883 L3=0.14019801
307110 2.83929 0.00658128 F=0.99759596 L1=0.36616459 L2=0.36530244 L3=0.1311624 acc=5.6e-66
inf 8 0.000104443 F=0.99998587 L1=0.13531687 L2=0.13531552 L3=0.010932294
inf 42.6031 3.1087 F=0.77640481 L1=0.078351373 L2=0.077930223 L3=0.0072411797
549 45.3882 1.48429 F=0.88339998 L1=0.08109999 L2=0.08096819 L3=0.0093565918
58 1.00872 64 F=0.0011749748 L1=0.96809245 L2=0.065401921 L3=0.063361944
18512 1.08572 2.02398 F=0.33672521 L1=0.94181761 L2=0.33070784 L3=0.31570077
319 100 27.47 F=0.11209687 L1=0.082515457 L2=0.081529449 L3=0.0071534388
49 16 69.4707 F=0.0058308411 L1=0.086906029 L2=0.063460767 L3=0.0054378792
5338 0.01 0.00402929 F=0.71260438 L1=100.06612 L2=71.345401 L3=7139.3045
inf 63.99 63.99 F=0.0057604753 L1=0.078817574 L2=0.075065522 L3=0.0060032149
210 61.9778 84.1963 F=0.001679609 L1=0.074600979 L2=0.070185568 L3=0.0052380194 acc=1.7e-63
37 0.730905 0.00147273 F=0.99792037 L1=1.4149412 L2=1.4121533 L3=2.0229027
2934 5.19642 15.999 F=0.15174624 L1=0.20753606 L2=0.10034335 L3=0.020516065
4815 1.79763 63.99 F=0.0010183462 L1=0.54409653 L2=0.078284133 L3=0.042743561
15991 8.00888 47.678 F=0.010303041 L1=0.14219137 L2=0.082679066 L3=0.012022086
98 40 59.6591 F=0.010344634 L1=0.074929937 L2=0.068052733 L3=0.0051016089
4386 98.2898 58.9199 F=0.0092997448 L1=0.07646699 L2=0.074633204 L3=0.0058276445
10298 2.3777 3.68247 F=0.37537693 L1=0.43399205 L2=0.17771865 L3=0.078155568
107 0.738095 0.0971089 F=0.88007019 L1=1.3976449 L2=1.2378971 L3=1.7513575
176218 65.3211 0.137615 F=0.98833063 L1=0.084931502 L2=0.084928349 L3=0.012455965
50 1.55674 63.99 F=0.0019011603 L1=0.61972818 L2=0.063892779 L3=0.039617211 acc=2.5e-63
178 0.952274 39.5395 F=0.0047249155 L1=1.0380867 L2=0.081870561 L3=0.085451759
56 0.001 40 F=6.3472903e-6 L1=999.97809 L2=0.068946726 L3=68.945635
61250 0.0465532 387.483 F=1.8805321e-15 L1=21.456103 L2=0.071258013 L3=1.5289225
44249 0.434244 63.99 F=0.00027712113 L1=2.2861087 L2=0.078532419 L3=0.17969539
100 57.645 0.01 F=0.99912926 L1=0.08708269 L2=0.087082431 L3=0.013373669
inf 100 0.100783 F=0.99148089 L1=0.084580185 L2=0.084579237 L3=0.013283561
28613 52.5724 580.553 F=4.6413376e-19 L1=0.07930022 L2=0.070764861 L3=0.005611669
47507 52.7108 0.128373 F=0.98906144 L1=0.085376088 L2=0.08537157 L3=0.011982904
91936 434.543 0.0222766 F=0.99812013 L1=0.084383019 L2=0.084383009 L3=0.014648036
inf 102.944 0.000436573 F=0.99996281 L1=0.085180024 L2=0.085180021 L3=0.0136193 acc=6.6e-69
41 1.14446 0.1 F=0.91637136 L1=0.90961587 L2=0.8375602 L3=0.77636271
408602 12.5047 0.0001 F=0.99998961 L1=0.10390894 L2=0.10390857 L3=0.0068176409
495 64 0.000202027 F=0.99998264 L1=0.085950217 L2=0.085950212 L3=0.012939503
78 0.00185537 33.5982 F=1.771732e-5 L1=538.95937 L2=0.079190565 L3=42.681201
40 68.2455 0.000191941 F=0.99998292 L1=0.089001906 L2=0.089001903 L3=0.014879812
1479 1.82064 0.106307 F=0.9424924 L1=0.57298879 L2=0.54136522 L3=0.31499391
120202 0.138576 0.971268 F=0.12044198 L1=7.2538011 L2=0.92218273 L3=6.7038653
377015 1408.99 14.9976 F=0.3360141 L1=0.078856326 L2=0.078853087 L3=0.0053247164
37 92.1348 0.00985901 F=0.99912264 L1=0.088993406 L2=0.088993344 L3=0.015364379
1996 64.01 0.235042 F=0.98018983 L1=0.084521266 L2=0.084515233 L3=0.012223944 acc=1.6e-63
148290 88.3623 40 F=0.038861116 L1=0.081484862 L2=0.079816918 L3=0.006840394
37021 0.00633874 0.0117035 F=0.351056 L1=157.82588 L2=55.490797 L3=8757.9307
23342 2.30037 8.36 F=0.19037301 L1=0.43909601 L2=0.10965775 L3=0.051306601
709578 1.11874 0.0110438 F=0.98983649 L1=0.92940704 L2=0.92045236 L3=0.87053457
38 0.213561 0.0134348 F=0.94004155 L1=4.7436702 L2=4.4660924 L3=21.225233
449 0.037705 0.218879 F=0.14511756 L1=26.578399 L2=3.9473899 L3=104.94988
80 0.00385122 3.75 F=0.00096464058 L1=259.67583 L2=0.26935786 L3=69.949674
334675 0.00101309 64.331 F=6.5561986e-7 L1=987.0628 L2=0.078500315 L3=77.484904
567774 0.0175746 350.375 F=1.0004133e-14 L1=56.87568 L2=0.071401081 L3=4.060989
inf 0.5 4.99879 F=0.085317077 L1=2.0138608 L2=0.19025256 L3=0.38488966 acc=8.4e-63
253588 38.0057 62.0225 F=0.0058157155 L1=0.084111886 L2=0.076356271 L3=0.0065220882
39558 2.999 3.05482 F=0.47798617 L1=0.34697163 L2=0.17841693 L3=0.062575643
46923 1.41767 6.95972 F=0.15420267 L1=0.71557329 L2=0.13749483 L3=0.10096827
670830 0.155759 2.999 F=0.046683118 L1=6.441193 L2=0.32177705 L3=2.0773354
857784 76.087 0.119483 F=0.98987937 L1=0.084797169 L2=0.084795186 L3=0.012796613
142 741.496 41.0596 F=0.046043265 L1=0.06944831 L2=0.069443727 L3=0.005113262
63339 63.99 0.211105 F=0.9821881 L1=0.084589628 L2=0.084584297 L3=0.012239243
326 2.999 0.001 F=0.99965361 L1=0.3465093 L2=0.34639158 L3=0.11683466
278 106.577 0.00677456 F=0.9994203 L1=0.085572747 L2=0.085572696 L3=0.013985622
50 36.4525 0.00316049 F=0.99971768 L1=0.089333667 L2=0.089333446 L3=0.012792157 acc=3.1e-67
269797 40 19.3861 F=0.19922401 L1=0.09310875 L2=0.089491373 L3=0.0080769226
64 76.89 31.3972 F=0.08788366 L1=0.069659921 L2=0.068170642 L3=0.0053971948
2093 110.574 54.1927 F=0.013630418 L1=0.076326342 L2=0.074899318 L3=0.0058784152
50362 2.12032 37.0013 F=0.01085488 L1=0.46854135 L2=0.089509973 L3=0.042397489
532514 3.01062 0.001 F=0.99965519 L1=0.34492878 L2=0.34481198 L3=0.11549828
100 86.2925 515 F=6.0519832e-16 L1=0.071703036 L2=0.068128971 L3=0.0048818704
37 99.0206 15.999 F=0.27528052 L1=0.080322107 L2=0.080000757 L3=0.0079138003
inf 47.1276 2.999 F=0.78436432 L1=0.077651573 L2=0.07732255 L3=0.0073379119
74581 16.1881 34.6269 F=0.04117157 L1=0.10731878 L2=0.087867409 L3=0.0098027313
240766 2.50896 0.000359348 F=0.99985082 L1=0.41519025 L2=0.41512996 L3=0.17164772 acc=2.2e-68
39794 0.667504 0.0055758 F=0.99146304 L1=1.5438705 L2=1.5313183 L3=2.389101
1167 0.25 0.0847405 F=0.74336478 L1=4.0549746 L2=3.0397996 L3=12.360177
327638 93.6229 0.00121585 F=0.99989634 L1=0.085258919 L2=0.085258907 L3=0.01347382
2635 114.978 29.8778 F=0.091721912 L1=0.08350147 L2=0.082666802 L3=0.0072593846
1650 2.18896 0.270401 F=0.88566048 L1=0.4762044 L2=0.42353067 L3=0.20335454
2808 0.25 0.000406121 F=0.99835465 L1=4.0579459 L2=4.0514454 L3=16.478384
40 0.722932 774.668 F=2.5692029e-24 L1=1.3594132 L2=0.068703852 L3=0.093396023
419 68.3444 0.000321808 F=0.99997235 L1=0.085910222 L2=0.085910216 L3=0.013120078
17020 0.0124894 20.7103 F=0.00036920883 L1=80.067647 L2=0.099810752 L3=7.9921162
53 72.251 49.9528 F=0.028272492 L1=0.063323179 L2=0.061227229 L3=0.003818162 acc=1.5e-63
13698 64 45.8282 F=0.023201399 L1=0.081742951 L2=0.078648842 L3=0.006694606
16807 1.82457 0.144567 F=0.92352077 L1=0.57153512 L2=0.52955023 L3=0.30724873
38 2.44155 0.000448143 F=0.99980787 L1=0.42881402 L2=0.42873459 L3=0.1851669
56 129.902 0.00928237 F=0.99918836 L1=0.087438764 L2=0.087438733 L3=0.015196998
18995 52.1628 16 F=0.27751054 L1=0.0886955 L2=0.086741593 L3=0.0069664791
669 16 16 F=0.23034388 L1=0.10905699 L2=0.095039377 L3=0.0097498724
239 65.7166 7.28632 F=0.57162575 L1=0.076268246 L2=0.075714202 L3=0.0045176616
inf 64.01 0.110674 F=0.99059331 L1=0.085105437 L2=0.085102851 L3=0.012477655
711592 3 33.0384 F=0.020304323 L1=0.33542975 L2=0.092021661 L3=0.031344413
1324 0.60917 54.1293 F=0.00085867087 L1=1.6268793 L2=0.080419198 L3=0.13107698 acc=1.1e-63
inf 42.0231 0.224508 F=0.98088639 L1=0.085524705 L2=0.085511017 L3=0.01117055
317021 2.2127 0.033098 F=0.98463247 L1=0.47140486 L2=0.46439914 L3=0.22038162
169192 100 0.000239939 F=0.99997956 L1=0.085206645 L2=0.085206643 L3=0.013577996
440936 0.00406849 44.4724 F=1.3267634e-5 L1=245.77842 L2=0.085467791 L3=21.006522
103737 64 0.0004046 F=0.99996533 L1=0.085693355 L2=0.085693347 L3=0.012746452
31061 0.25 3 F=0.072840909 L1=4.0205747 L2=0.31277495 L3=1.2620526
50 0.10593 0.00110199 F=0.98963351 L1=9.5049532 L2=9.4077188 L3=89.46397
40 8 0.197823 F=0.97338418 L1=0.13811826 L2=0.13566186 L3=0.013826698
266354 0.528104 57.9146 F=0.00054020814 L1=1.8782421 L2=0.080042447 L3=0.1505501
37 0.0846846 0.001 F=0.98826386 L1=11.874719 L2=11.736869 L3=139.4172 acc=1.4e-64
33576 64.4337 57.8009 F=0.0092151074 L1=0.079406789 L2=0.07589343 L3=0.0061588601
378068 1.93653 0.17608 F=0.9132123 L1=0.53843992 L2=0.49344455 L3=0.2692206
23677 52.3479 0.0560314 F=0.99520026 L1=0.085734429 L2=0.085732543 L3=0.012120165
8776 0.25 0.0001 F=0.99959437 L1=4.0579339 L2=4.0563312 L3=16.498167
100 2.5365 3.32386 F=0.41610843 L1=0.40748403 L2=0.18255169 L3=0.07550587
38 1.10028 30.0105 F=0.013851404 L1=0.89046315 L2=0.069824712 L3=0.063193402
7402 1.16224 3.82246 F=0.22181087 L1=0.87532971 L2=0.2090408 L3=0.18514336
263 2209.4 66.7212 F=0.007420844 L1=0.068560482 L2=0.06856039 L3=0.0047388241
41 0.01 1 F=0.0095070918 L1=100.0404 L2=1.0124916 L3=101.30665
542 8 1069.67 F=6.5757812e-34 L1=0.13519182 L2=0.069508768 L3=0.0093969324 acc=2.7e-63
inf 109.818 40 F=0.040028792 L1=0.080409966 L2=0.079258627 L3=0.0067096939
153 1.34404 0.143086 F=0.89989898 L1=0.77453537 L2=0.70067915 L3=0.55291974
137866 0.792814 0.1 F=0.88439559 L1=1.302055 L2=1.1585753 L3=1.5280768
86811 0.01 0.0001 F=0.99009245 L1=100.06629 L2=99.076185 L3=9914.2334
114008 77.1396 0.0139737 F=0.99880703 L1=0.08538297 L2=0.085382764 L3=0.01310233
31808 181.428 26.5028 F=0.12535242 L1=0.083306957 L2=0.082982584 L3=0.0071711756
100 1.45567 0.001527 F=0.99890564 L1=0.71743044 L2=0.71668536 L3=0.52448149
182504 72.9792 63.99 F=0.0059405798 L1=0.077878887 L2=0.074800104 L3=0.0059120281
12813 0.0133452 512 F=7.9206555e-20 L1=74.908239 L2=0.070906898 L3=5.3115127
47 63.99 224.744 F=4.2130222e-7 L1=0.06929274 L2=0.065753693 L3=0.0045403137 acc=1.5e-63
4263 185.452 0.0404047 F=0.99658358 L1=0.084557739 L2=0.084557635 L3=0.014151972
inf 2.999 64 F=0.001513965 L1=0.32619903 L2=0.078409956 L3=0.025718592
inf 63.99 0.00209167 F=0.99982078 L1=0.085683238 L2=0.085683193 L3=0.012741008
567 0.0336112 0.156859 F=0.17482379 L1=29.811005 L2=5.3041472 L3=158.1595
6985 73.8702 0.0369757 F=0.99684634 L1=0.0853195 L2=0.085318893 L3=0.012970529
inf 4.41671 1067.99 F=1.5092226e-34 L1=0.22033632 L2=0.070465142 L3=0.015526292
55 94.1601 3.75 F=0.74319197 L1=0.07473534 L2=0.074643384 L3=0.0061970535
inf 54.6104 48.3073 F=0.018434442 L1=0.082500571 L2=0.078421432 L3=0.0067046821
39714 64.01 0.01 F=0.99914366 L1=0.085643319 L2=0.085643104 L3=0.012724727
146 0.402441 25.1814 F=0.0074281446 L1=2.4800127 L2=0.093518832 L3=0.23272923 acc=5.2e-64
31023 1230.81 515 F=1.3138529e-16 L1=0.070381828 L2=0.070262509 L3=0.0049452037
79126 72.6524 2.999 F=0.78869262 L1=0.074891999 L2=0.074750489 L3=0.007288899
315890 0.00194736 3.75 F=0.00048804265 L1=513.53371 L2=0.27032887 L3=138.82673
671470 0.001 0.196329 F=0.0050092654 L1=1000.0584 L2=5.119834 L3=5120.1697
inf 0.25 6.91856 F=0.032008074 L1=4.0114839 L2=0.15367328 L3=0.61823431
41 63.99 50.24 F=0.030875029 L1=0.060541145 L2=0.0582198 L3=0.0033759202
2034 2.7203 40.8492 F=0.0094645373 L1=0.36476192 L2=0.086477874 L3=0.031945744
13737 48.3536 4 F=0.72679099 L1=0.076531761 L2=0.076067628 L3=0.0063349513
6734 2.39791 0.00166771 F=0.99927559 L1=0.43468472 L2=0.43437897 L3=0.18887753
122235 1.5 24.1444 F=0.027243712 L1=0.66797946 L2=0.098158211 L3=0.066053355 acc=3.2e-63
16589 54.2829 0.00138125 F=0.9998813 L1=0.085939428 L2=0.085939387 L3=0.012338511
38 64.01 0.27936 F=0.97562647 L1=0.087436025 L2=0.087430106 L3=0.013824993
534 2.4153 15.999 F=0.090503339 L1=0.42015395 L2=0.10115809 L3=0.042511302
50 127.587 0.118033 F=0.9897371 L1=0.086962364 L2=0.086961949 L3=0.014856234
216 116.23 540.336 F=4.7164593e-17 L1=0.071774132 L2=0.068679503 L3=0.0049280709
50 0.25 41.1164 F=0.0014911771 L1=3.9769067 L2=0.066308576 L3=0.26405339
100 1 0.000281872 F=0.99970721 L1=1.0390413 L2=1.0387535 L3=1.0973515
inf 81.3242 0.223728 F=0.98121692 L1=0.084118815 L2=0.0841153 L3=0.012636536
28373 64 0.087183 F=0.99257668 L1=0.085233308 L2=0.085231309 L3=0.012537192
81 0.251471 0.0567884 F=0.81313474 L1=4.0335935 L2=3.2992486 L3=13.343403 acc=3.4e-62
inf 66.9861 1.99897 F=0.8503982 L1=0.077500232 L2=0.0774072 L3=0.0087456778
1438 1.55349 515 F=8.1141616e-18 L1=0.62416271 L2=0.070468819 L3=0.043985554
1390 67.2179 4 F=0.73130806 L1=0.074203544 L2=0.073957648 L3=0.0061689401
64 90.0812 20.6439 F=0.19482732 L1=0.078687256 L2=0.077922232 L3=0.0071379402
37 1.20951 30.9396 F=0.014224257 L1=0.8072419 L2=0.067705824 L3=0.055583003
108 0.0153424 64 F=1.4640482e-5 L1=65.156181 L2=0.070663469 L3=4.6042725
152 0.910591 67.4038 F=0.00056390127 L1=1.0789299 L2=0.072311244 L3=0.078119153
9610 8 0.00751404 F=0.99898385 L1=0.13537839 L2=0.13528143 L3=0.010982388
100 1.97192 1.96446 F=0.48715809 L1=0.52405589 L2=0.26385171 L3=0.14084779
358875 40 0.01 F=0.9991353 L1=0.086487918 L2=0.086487336 L3=0.011363061 acc=1.8e-66
86 2.67472 4 F=0.38186076 L1=0.38638497 L2=0.16422388 L3=0.064067477
622416 3.001 229.03 F=7.8476871e-9 L1=0.321412 L2=0.072120767 L3=0.023187104
965638 0.0156881 45.1403 F=4.8270584e-5 L1=63.729476 L2=0.085120566 L3=5.4250624
497895 8 0.162591 F=0.97831157 L1=0.1364488 L2=0.13440051 L3=0.011767396
744 6.00484 329.866 F=1.2324877e-11 L1=0.16802882 L2=0.070547582 L3=0.011856017
50 40 15.532 F=0.27263808 L1=0.088037658 L2=0.085226258 L3=0.0082433541
inf 285.898 64.01 F=0.0072902565 L1=0.072868899 L2=0.072559204 L3=0.0053739183
75 61.18 700 F=2.5378878e-21 L1=0.073734061 L2=0.068572872 L3=0.0050541312
inf 112.538 35.3856 F=0.058095654 L1=0.081946941 L2=0.080946963 L3=0.0070044287
103618 0.00697553 0.268972 F=0.024897872 L1=143.41403 L2=3.6715463 L3=526.58451 acc=6.4e-64
1905 0.939778 57.0974 F=0.0010048519 L1=1.0498933 L2=0.079708827 L3=0.083897469
328420 5.00365 512.1 F=1.8696872e-17 L1=0.19696896 L2=0.070960501 L3=0.013978054
1026 394.783 0.0131963 F=0.99888362 L1=0.084595185 L2=0.084595178 L3=0.014736759
571 0.0254935 60.1882 F=2.4346354e-5 L1=39.207482 L2=0.077733968 L3=3.0479376
21679 223.752 0.000154247 F=0.99998693 L1=0.08473876 L2=0.08473876 L3=0.01440665
50 1.92577 0.736058 F=0.7132706 L1=0.54048029 L2=0.39099842 L3=0.21519815
211063 42.9608 0.283833 F=0.9759456 L1=0.085228786 L2=0.085211648 L3=0.011134195
478 64 0.00182426 F=0.99984321 L1=0.085950397 L2=0.085950358 L3=0.01294209
inf 1.5 2.11172 F=0.40195035 L1=0.68515248 L2=0.28619503 L3=0.19922133
183 119.461 77.3842 F=0.0032468709 L1=0.070414965 L2=0.068907826 L3=0.0048563984 acc=1.6e-63
215757 84.2425 1 F=0.92068553 L1=0.080196395 L2=0.080174312 L3=0.010803437
37 45.7233 59.9715 F=0.017551206 L1=0.063344226 L2=0.0588616 L3=0.0035588285
90985 1.14313 2.999 F=0.26422227 L1=0.89186506 L2=0.24911176 L3=0.22512581
285621 0.01 0.65452 F=0.014604334 L1=100.04531 L2=1.5355517 L3=153.64624
64 100 52.3536 F=0.023581606 L1=0.064081175 L2=0.062859645 L3=0.0039994905
150 57.2627 2.23044 F=0.83332155 L1=0.078121742 L2=0.077974862 L3=0.0084001053
41 1627.97 0.1 F=0.99123546 L1=0.087647136 L2=0.087647136 L3=0.015278594
14124 1.32619 40 F=0.0056116769 L1=0.74682255 L2=0.087712183 L3=0.065937014
40 9.10452 0.72919 F=0.91365435 L1=0.12818827 L2=0.12228807 L3=0.012678055
246234 9.87895 0.000431503 F=0.99994941 L1=0.11725464 L2=0.11725159 L3=0.0075519622 acc=3.7e-68
77 0.264962 511.9 F=2.463515e-17 L1=3.7482877 L2=0.068058932 L3=0.2551027
487 0.00847706 0.384795 F=0.021120207 L1=118.01766 L2=2.5845097 L3=305.04679
4938 2.60592 0.0995577 F=0.96172091 L1=0.39965011 L2=0.38474397 L3=0.1527254
446 2771.82 0.001 F=0.99991527 L1=0.084725624 L2=0.084725624 L3=0.015124262
159 40 295.238 F=8.2441446e-10 L1=0.078456688 L2=0.068214561 L3=0.0053490924
100 0.5 0.69671 F=0.40741685 L1=2.0367959 L2=0.86056255 L3=1.7672208
63226 1078.28 59.9303 F=0.010483777 L1=0.07198322 L2=0.071959622 L3=0.005294805
715744 0.138279 64 F=9.063114e-5 L1=7.2141836 L2=0.07856513 L3=0.56694752
1656 0.0120901 0.0383401 F=0.23914487 L1=82.777004 L2=19.892509 L3=1646.6871
788 120.638 20.3707 F=0.20458859 L1=0.084645958 L2=0.084108285 L3=0.0070589995 acc=9.7e-64
inf 64 28.5024 F=0.095825424 L1=0.087703533 L2=0.085479372 L3=0.0078132589
41 1.32138 0.000464863 F=0.99963251 L1=0.79081174 L2=0.79053725 L3=0.63826755
114 71.9769 0.0517728 F=0.99553048 L1=0.08636264 L2=0.086361761 L3=0.013636696
70 2.74053 0.000269049 F=0.9998976 L1=0.38063124 L2=0.38059331 L3=0.14364096
11701 0.5 64 F=0.00031766081 L1=1.9834173 L2=0.078466592 L3=0.15579276
62885 63.99 3.58642 F=0.75366862 L1=0.07481347 L2=0.074580668 L3=0.0066152368
237 1.64765 62.3328 F=0.0012606855 L1=0.5919898 L2=0.074948475 L3=0.044504398
406124 64.01 0.0539724 F=0.99539337 L1=0.085405004 L2=0.085403801 L3=0.012615059
37360 0.0428327 700 F=4.1176112e-25 L1=23.321365 L2=0.070688117 L3=1.6485444
244792 25.3673 0.1 F=0.99122092 L1=0.088109993 L2=0.088082632 L3=0.0094013381 acc=7.3e-65
94919 1.5 16 F=0.061506416 L1=0.67060036 L2=0.10129949 L3=0.067969985
591 89.079 51.7094 F=0.016461977 L1=0.076566525 L2=0.074599785 L3=0.0058862107
341396 772.097 3.75 F=0.75575196 L1=0.06882115 L2=0.068819352 L3=0.0061445164
91391 3 0.0634928 F=0.97848258 L1=0.34637653 L2=0.33906932 L3=0.11435242
259945 106.233 58.0267 F=0.0099916811 L1=0.076427145 L2=0.074827848 L3=0.005849614
1981 0.0934938 0.000228868 F=0.99754358 L1=10.759177 L2=10.73305 L3=115.5226
inf 1090.85 40.8295 F=0.042805187 L1=0.076081318 L2=0.076065592 L3=0.0061146764
inf 0.00940642 0.259764 F=0.034435561 L1=106.36636 L2=3.763243 L3=400.31602
9180 0.0786426 1 F=0.070214953 L1=12.753768 L2=0.94802247 L3=12.105669
100 111.259 52.2844 F=0.020801097 L1=0.067830483 L2=0.066643531 L3=0.0045750764 acc=1.9e-63
46865 8 0.0574675 F=0.99226292 L1=0.13573286 L2=0.13499703 L3=0.011244277
100 0.776785 8.36 F=0.076127696 L1=1.2931271 L2=0.12407123 L3=0.16504723
40 1.67187 54.2634 F=0.004316858 L1=0.57413686 L2=0.060837373 L3=0.034937257
297085 0.125787 0.190063 F=0.39407702 L1=8.0049446 L2=3.2153787 L3=25.772024
100 0.00525684 0.265339 F=0.019132705 L1=190.28506 L2=3.7443155 L3=712.52121
inf 590.251 0.000499457 F=0.9999578 L1=0.084494661 L2=0.084494661 L3=0.01481689
279 105.864 3.75 F=0.74853464 L1=0.072428429 L2=0.072336711 L3=0.0062729583
100 64 1136.73 F=1.5091996e-34 L1=0.074579647 L2=0.069120433 L3=0.0051542047
64 0.0201174 48.9678 F=6.611978e-5 L1=49.684746 L2=0.067791579 L3=3.3684093
91387 0.0137296 0.012409 F=0.52483352 L1=72.900985 L2=38.322726 L3=2793.8108 acc=2.3e-61
inf 2.20204 28.6545 F=0.024177622 L1=0.45544846 L2=0.095219932 L3=0.043871708
4859 0.036645 0.00192489 F=0.94997409 L1=27.354108 L2=25.992142 L3=711.03792
inf 1.87575 0.0434126 F=0.97639932 L1=0.55640864 L2=0.54380325 L3=0.30701911
850 552.951 0.244077 F=0.97976814 L1=0.082843934 L2=0.082843854 L3=0.014025608
79 1 3.75 F=0.20021914 L1=1.0149485 L2=0.21746034 L3=0.22326625
132130 63.99 700 F=1.0754869e-22 L1=0.077684007 L2=0.070649646 L3=0.0054883475
106 2.52628 0.00567401 F=0.99766197 L1=0.41301204 L2=0.41207456 L3=0.16995349
82411 58.6908 40 F=0.036271329 L1=0.084256532 L2=0.081003137 L3=0.0071615771
536857 64 0.0765503 F=0.9934772 L1=0.085285421 L2=0.085283681 L3=0.012559847
39 0.520404 15.999 F=0.022866821 L1=1.9223717 L2=0.10235989 L3=0.19783978 acc=6.2e-64
37 40 0.00442613 F=0.99960143 L1=0.090054695 L2=0.090054462 L3=0.013673708
3365 88.4315 0.00455482 F=0.99961135 L1=0.085329911 L2=0.08532986 L3=0.013400061
3272 0.128223 8.36 F=0.013588305 L1=7.8058421 L2=0.13081706 L3=1.025966
314618 52.5258 0.000454197 F=0.99996094 L1=0.085990926 L2=0.085990912 L3=0.012244831
298 0.0387538 64.01 F=2.933101e-5 L1=25.784215 L2=0.075468144 L3=1.9460329
97580 2.65026 167.171 F=6.3207687e-7 L1=0.364476 L2=0.072870237 L3=0.026572261
69 3 4 F=0.40809433 L1=0.34574038 L2=0.15854222 L3=0.055168907
41 3.001 13.3044 F=0.13642692 L1=0.34097739 L2=0.10418687 L3=0.035646079
589 500 173.382 F=3.96595e-6 L1=0.069825723 L2=0.06959094 L3=0.0048590007
inf 1.6142 0.00592923 F=0.99618037 L1=0.6465943 L2=0.64423839 L3=0.42414744 acc=1.4e-65
41 63.99 67.8562 F=0.01084705 L1=0.06306192 L2=0.060441266 L3=0.0036964472
inf 68.054 0.01 F=0.99914451 L1=0.085557903 L2=0.085557714 L3=0.012858221
533 94.7316 0.0194736 F=0.9983377 L1=0.085371085 L2=0.085370895 L3=0.01361703
38 56.7015 0.00349253 F=0.99968785 L1=0.089380273 L2=0.089380193 L3=0.014588386
100 4.15829 0.172222 F=0.95879939 L1=0.24980757 L2=0.23985021 L3=0.054961672
25392 86.018 0.00205562 F=0.99982458 L1=0.085340084 L2=0.085340059 L3=0.013335138
900 0.101503 1028 F=1.827628e-34 L1=9.8262681 L2=0.069805448 L3=0.68592742
65 1.49913 0.00791537 F=0.99451063 L1=0.69719779 L2=0.6935669 L3=0.49349013
109 119.822 0.606438 F=0.95018875 L1=0.082360949 L2=0.082355915 L3=0.012593196
542850 100 0.000291285 F=0.99997518 L1=0.085205806 L2=0.085205804 L3=0.013577445 acc=2.9e-69
100 2.91088 64.01 F=0.0022074282 L1=0.32999707 L2=0.070093606 L3=0.023203094
112960 112.02 63.1239 F=0.0069011822 L1=0.075620369 L2=0.074068263 L3=0.0056932091
inf 500 4 F=0.74227741 L1=0.068798951 L2=0.068794263 L3=0.0058497427
62859 1.69948 0.136905 F=0.92234526 L1=0.61345611 L2=0.56780537 L3=0.35415365
inf 122.99 64.01 F=0.0065642162 L1=0.075158218 L2=0.073814338 L3=0.0056343632
354639 115.146 17.3913 F=0.26229245 L1=0.08447606 L2=0.083972942 L3=0.0065791047
80684 0.189445 1229.1 F=1.1134096e-40 L1=5.2535246 L2=0.070395534 L3=0.36982499
inf 65.3195 23.7072 F=0.14528205 L1=0.088671634 L2=0.086816043 L3=0.0078189176
6263 121.693 344.041 F=1.30183e-11 L1=0.073955766 L2=0.070957357 L3=0.0052477035
465931 122.89 6.69081 F=0.6088527 L1=0.071676685 L2=0.071526228 L3=0.0042114704 acc=2.3e-62
inf 0.216733 16.4743 F=0.0096138642 L1=4.6154456 L2=0.10133857 L3=0.46795765
1788 575.381 0.000357088 F=0.9999698 L1=0.08457145 L2=0.08457145 L3=0.014864268
64 1.5 0.00661728 F=0.99540927 L1=0.69683208 L2=0.69379743 L3=0.49341073
inf 1.5 700 F=1.241324e-23 L1=0.64700806 L2=0.070708032 L3=0.045749533
48010 0.381113 0.035822 F=0.912358 L1=2.6765548 L2=2.4500708 L3=6.5896098
inf 2.32634 0.000128531 F=0.9999424 L1=0.4482022 L2=0.44817717 L3=0.2014466
56 500 0.747607 F=0.93868275 L1=0.082181084 L2=0.082181079 L3=0.012710614
554 0.25 512.1 F=2.6352107e-18 L1=3.9749923 L2=0.069816618 L3=0.2775221
inf 64.01 0.01 F=0.9991437 L1=0.085640152 L2=0.085639938 L3=0.012722296
5951 500 0.000565002 F=0.99995223 L1=0.08454143 L2=0.08454143 L3=0.014787267 acc=1.3e-68
1167 0.0761871 0.125834 F=0.37432671 L1=13.184378 L2=5.0047212 L3=66.02174
872 26.0193 512.1 F=6.440429e-17 L1=0.087657602 L2=0.07015579 L3=0.0061495948
2051 40 0.00551924 F=0.99952227 L1=0.086566455 L2=0.086566135 L3=0.011416356
7979 0.00197996 53.095 F=3.1566104e-6 L1=505.04622 L2=0.081513034 L3=41.168116
40 89.2162 28.1912 F=0.11631309 L1=0.062847914 L2=0.06210316 L3=0.0049140501
inf 2.999 33.2826 F=0.019848498 L1=0.33542156 L2=0.091854584 L3=0.031286237
38 96.1254 63.99 F=0.015153942 L1=0.05997055 L2=0.059065743 L3=0.0033972494
50 96.7984 0.227383 F=0.98037303 L1=0.086386955 L2=0.086385079 L3=0.014210295
1441 0.270488 3.001 F=0.078314841 L1=3.7174901 L2=0.31077903 L3=1.15981
291 972.682 9.66899 F=0.49918939 L1=0.073048497 L2=0.073046799 L3=0.0038720022 acc=7.2e-63
64 0.0264056 79.6793 F=1.1253607e-5 L1=37.844788 L2=0.066032514 L3=2.4990265
180056 1 0.00942919 F=0.9903043 L1=1.0379839 L2=1.0284445 L3=1.0848482
41 1.79337 0.00101319 F=0.99940845 L1=0.58417871 L2=0.58384987 L3=0.34794588
250164 1829.05 0.00205378 F=0.99982669 L1=0.084385836 L2=0.084385836 L3=0.014983883
532687 120.425 0.0679519 F=0.9942516 L1=0.084618348 L2=0.084617921 L3=0.013621087
1473 0.619803 63.99 F=0.00039919044 L1=1.5968564 L2=0.077897101 L3=0.1245469
inf 113.578 15.999 F=0.29444988 L1=0.083672534 L2=0.083198014 L3=0.0062323477
1712 3.43667 42.2842 F=0.0099423847 L1=0.29036464 L2=0.085427708 L3=0.025178078
476088 0.0563061 0.0235265 F=0.70424688 L1=17.823599 L2=12.588904 L3=224.42347
12677 1.48026 305.308 F=1.8760167e-11 L1=0.65655333 L2=0.07154587 L3=0.046978175 acc=3.2e-63
41 0.0368281 9.05884 F=0.0036111675 L1=27.157419 L2=0.12311535 L3=3.3477636
inf 92.5924 511.9 F=7.5567234e-17 L1=0.075341056 L2=0.070828511 L3=0.0053362948
2107 41.8389 230.196 F=3.0299305e-8 L1=0.08130813 L2=0.071495677 L3=0.0058131623
34859 99.2448 0.175 F=0.98529123 L1=0.084142239 L2=0.084140464 L3=0.013063414
17256 76.7374 64 F=0.0060163699 L1=0.077502906 L2=0.074651345 L3=0.005871804
64 0.0268385 40 F=0.00016396644 L1=37.239354 L2=0.071160491 L3=2.6504068
inf 64.01 0.0164149 F=0.99859506 L1=0.08560562 L2=0.085605266 L3=0.012706559
inf 87.2555 4.28778 F=0.71909418 L1=0.072547241 L2=0.072384462 L3=0.0058064647
457 71.7291 4.41371 F=0.70982347 L1=0.073724006 L2=0.073476476 L3=0.005746764
100 65.3528 48.3024 F=0.024962526 L1=0.071037062 L2=0.068126534 L3=0.0049442879 acc=2.1e-63
293668 1.59494 0.643572 F=0.70265188 L1=0.65048737 L2=0.46384913 L3=0.30657966
41301 1.57076 0.259459 F=0.85267726 L1=0.66254608 L2=0.56895325 L3=0.38344598
722 35.1829 470.578 F=1.4670647e-15 L1=0.082839524 L2=0.070066497 L3=0.0058041205
541334 2.58637 0.01 F=0.99599003 L1=0.402597 L2=0.40102314 L3=0.160274
64 40 0.000856145 F=0.9999242 L1=0.088543426 L2=0.088543378 L3=0.012778163
323 3.21941 0.0150997 F=0.99515581 L1=0.3223928 L2=0.32085808 L3=0.099424708
111 63.99 477.035 F=6.3564609e-15 L1=0.073685536 L2=0.068062938 L3=0.0050119942
156711 63.5117 0.698486 F=0.94305728 L1=0.08230682 L2=0.082282999 L3=0.011134629
37 1.77939 3 F=0.35806755 L1=0.57645166 L2=0.21745515 L3=0.12785173
273485 1808.1 0.01 F=0.99915672 L1=0.084323936 L2=0.084323935 L3=0.014952914 acc=4.2e-66
120878 13.5239 0.000419601 F=0.99995778 L1=0.10062463 L2=0.10062343 L3=0.0069168893
288 63.7415 0.00573572 F=0.99950612 L1=0.08611101 L2=0.086110887 L3=0.013051142
224280 2.90243 1 F=0.73479442 L1=0.35934699 L2=0.26748973 L3=0.095961999
40 2.06806 623.168 F=2.1104712e-19 L1=0.46428643 L2=0.068388668 L3=0.03175038
2446 1145.75 132.032 F=6.6792144e-5 L1=0.070142235 L2=0.070098725 L3=0.0049171415
446 64.2621 0.136651 F=0.98837127 L1=0.085227082 L2=0.085223853 L3=0.012620169
26438 1.94814 1.33095 F=0.58182423 L1=0.53196084 L2=0.31648277 L3=0.17087342
1204 2.88712 0.001 F=0.9996401 L1=0.36003231 L2=0.35990532 L3=0.1267687
38 8 0.000269425 F=0.99996304 L1=0.13716889 L2=0.13716544 L3=0.013207082
50 0.00274805 40 F=1.8052033e-5 L1=363.87185 L2=0.06687418 L3=24.334033 acc=1.8e-68
351 100 18.2759 F=0.24076592 L1=0.084610843 L2=0.083929867 L3=0.0069154037
408359 0.456396 30.6379 F=0.0049166612 L1=2.1860029 L2=0.094126613 L3=0.20631784
38 50.7399 0.0499763 F=0.99554205 L1=0.089245645 L2=0.089244096 L3=0.014163501
inf 0.00293427 0.720836 F=0.0039263412 L1=340.84481 L2=1.4103101 L3=480.71708
181 100.729 3.001 F=0.78982349 L1=0.073833402 L2=0.073760527 L3=0.0072487674
41 102.467 37.9737 F=0.065619821 L1=0.057837948 L2=0.057195054 L3=0.0034531206
107 0.0805422 0.0001 F=0.9987535 L1=12.480483 L2=12.465083 L3=155.61497
61042 0.256126 537.056 F=2.4536455e-19 L1=3.880013 L2=0.070908263 L3=0.27512665
100 3 0.113285 F=0.96215716 L1=0.34716965 L2=0.33434491 L3=0.11380772
246175 2.82199 66.2312 F=0.0012150909 L1=0.34606979 L2=0.077987792 L3=0.027117678 acc=3.4e-63
93528 99.5786 511.9 F=7.8205672e-17 L1=0.074962208 L2=0.070811018 L3=0.0053081503
1080 117.834 0.1 F=0.99154927 L1=0.084541679 L2=0.084541004 L3=0.013582121
9708 101.714 1496.59 F=6.3301679e-47 L1=0.074791063 L2=0.0702378 L3=0.0052531589
389939 2.50843 0.182328 F=0.92953659 L1=0.41537133 L2=0.38691364 L3=0.16038785
6157 2.07144 63.99 F=0.0011427667 L1=0.47164289 L2=0.078311969 L3=0.037082809
15014 8 0.001 F=0.99986469 L1=0.13532798 L2=0.13531506 L3=0.010943072
1178 2.07093 32.5575 F=0.016060545 L1=0.48120545 L2=0.091709628 L3=0.044649478
inf 2.76281 0.235067 F=0.91857466 L1=0.37689336 L2=0.34697621 L3=0.12934236
344 2.999 700.341 F=7.5491952e-23 L1=0.31947065 L2=0.069220971 L3=0.022114216
872184 22.9682 700 F=6.6968154e-23 L1=0.090774821 L2=0.070691625 L3=0.0064170355 acc=1.9e-63
262 1.0309 0.164685 F=0.85731028 L1=1.0052889 L2=0.86862917 L3=0.88749752
900101 660.683 0.0757452 F=0.99364302 L1=0.083906302 L2=0.083906286 L3=0.014568772
123 0.0163386 55.9719 F=2.6645732e-5 L1=61.183731 L2=0.072793069 L3=4.4539301
762937 100 51.7196 F=0.015915928 L1=0.077732718 L2=0.076100641 L3=0.0061096184
590066 1 40 F=0.0043607284 L1=0.99178476 L2=0.087846478 L3=0.087560864
728802 1.29826 0.0715176 F=0.94567061 L1=0.80175344 L2=0.76031948 L3=0.62085296
38 16 1.11509 F=0.89744876 L1=0.097702555 L2=0.095893022 L3=0.0098572037
100 0.00448134 512.1 F=2.8958173e-19 L1=223.12062 L2=0.068124226 L3=15.199918
78565 26.8898 0.001 F=0.99991209 L1=0.087916088 L2=0.08791588 L3=0.0097046587
118543 8 66.5065 F=0.0022892395 L1=0.13914869 L2=0.077612331 L3=0.010895934 acc=3.1e-63
41 1542.86 0.00554346 F=0.99951008 L1=0.08837756 L2=0.08837756 L3=0.015680762
173332 17.4991 0.00831679 F=0.99922666 L1=0.093029696 L2=0.093019642 L3=0.0077301287
inf 2.22434 0.282129 F=0.8829746 L1=0.46857316 L2=0.41549015 L3=0.19610628
126850 0.5 512 F=2.7589086e-18 L1=1.9766027 L2=0.070959121 L3=0.14025978
50 3 0.0001 F=0.99996524 L1=0.34760835 L2=0.34759657 L3=0.11867673
2352 40 0.1 F=0.99139894 L1=0.086192667 L2=0.086186418 L3=0.011256321
368 3 0.644692 F=0.81667331 L1=0.34763087 L2=0.28591824 L3=0.098428786
64 2.06444 0.018216 F=0.99085154 L1=0.50672909 L2=0.50228057 L3=0.25815121
77 0.5 15.999 F=0.022323146 L1=2.0014107 L2=0.10209317 L3=0.20491404
374349 0.0745551 49.0169 F=0.00016458705 L1=13.398614 L2=0.08326963 L3=1.1160153 acc=1.6e-65
50 63.99 64.01 F=0.012037576 L1=0.064675668 L2=0.061784537 L3=0.0039007473
38409 16 0.110292 F=0.9895601 L1=0.095330555 L2=0.09514593 L3=0.0076192532
19229 0.341736 29.8562 F=0.0040097351 L1=2.9212786 L2=0.094626048 L3=0.27699558
37994 6.04444 4 F=0.56075506 L1=0.18141944 L2=0.12422232 L3=0.022772395
540647 86.8074 31.3755 F=0.078309684 L1=0.084721408 L2=0.083295489 L3=0.0074190114
184727 1.64648 0.001 F=0.99936638 L1=0.63400771 L2=0.63362431 L3=0.40894049
56 123.442 0.185777 F=0.98399522 L1=0.08617829 L2=0.086177456 L3=0.014471616
82 1.5 0.0134045 F=0.99074741 L1=0.69647605 L2=0.69035691 L3=0.49051566
40 64.0788 64.7866 F=0.013278735 L1=0.06241974 L2=0.05989489 L3=0.0036069967
174 64.01 41.935 F=0.035438501 L1=0.07660915 L2=0.073739089 L3=0.005931706 acc=2.7e-63
118 89.6197 563.736 F=1.7858196e-17 L1=0.071964904 L2=0.068314959 L3=0.0049137477
129329 1.73446 44.2039 F=0.0049045759 L1=0.56910258 L2=0.085342864 L3=0.04893464
885216 2.999 0.0425873 F=0.98546197 L1=0.3464277 L2=0.34148756 L3=0.11511438
668590 230.206 8.36 F=0.54577892 L1=0.071849659 L2=0.071791324 L3=0.0037652436
41 199.432 19.5835 F=0.21312536 L1=0.074248319 L2=0.074215803 L3=0.0071676898
283 0.0122946 0.688772 F=0.016999075 L1=81.381512 L2=1.4561745 L3=118.52655
283 0.0325044 19.8431 F=0.001043026 L1=30.764372 L2=0.099521601 L3=3.0623239
468 0.204507 169.284 F=6.7314765e-8 L1=4.8662985 L2=0.071341175 L3=0.34718346
3278 1.60527 375.482 F=1.428562e-13 L1=0.60410296 L2=0.071085393 L3=0.042945834
64 8 2.999 F=0.68379374 L1=0.14408162 L2=0.11731767 L3=0.01648439 acc=5.7e-63
26424 0.488219 1082.79 F=8.4950728e-36 L1=2.0243226 L2=0.070431006 L3=0.14257548
38053 8 27.3301 F=0.061885776 L1=0.14963364 L2=0.094593052 L3=0.014496413
inf 0.5 49.2138 F=0.0010419145 L1=1.9868395 L2=0.083135951 L3=0.16548823
8988 117.159 3.60423 F=0.75786108 L1=0.071969007 L2=0.071897192 L3=0.0064613076
46512 127.791 0.592597 F=0.95191501 L1=0.081410074 L2=0.081405349 L3=0.012166507
398 0.00133343 47.7174 F=3.506472e-6 L1=749.93258 L2=0.081053899 L3=60.785287
789517 100 51.2644 F=0.016477283 L1=0.077822307 L2=0.076200279 L3=0.0061294035
37 0.0183245 44.4399 F=0.00010319309 L1=54.54422 L2=0.059449471 L3=3.2427903
50 64 58.4778 F=0.01692259 L1=0.064120919 L2=0.061340377 L3=0.003829768
4073 3 511.9 F=1.4587674e-17 L1=0.32054082 L2=0.070784208 L3=0.022690577 acc=3.4e-63
38 0.00203658 0.0514019 F=0.037979693 L1=491.08498 L2=18.778055 L3=9221.6664
440 64.01 0.0174996 F=0.99849731 L1=0.085886218 L2=0.085885841 L3=0.012918836
1336 16 1 F=0.90944999 L1=0.096059168 L2=0.09435576 L3=0.0088397395
inf 100 40 F=0.039541401 L1=0.080848314 L2=0.079495941 L3=0.0067636232
56 1 0.0405552 F=0.95950817 L1=1.0390228 L2=0.99920721 L3=1.0558394
921346 0.00519902 0.0001 F=0.98112207 L1=192.41039 L2=188.78058 L3=36323.392
472 41.9 0.001 F=0.99991331 L1=0.086687144 L2=0.086687092 L3=0.011741818
40 0.0161411 12.7297 F=0.0010544979 L1=61.955665 L2=0.10733688 L3=6.6499753
inf 0.0145217 45.038 F=4.5076781e-5 L1=68.849347 L2=0.085174492 L3=5.864583
423 0.250391 64.01 F=0.00017851907 L1=3.9751316 L2=0.076348325 L3=0.30364444 acc=1.7e-64
7048 135.214 0.235078 F=0.98039505 L1=0.083469842 L2=0.083468503 L3=0.013249873
560 56.3472 34.7337 F=0.056717467 L1=0.084544035 L2=0.08138507 L3=0.007280953
inf 730.639 0.00149717 F=0.99987355 L1=0.084459378 L2=0.084459377 L3=0.014862092
38 0.00829241 15.999 F=0.00038365145 L1=120.59232 L2=0.10282824 L3=12.401383
63 56.6782 0.000348205 F=0.99996937 L1=0.087952406 L2=0.087952397 L3=0.013838927
inf 52.9161 15.999 F=0.27795492 L1=0.088572099 L2=0.08666688 L3=0.006945419
64 121.643 25.4681 F=0.13827933 L1=0.072606239 L2=0.072145046 L3=0.006217681
100 0.39811 3.001 F=0.11110925 L1=2.5315612 L2=0.29919354 L3=0.7618967
185 0.0994298 0.00238919 F=0.9763868 L1=10.120813 L2=9.884732 L3=100.08517
40 0.575622 512.1 F=1.313178e-16 L1=1.7125989 L2=0.068035016 L3=0.11651466 acc=8.8e-64
2260 1.67227 1.55743 F=0.50468239 L1=0.61742706 L2=0.32052998 L3=0.20109949
916530 0.00203928 512.1 F=1.1685238e-20 L1=490.34446 L2=0.070964038 L3=34.796825
31073 2.32898 996.325 F=1.5097457e-32 L1=0.41319996 L2=0.070474677 L3=0.029120524
327 1182.23 0.00570551 F=0.99951598 L1=0.084832427 L2=0.084832427 L3=0.01511419
303817 19.6637 0.208611 F=0.98122886 L1=0.09090924 L2=0.090744525 L3=0.0083987748
175 0.00540082 66.9667 F=3.6234667e-6 L1=185.13577 L2=0.073048368 L3=13.523982
40 2.999 0.0553105 F=0.98110311 L1=0.34818571 L2=0.34178889 L3=0.11740514
40 3 102.862 F=0.00033813759 L1=0.31454151 L2=0.063021198 L3=0.019810487
inf 314.97 40.8475 F=0.041050411 L1=0.077199898 L2=0.077026677 L3=0.0062737566
inf 27.3675 65.69 F=0.0039625951 L1=0.088602727 L2=0.076419472 L3=0.0068480235 acc=2.3e-63
312 213.216 829.234 F=8.84048e-26 L1=0.070659427 L2=0.069094691 L3=0.0048815699
100 0.0976339 64.01 F=9.4999185e-5 L1=10.219589 L2=0.070115514 L3=0.7166569
inf 3.001 6.92771 F=0.27146095 L1=0.34258452 L2=0.12068452 L3=0.04457194
inf 0.55277 344.586 F=4.5194562e-13 L1=1.7863131 L2=0.071425513 L3=0.12759224
80286 2.86782 4 F=0.39753642 L1=0.3616913 L2=0.16118878 L3=0.058820677
75649 1.28618 0.328455 F=0.78923509 L1=0.80659917 L2=0.64372654 L3=0.52816709
879 116.569 77.9866 F=0.0024840322 L1=0.073699986 L2=0.072035046 L3=0.0053335556
inf 0.00439663 3.44439 F=0.0012001648 L1=227.46662 L2=0.29378112 L3=66.829612
41 1.87136 33.8381 F=0.016690321 L1=0.51556608 L2=0.066644045 L3=0.035019968
inf 33.1815 0.000145516 F=0.99998734 L1=0.08703041 L2=0.087030396 L3=0.010648733 acc=2.2e-70
27440 6.42127 33.4511 F=0.031565298 L1=0.17165914 L2=0.090888683 L3=0.016022637
100 0.00487377 49.2742 F=1.3656292e-5 L1=205.15952 L2=0.072768134 L3=14.929326
48 0.00249775 64.2174 F=3.5480106e-6 L1=400.33375 L2=0.063385431 L3=25.375365
179953 1.30425 353.098 F=5.423461e-13 L1=0.74684663 L2=0.071387364 L3=0.053318851
6767 48.5615 17.9848 F=0.23143728 L1=0.090486745 L2=0.088034762 L3=0.0075441637
4288 101.215 2.999 F=0.79096236 L1=0.07345375 L2=0.073379944 L3=0.0072685786
37 1.0902 0.185177 F=0.84921034 L1=0.95305528 L2=0.8165595 L3=0.79250281
inf 43.5588 63.976 F=0.0052133405 L1=0.082339292 L2=0.0758224 L3=0.0063299861
46 57.8574 53.6191 F=0.023373549 L1=0.063260749 L2=0.060154307 L3=0.0036838851
41 35.9821 0.00172974 F=0.9998444 L1=0.08995936 L2=0.089959237 L3=0.013099081 acc=1.0e-67
5477 100 0.0262768 F=0.9977651 L1=0.085064807 L2=0.085064575 L3=0.013518231
1746 22.9162 700 F=8.9310808e-23 L1=0.090415099 L2=0.070291903 L3=0.0063554383
inf 100 0.000207961 F=0.99998228 L1=0.085206099 L2=0.085206098 L3=0.013577511
50 5.93275 791.636 F=3.1167362e-24 L1=0.16679942 L2=0.068734664 L3=0.011463688
64384 0.01 0.00165508 F=0.85790073 L1=100.06621 L2=85.86563 L3=8592.2958
726475 0.223196 3.75 F=0.052984361 L1=4.4980799 L2=0.25638032 L3=1.1566465
50 107.658 0.0798513 F=0.99302723 L1=0.087335962 L2=0.087335521 L3=0.014872539
3202 110.968 515 F=7.358668e-17 L1=0.07423527 L2=0.070572534 L3=0.005238963
1562 0.00346065 66.2636 F=1.9777874e-6 L1=288.94458 L2=0.077519688 L3=22.399041
386 0.5 0.124238 F=0.79629133 L1=2.0471894 L2=1.6459782 L3=3.3951904 acc=4.0e-62
64 1.58996 0.000737094 F=0.9995154 L1=0.65775164 L2=0.65744886 L3=0.44124797
54 1.49725 40.9389 F=0.0078882305 L1=0.6484302 L2=0.067646323 L3=0.044202389
31364 0.61673 0.054339 F=0.91674139 L1=1.6672714 L2=1.5346082 L3=2.5833245
64 0.015551 1.18359 F=0.012415979 L1=64.341398 L2=0.85216094 L3=54.843209
8912 0.00184927 0.871643 F=0.0020421386 L1=540.79587 L2=1.1692672 L3=632.35241
5457 0.00136993 66.2139 F=7.7090723e-7 L1=729.94773 L2=0.077954819 L3=56.903093
38 40 35.0132 F=0.070963886 L1=0.062801219 L2=0.058208941 L3=0.0039559576
4378 64 9.31046 F=0.49043758 L1=0.078712811 L2=0.077934406 L3=0.0045918335
41 86.0682 0.0467915 F=0.99586538 L1=0.088376838 L2=0.088376436 L3=0.01500117
38865 5.15127 24.9404 F=0.062273797 L1=0.20830817 L2=0.096979513 L3=0.020545816 acc=3.6e-63
117223 111.049 60.4373 F=0.0084116252 L1=0.075931294 L2=0.074402488 L3=0.0057605648
98 0.001 0.00185213 F=0.35057135 L1=1000.0676 L2=350.68271 L3=350706.45
12301 64 0.00172063 F=0.99985255 L1=0.085695303 L2=0.085695267 L3=0.012750164
inf 64 0.235986 F=0.98012526 L1=0.08446155 L2=0.084455486 L3=0.012179737
171 342.123 20.3559 F=0.2127724 L1=0.080139971 L2=0.080087365 L3=0.0066818069
inf 1.96456 0.001 F=0.9994689 L1=0.53137742 L2=0.53110614 L3=0.28591108
379 120.496 0.807162 F=0.93529242 L1=0.080575858 L2=0.080567873 L3=0.011696129
105 2.15486 0.00144417 F=0.99930012 L1=0.48495186 L2=0.48462501 L3=0.23753071
inf 0.25 40 F=0.0011726281 L1=3.9896201 L2=0.087972201 L3=0.35142315
29290 790.477 61.8683 F=0.0090419344 L1=0.071925742 L2=0.071881322 L3=0.0052704806 acc=2.0e-63
11964 94.2196 0.0336062 F=0.99714198 L1=0.0850627 L2=0.085062363 L3=0.013397891
71158 0.463282 26.309 F=0.007543027 L1=2.155891 L2=0.096940695 L3=0.20955774
459 86.9456 2.97827 F=0.79087736 L1=0.074211351 L2=0.07411299 L3=0.0072989907
178878 0.00522648 511.9 F=3.0418942e-20 L1=191.30815 L2=0.070961038 L3=13.575427
inf 1.8735 1.49234 F=0.54382237 L1=0.55236772 L2=0.30814121 L3=0.17286738
41 0.0133767 0.000174553 F=0.98710724 L1=74.825197 L2=73.862255 L3=5526.8059
inf 64.01 0.0019115 F=0.99983622 L1=0.085683784 L2=0.085683743 L3=0.012742169
inf 40 36.6605 F=0.044094398 L1=0.089256387 L2=0.08368287 L3=0.0078341877
4187 0.0160407 1.2548 F=0.01208436 L1=62.376877 L2=0.80343121 L3=50.128146
inf 0.608439 785.774 F=1.2741497e-26 L1=1.6202399 L2=0.070631419 L3=0.1144406 acc=1.1e-63
40 2.1241 135.975 F=3.1563481e-5 L1=0.44907679 L2=0.063784053 L3=0.028632225
4570 0.00969171 406.28 F=1.0940673e-16 L1=103.156 L2=0.071050681 L3=7.3293072
inf 2.999 0.000624874 F=0.99978366 L1=0.34628973 L2=0.34621617 L3=0.11650375
14042 1.15099 0.01 F=0.99104056 L1=0.9037581 L2=0.89608147 L3=0.82434473
38 1.52118 1.51074 F=0.48789052 L1=0.67812801 L2=0.34092549 L3=0.23589738
10401 3 0.123155 F=0.95907073 L1=0.34655851 L2=0.33267114 L3=0.1124667
8944 7.31347 2.60224 F=0.70438238 L1=0.15433039 L2=0.12482182 L3=0.018294132
50 0.00101628 16 F=4.736926e-5 L1=983.97791 L2=0.10263898 L3=100.99535
99 1.84213 0.1 F=0.94625187 L1=0.56705907 L2=0.53786476 L3=0.31014771
19877 0.00314332 41.6533 F=1.3083182e-5 L1=318.12332 L2=0.08697207 L3=27.66827 acc=3.0e-68
11844 29.5481 0.603545 F=0.94902691 L1=0.086031288 L2=0.085918403 L3=0.0096391333
1980 1 115.462 F=1.2821344e-5 L1=0.98119045 L2=0.073743257 L3=0.072388704
50 0.914865 16 F=0.038872073 L1=1.0947574 L2=0.10200147 L3=0.11250121
350 0.01 1.7237 F=0.0054858646 L1=100.03045 L2=0.58748932 L3=58.776161
1216 0.0447418 5.66938 F=0.0072887349 L1=22.363984 L2=0.18336651 L3=4.1023582
inf 2.46418 0.001 F=0.99957734 L1=0.42283792 L2=0.42266412 L3=0.1783077
inf 0.25 28.7235 F=0.0032960684 L1=3.9954954 L2=0.095429881 L3=0.38186318
46616 0.333292 59.9837 F=0.00029468719 L1=2.9840431 L2=0.079475901 L3=0.23735345
2073 125.128 28.3812 F=0.10469042 L1=0.083575079 L2=0.082890074 L3=0.0072607772
37 1.65522 55.518 F=0.0041907337 L1=0.57937449 L2=0.059817786 L3=0.034640542 acc=2.3e-63
339 56.3807 700 F=3.6153807e-22 L1=0.076992145 L2=0.069177956 L3=0.0053255659
2171 0.0495628 512 F=3.3790844e-19 L1=20.151249 L2=0.070633137 L3=1.4233478
50 0.857621 40.0966 F=0.0051867405 L1=1.1444663 L2=0.066721371 L3=0.076733011
105425 0.25 0.0265469 F=0.90263882 L1=4.0569405 L2=3.6721216 L3=14.934098
14118 105.657 4 F=0.73589756 L1=0.071920739 L2=0.071818972 L3=0.0060343396
38 101.782 0.987163 F=0.91896111 L1=0.082738009 L2=0.082729475 L3=0.011872996
inf 0.00376644 0.001 F=0.79014717 L1=265.56936 L2=209.86674 L3=55734.221
100 80.3352 0.00498761 F=0.9995676 L1=0.086697728 L2=0.086697664 L3=0.014088226
1717 0.00944462 700 F=1.2043155e-25 L1=105.8548 L2=0.070300904 L3=7.4416889
72898 40 53.4834 F=0.011396692 L1=0.084627451 L2=0.077851577 L3=0.0067629184 acc=2.6e-63
inf 94.8187 0.0240322 F=0.99795504 L1=0.085105314 L2=0.085105079 L3=0.013427299
9835 0.510417 41.6 F=0.0020325189 L1=1.9487513 L2=0.086864967 L3=0.16969817
38 100 2.999 F=0.78379253 L1=0.076669307 L2=0.076625578 L3=0.0072098717
1222 143.94 0.0001 F=0.9999915 L1=0.085048954 L2=0.085048954 L3=0.014111642
694 3.001 1 F=0.74124084 L1=0.34770185 L2=0.26109287 L3=0.090472691
186 5.14545 4.77885 F=0.47790981 L1=0.20877685 L2=0.12506154 L3=0.026788959
66514 991.555 0.001 F=0.99991557 L1=0.084434611 L2=0.084434611 L3=0.014919541
inf 52.7612 20.1066 F=0.19393923 L1=0.090378113 L2=0.088041613 L3=0.0077812957
354726 0.01 512 F=5.7702701e-20 L1=99.974891 L2=0.070962929 L3=7.094513
322 38.618 0.00413016 F=0.99964076 L1=0.086987565 L2=0.086987304 L3=0.011536002 acc=3.4e-67
64 54.6404 0.00142781 F=0.9998744 L1=0.087966454 L2=0.087966414 L3=0.013724005
50 8 61.3938 F=0.0071305355 L1=0.12673514 L2=0.063826833 L3=0.0080365651
2839 89.9034 0.00105436 F=0.99991002 L1=0.085342318 L2=0.085342306 L3=0.013442847
63230 2.37905 0.172337 F=0.92972043 L1=0.43811152 L2=0.40823398 L3=0.17925442
194983 42.0915 0.0166808 F=0.99856017 L1=0.086345276 L2=0.086344409 L3=0.011530003
103 2.999 273.276 F=1.5194946e-9 L1=0.31802755 L2=0.067406716 L3=0.021436168
526633 64 15.999 F=0.28295694 L1=0.086994666 L2=0.085635102 L3=0.0067196577
284 113.277 0.503692 F=0.95859994 L1=0.082415154 L2=0.082410344 L3=0.012535816
743763 73.4498 66.3936 F=0.0049709504 L1=0.077648606 L2=0.074536376 L3=0.0058605701
166447 1.48929 52.2818 F=0.0021951192 L1=0.66062825 L2=0.081789181 L3=0.054294023 acc=3.4e-63
38 1.26087 46.3575 F=0.0056067906 L1=0.76782685 L2=0.059867705 L3=0.046060432
38 58.2254 0.0249265 F=0.99777687 L1=0.089204194 L2=0.089203649 L3=0.014567116
41 104.927 0.0001 F=0.99999114 L1=0.088597368 L2=0.088597368 L3=0.015393489
305 0.0393645 0.000195853 F=0.99503648 L1=25.46914 L2=25.343365 L3=645.51988
269 1 254.34 F=9.5672502e-10 L1=0.97783775 L2=0.06956361 L3=0.068027611
inf 16 0.0662688 F=0.99371408 L1=0.095262068 L2=0.095151359 L3=0.007524568
213689 87.701 0.00145436 F=0.99987592 L1=0.085320022 L2=0.085320006 L3=0.013366462
64 1.38128 46.8494 F=0.0046411974 L1=0.70429127 L2=0.0682518 L3=0.048280712
237496 21.3578 0.000326682 F=0.99997066 L1=0.089817031 L2=0.089816852 L3=0.0086002153
100 63.99 40 F=0.044083037 L1=0.072742245 L2=0.070057784 L3=0.0053855106 acc=2.8e-63
20587 46.6712 37.3744 F=0.042986439 L1=0.087239704 L2=0.082781284 L3=0.0075824515
17779 3.001 48.492 F=0.0052838112 L1=0.32918851 L2=0.083061727 L3=0.027636578
179 0.00283543 82.8382 F=6.0023774e-7 L1=352.65796 L2=0.071733704 L3=25.297528
44 144.454 57.1702 F=0.021400984 L1=0.059546293 L2=0.059233717 L3=0.0033925061
56 2.05847 32.1647 F=0.019048658 L1=0.47295195 L2=0.074904913 L3=0.036193272
8827 44.6224 2.94946 F=0.78668897 L1=0.078160806 L2=0.077803073 L3=0.0074012352
37 122.375 0.0794271 F=0.99298424 L1=0.088340814 L2=0.088340601 L3=0.015284142
inf 103.071 0.0610109 F=0.99482819 L1=0.084796875 L2=0.084796353 L3=0.013441643
324393 0.00141609 15.7144 F=6.9328999e-5 L1=706.16883 L2=0.10163401 L3=71.77095
inf 1.48414 0.111371 F=0.92732109 L1=0.70196846 L2=0.65327213 L3=0.46696401 acc=5.1e-63
1369 2.25847 2.9432 F=0.41888391 L1=0.45724363 L2=0.20300776 L3=0.094313989
1434 97.684 3 F=0.79061416 L1=0.07361112 L2=0.073531936 L3=0.0072672565
31221 58.2682 0.083961 F=0.99283733 L1=0.085404535 L2=0.085402212 L3=0.012330045
363912 88.5008 22.3724 F=0.16835176 L1=0.086821756 L2=0.085787348 L3=0.0074775301
71521 127.589 5.58099 F=0.65921848 L1=0.070831804 L2=0.070721292 L3=0.004686418
inf 0.01 0.00342821 F=0.74453215 L1=100.06613 L2=74.536102 L3=7458.5863
inf 2.27715 59.8755 F=0.0016951162 L1=0.4296118 L2=0.079391089 L3=0.034285528
21969 100 25.5804 F=0.12950558 L1=0.085726175 L2=0.084790145 L3=0.0074904051
59066 0.001 15.999 F=4.7564081e-5 L1=1000.0013 L2=0.10152992 L3=101.53027
38 76.2255 700 F=6.1403614e-21 L1=0.070555955 L2=0.068571429 L3=0.0048360819 acc=1.6e-63
30524 317.04 32.0098 F=0.082274695 L1=0.08033735 L2=0.080201829 L3=0.0068111209
502 3.001 58.7573 F=0.0024642111 L1=0.32544078 L2=0.077656578 L3=0.02543915
2199 16 0.207935 F=0.9804018 L1=0.09550406 L2=0.09515486 L3=0.0078435334
477 592.346 44.1726 F=0.034224888 L1=0.073186798 L2=0.073137998 L3=0.0056258354
64 101.204 3 F=0.78731647 L1=0.07494618 L2=0.074885753 L3=0.0072234235
41240 2.20978 0.621445 F=0.77252141 L1=0.4711346 L2=0.36737103 L3=0.17469198
50 0.00134022 1.66634 F=0.00076352922 L1=746.18039 L2=0.61099479 L3=455.92271
49 43.4842 0.0561373 F=0.99502421 L1=0.088705395 L2=0.088702766 L3=0.013288236
15439 93.6964 573.316 F=1.010151e-18 L1=0.075230463 L2=0.070702475 L3=0.0053189795
15618 0.95542 16 F=0.041321455 L1=1.0494524 L2=0.10138917 L3=0.10650581 acc=1.7e-63
inf 64 0.000179098 F=0.99998465 L1=0.085693354 L2=0.085693351 L3=0.01274607
6384 0.00232354 64 F=1.5527701e-6 L1=430.35963 L2=0.078421955 L3=33.749808
54 112.814 0.00127838 F=0.99988793 L1=0.087666887 L2=0.087666881 L3=0.015145291
108 2.999 3.94684 F=0.41140938 L1=0.34607538 L2=0.15959164 L3=0.055638846
349 92.6271 5.2988 F=0.66841071 L1=0.07240746 L2=0.072215753 L3=0.0049621406
inf 0.240216 0.000541939 F=0.99771755 L1=4.221136 L2=4.2117477 L3=17.816526
37 64.9992 0.000531638 F=0.9999525 L1=0.089341886 L2=0.089341878 L3=0.014919404
41 2.999 0.250477 F=0.91967811 L1=0.34838876 L2=0.32125765 L3=0.11101565
41 0.5 0.1 F=0.82918749 L1=2.0497959 L2=1.7138425 L3=3.5403683
52 38.131 2.26044 F=0.82569959 L1=0.081835095 L2=0.081508236 L3=0.0083467081 acc=3.0e-62
3674 46.1481 1.54413 F=0.87940797 L1=0.080742191 L2=0.08060747 L3=0.0092369854
38 5.0976 0.000168358 F=0.99996563 L1=0.20418072 L2=0.20417415 L3=0.035746095
83 103.131 49.1078 F=0.02674437 L1=0.066669871 L2=0.065428037 L3=0.0044229801
3617 0.00345311 4 F=0.00081027871 L1=289.61153 L2=0.253731 L3=73.486819
2217 3.28862 44.3586 F=0.0080578537 L1=0.30222248 L2=0.084506671 L3=0.025885038
884030 64.01 700 F=1.0720216e-22 L1=0.077686467 L2=0.070654451 L3=0.0054888947
64 16 46.379 F=0.022354881 L1=0.088828386 L2=0.066881279 L3=0.0059959625
38 0.0249465 0.01 F=0.71336361 L1=40.153648 L2=28.682675 L3=1151.7611
4571 38.6634 40 F=0.03329226 L1=0.088241488 L2=0.082087119 L3=0.007580369
55767 1 3.55442 F=0.20906863 L1=1.0159446 L2=0.22703948 L3=0.23326652 acc=4.9e-62
73806 16 63.99 F=0.0037361052 L1=0.10089951 L2=0.077428366 L3=0.0079036536
691 8 31.1427 F=0.043833122 L1=0.1470219 L2=0.090628737 L3=0.013760748
2448 75.5994 0.00598345 F=0.99948842 L1=0.085503058 L2=0.085502966 L3=0.01312365
9099 25.9812 0.205251 F=0.98211542 L1=0.087767028 L2=0.087714178 L3=0.0094742673
14063 0.0327783 54.155 F=4.7718788e-5 L1=30.49211 L2=0.081194083 L3=2.4760331
49262 3.001 18.3482 F=0.084167453 L1=0.34112097 L2=0.10054453 L3=0.034409538
4019 48.2398 2.999 F=0.78460413 L1=0.077485015 L2=0.077170565 L3=0.0073335765
158 117.475 57.4161 F=0.013271772 L1=0.0703029 L2=0.069046727 L3=0.004914616
97073 100 50.6934 F=0.017215458 L1=0.077928291 L2=0.076318957 L3=0.0061532749
438 500 67.0637 F=0.0067173716 L1=0.069984427 L2=0.069882854 L3=0.0049405746 acc=1.8e-63
50 0.53051 0.0570451 F=0.90034838 L1=1.9347639 L2=1.7502369 L3=3.4140623
18838 0.120798 0.01 F=0.92297459 L1=8.3401625 L2=7.706907 L3=64.318987
343918 1.79306 0.251456 F=0.87208131 L1=0.58103539 L2=0.50956359 L3=0.30060063
inf 0.0205575 1198.63 F=1.0378644e-40 L1=48.61838 L2=0.070415047 L3=3.4234658
64 47.8436 0.192142 F=0.98329726 L1=0.087153704 L2=0.087145406 L3=0.012823739
inf 0.263033 25.0346 F=0.0049459586 L1=3.7994409 L2=0.097708474 L3=0.37180348
211918 2.35884 162.752 F=7.9569754e-7 L1=0.40986196 L2=0.072950546 L3=0.029913636
138565 3 0.001 F=0.99965395 L1=0.34617381 L2=0.34605619 L3=0.11640604
1522 169.685 2.56401 F=0.81869189 L1=0.073000899 L2=0.072979718 L3=0.0079542038
344 0.308427 1439.82 F=5.5763577e-46 L1=3.216991 L2=0.06937126 L3=0.2231666 acc=2.8e-64
117310 2.02387 15.662 F=0.081633915 L1=0.4992843 L2=0.10126058 L3=0.050497533
inf 0.00237133 0.000840514 F=0.7382666 L1=421.77112 L2=311.41433 L3=131345.62
309 2.15456 5.64317 F=0.25668547 L1=0.47601756 L2=0.1466775 L3=0.070591246
3657 72.6058 0.00147038 F=0.9998742 L1=0.085559601 L2=0.085559577 L3=0.013042228
2050 3 64 F=0.0015454254 L1=0.32576511 L2=0.077948442 L3=0.025530933
125 1.82915 1.18492 F=0.59459171 L1=0.56657805 L2=0.34413634 L3=0.1982967
283418 1.35515 116.188 F=1.5288619e-5 L1=0.72067193 L2=0.074092347 L3=0.053427329
173559 71.2617 0.258752 F=0.97828673 L1=0.084145651 L2=0.084140212 L3=0.012326834
1815 63.99 3 F=0.78745127 L1=0.075612512 L2=0.07543102 L3=0.0072968798
inf 48.0354 111.673 F=0.00015678765 L1=0.080209537 L2=0.073171929 L3=0.0058709539 acc=1.9e-63
69 2.39335 0.185621 F=0.92495253 L1=0.4364205 L2=0.40475253 L3=0.17780867
inf 3.001 325.642 F=7.6371176e-12 L1=0.32096023 L2=0.071505145 L3=0.022953622
851 1 7.54318 F=0.10593975 L1=1.0088365 L2=0.13372124 L3=0.13858925
210081 3 0.00173762 F=0.99939884 L1=0.34617614 L2=0.34597181 L3=0.11638109
1392 0.0917625 53.1368 F=0.00014709071 L1=10.881807 L2=0.080847676 L3=0.8800305
inf 2.8897 512 F=1.2837178e-17 L1=0.33287254 L2=0.070964355 L3=0.023623457
106 2.32294 0.0455775 F=0.97991472 L1=0.44953658 L2=0.44080718 L3=0.1993549
384159 0.202903 32.0628 F=0.0019616015 L1=4.9219469 L2=0.093188399 L3=0.45922091
38 2.81593 1 F=0.72801645 L1=0.37079215 L2=0.27376283 L3=0.10273101
inf 99.6804 0.159974 F=0.98653965 L1=0.084224156 L2=0.084222567 L3=0.013109466 acc=8.7e-64
67208 1.42344 0.033443 F=0.97607432 L1=0.73234745 L2=0.71567511 L3=0.53401158
388503 123.893 0.15066 F=0.98734258 L1=0.084065243 L2=0.084064284 L3=0.013402565
456752 100 0.00130733 F=0.99988862 L1=0.085199432 L2=0.085199421 L3=0.013574474
1332 21.1238 1 F=0.91449551 L1=0.089298265 L2=0.08864719 L3=0.0087794751
20132 1.5613 96.4917 F=7.5209043e-5 L1=0.62475867 L2=0.074915145 L3=0.046850802
inf 0.25 2.80237 F=0.077637845 L1=4.0215033 L2=0.33305382 L3=1.3442573
174 0.00137928 65.8236 F=1.0077705e-6 L1=724.99392 L2=0.073170181 L3=53.048059
259686 2.75022 1.75688 F=0.5974755 L1=0.37856971 L2=0.23280174 L3=0.088977895
41 117.187 0.102964 F=0.99096364 L1=0.087778028 L2=0.087777652 L3=0.015054226
500493 16 0.00279346 F=0.99973422 L1=0.095160421 L2=0.095155769 L3=0.007384286 acc=7.3e-67
80 184.121 3.001 F=0.7902749 L1=0.073208567 L2=0.073193731 L3=0.0072100001
192 1.10872 65.4789 F=0.00073335642 L1=0.88421804 L2=0.073635104 L3=0.065225224
2345 0.5 0.00174833 F=0.99642778 L1=2.050364 L2=2.043346 L3=4.2192881
837 0.5 0.0012402 F=0.99746333 L1=2.0504521 L2=2.0454688 L3=4.2238763
40 0.25 0.214682 F=0.53186718 L1=4.0530523 L2=2.1991505 L3=8.9431227
208241 0.0448288 0.0020501 F=0.95614098 L1=22.371986 L2=21.396383 L3=478.72528
inf 117.684 0.000647913 F=0.99994488 L1=0.085074027 L2=0.085074023 L3=0.013799478
262 0.0965996 3.75 F=0.023645906 L1=10.370056 L2=0.26389209 L3=2.7402463
164 0.00302933 15.999 F=0.00014321076 L1=330.10689 L2=0.10194367 L3=33.652701
7909 86.3423 0.0101735 F=0.99913228 L1=0.085298122 L2=0.085298004 L3=0.013327181 acc=3.4e-66
inf 64 512.1 F=6.3618255e-17 L1=0.077688496 L2=0.070869414 L3=0.0055057382
41 64.01 0.0944746 F=0.99165835 L1=0.088352237 L2=0.088350442 L3=0.01437608
29975 128.058 46.6735 F=0.024280052 L1=0.077752489 L2=0.076756737 L3=0.0062231636
37990 16 64.01 F=0.0037323949 L1=0.10088631 L2=0.077413136 L3=0.0079008515
37 110.414 2.21214 F=0.83296468 L1=0.078132867 L2=0.078112754 L3=0.0086879535
40 4.00649 0.000453913 F=0.99988226 L1=0.25941899 L2=0.25938931 L3=0.062449356
40 1 44.1508 F=0.0050561401 L1=0.97503239 L2=0.061072152 L3=0.059716066
inf 92.9919 29.3037 F=0.093871787 L1=0.085072824 L2=0.083876622 L3=0.0074690084
273958 64 0.00984578 F=0.99915689 L1=0.085641659 L2=0.085641447 L3=0.01272267
inf 63.99 33.2153 F=0.064334938 L1=0.086042666 L2=0.083550205 L3=0.0075613533 acc=2.8e-63
1090 1.94011 64 F=0.0011163895 L1=0.50333265 L2=0.077605393 L3=0.039205048
inf 102.664 65.8117 F=0.0055653909 L1=0.075802145 L2=0.073965291 L3=0.0056828151
37 80.2973 2.01218 F=0.84538458 L1=0.079334981 L2=0.079289651 L3=0.009083285
284 100 0.00809269 F=0.99930723 L1=0.08560735 L2=0.08560728 L3=0.013884024
933 43.1314 515 F=6.4369771e-17 L1=0.080565893 L2=0.070169156 L3=0.0056531466
inf 0.00304317 0.625861 F=0.0046997764 L1=328.65041 L2=1.6218368 L3=533.03956
529 0.5 69.8647 F=0.00021855915 L1=1.9815962 L2=0.07580823 L3=0.15033815
637 128.268 61.7844 F=0.0083063951 L1=0.073744796 L2=0.072528126 L3=0.005433451
458903 74.3025 15.999 F=0.28644217 L1=0.08594449 L2=0.084905856 L3=0.0065674563
229406 97.7506 22.1595 F=0.17294909 L1=0.086302434 L2=0.085445094 L3=0.0073870814 acc=1.1e-63
41 0.001 33.5658 F=1.0701374e-5 L1=999.97806 L2=0.067536397 L3=67.535653
inf 16 0.0001 F=0.99999048 L1=0.095155697 L2=0.09515553 L3=0.0073779654
inf 64.01 22.7867 F=0.1570049 L1=0.088907036 L2=0.087047439 L3=0.0077987911
19057 7.23284 0.208495 F=0.97007317 L1=0.14817427 L2=0.14476424 L3=0.01489465
37 0.921486 62.0134 F=0.001681715 L1=1.0586019 L2=0.060367787 L3=0.063891688
38 49.8338 57.2506 F=0.020564993 L1=0.062465727 L2=0.058643134 L3=0.0034894195
2841 0.609813 512 F=3.7882939e-18 L1=1.6166955 L2=0.070708951 L3=0.1143166
8588 2.53175 0.207798 F=0.92114659 L1=0.41153526 L2=0.37997902 L3=0.15598291
37 100 21.2671 F=0.18511056 L1=0.070908253 L2=0.070509139 L3=0.0068296806
inf 623.188 0.11452 F=0.99042012 L1=0.083625409 L2=0.083625382 L3=0.014416101 acc=5.3e-64
3109 3.001 0.0305101 F=0.98954898 L1=0.346176 L2=0.34262653 L3=0.11537704
48 64 259.147 F=4.2422337e-8 L1=0.069860399 L2=0.066248501 L3=0.0046152367
48 10.4635 0.00333893 F=0.99961553 L1=0.11518816 L2=0.11516856 L3=0.0089287742
55341 1.5 21.2802 F=0.036166465 L1=0.66926442 L2=0.099611288 L3=0.067070835
50 0.369669 64.2486 F=0.00049307418 L1=2.6792512 L2=0.063844118 L3=0.17109205
267 1.13543 67.21 F=0.00061996985 L1=0.86366758 L2=0.074599204 L3=0.064543856
2254 0.00125937 26.6935 F=2.0708981e-5 L1=794.04618 L2=0.096441335 L3=76.579474
inf 3.001 3 F=0.48286372 L1=0.34678605 L2=0.17974444 L3=0.06300983
2815 1.80065 2.98991 F=0.36167729 L1=0.57065113 L2=0.21827321 L3=0.12658673
6184 0.0202994 38.1343 F=0.00011513605 L1=49.252418 L2=0.088992366 L3=4.3835697 acc=1.3e-66
inf 1 0.0010975 F=0.99886191 L1=1.0381285 L2=1.037009 L3=1.0940588
38 111.443 859.821 F=1.0908665e-25 L1=0.069557001 L2=0.068836968 L3=0.0047867404
12085 11.1215 0.0237163 F=0.99739851 L1=0.10995485 L2=0.10983532 L3=0.0070369128
2056 2.80983 49.3443 F=0.0047411816 L1=0.35050886 L2=0.082249363 L3=0.029111214
365 55.8302 0.106082 F=0.99092193 L1=0.08569601 L2=0.085692755 L3=0.012417459
100 0.871023 2.69293 F=0.23375053 L1=1.1669814 L2=0.28733736 L3=0.33935143
3145 2.11658 37.0333 F=0.010848166 L1=0.46912857 L2=0.089162422 L3=0.042289817
4725 1.38086 47.2404 F=0.0031362943 L1=0.71430786 L2=0.08366563 L3=0.060089683
251 500 0.0198813 F=0.99831148 L1=0.084924145 L2=0.08492414 L3=0.015000861
60 0.0106557 0.0880862 F=0.1073048 L1=93.910497 L2=10.1883 L3=956.83091 acc=1.2e-62
33089 42.7275 196.826 F=3.1266066e-7 L1=0.081400004 L2=0.072073326 L3=0.0058667712
inf 0.0528499 2.999 F=0.016345907 L1=18.943064 L2=0.33214368 L3=6.2967383
50 40 0.0679804 F=0.99397121 L1=0.088780831 L2=0.088776897 L3=0.012955832
4951 40 30.2686 F=0.076114301 L1=0.091407476 L2=0.086443957 L3=0.0082575547
61905 91.4163 841.235 F=5.9392823e-27 L1=0.075396898 L2=0.070524595 L3=0.0053173356
38 0.535426 0.26929 F=0.65734767 L1=1.9126506 L2=1.2815485 L3=2.4731703
inf 68.3227 0.00439165 F=0.99962416 L1=0.085583925 L2=0.085583842 L3=0.012880958
38 2.89514 117.718 F=0.00013678 L1=0.3261907 L2=0.063148005 L3=0.020583327
12675 500 34.7722 F=0.067213349 L1=0.078683536 L2=0.078622277 L3=0.0065603146
inf 0.147132 3.59423 F=0.037079402 L1=6.8151901 L2=0.27162583 L3=1.8549367 acc=1.6e-63
50 1.84945 18.2528 F=0.057254595 L1=0.54198106 L2=0.097424968 L3=0.053965251
inf 63.99 0.000129872 F=0.99998887 L1=0.085693833 L2=0.08569383 L3=0.012745832
inf 1.75151 0.00224139 F=0.99866569 L1=0.59607534 L2=0.59531454 L3=0.36080697
64 0.00402279 0.000503716 F=0.88868807 L1=248.65195 L2=220.98915 L3=54949.433
29461 1.27545 0.0076211 F=0.99381312 L1=0.81668519 L2=0.8118906 L3=0.67548929
1334 3.001 62.9929 F=0.0016900786 L1=0.32562496 L2=0.077904197 L3=0.025510634
1147 0.0185002 1.15193 F=0.015160048 L1=54.090062 L2=0.87270459 L3=47.218311
64 2.93043 1.89374 F=0.5939538 L1=0.35545529 L2=0.21812123 L3=0.078642442
540173 0.360654 8.36 F=0.037144708 L1=2.7791427 L2=0.12788281 L3=0.36024845
37 0.0606892 4.61122 F=0.012193366 L1=16.492037 L2=0.21751476 L3=3.5899292 acc=1.7e-64
742 2.42494 0.078437 F=0.96736661 L1=0.42987056 L2=0.41624889 L3=0.1789969
100612 73.6018 3.001 F=0.78867987 L1=0.074822361 L2=0.074684272 L3=0.007285303
42630 15.0021 0.00104513 F=0.99989861 L1=0.097015084 L2=0.097012923 L3=0.0071739429
38 586.615 0.183076 F=0.98401247 L1=0.087344043 L2=0.087344043 L3=0.014979519
inf 2.35172 0.001 F=0.99955688 L1=0.4433129 L2=0.44312235 L3=0.19682633
41 7.36166 0.0291882 F=0.99574579 L1=0.14638179 L2=0.14591435 L3=0.015520013
105 16 1122.16 F=2.2025367e-34 L1=0.096418888 L2=0.069109037 L3=0.0066626544
116143 0.0891946 20.0158 F=0.0028047748 L1=11.211402 L2=0.10010724 L3=1.1228131
12833 3.001 512.1 F=1.3508215e-17 L1=0.3205232 L2=0.07090606 L3=0.02272839
5395 48.4302 0.000960793 F=0.99991723 L1=0.086153641 L2=0.086153605 L3=0.012026136 acc=2.2e-68
12721 0.96962 212.941 F=9.8128879e-9 L1=1.0109025 L2=0.072222104 L3=0.073019166
530 578.211 0.000312478 F=0.99997352 L1=0.084751655 L2=0.084751655 L3=0.014975103
37028 296.496 1.00063 F=0.92186764 L1=0.078309779 L2=0.078307988 L3=0.011454287
247 16 0.0338676 F=0.99676782 L1=0.095641512 L2=0.095585512 L3=0.0077974961
4114 16 0.000857983 F=0.99991834 L1=0.095183232 L2=0.095181804 L3=0.0074008395
62 1 0.205187 F=0.82366338 L1=1.0362195 L2=0.86218925 L3=0.90819873
192 40 0.00723765 F=0.99936926 L1=0.087159111 L2=0.087158692 L3=0.011852568
849 0.0270529 0.17564 F=0.1320903 L1=37.023157 L2=4.986464 L3=184.65147
129 57.083 39.6608 F=0.042544193 L1=0.07606985 L2=0.072779298 L3=0.005855868
inf 0.654853 15.999 F=0.029181489 L1=1.5293084 L2=0.10143144 L3=0.15525557 acc=8.0e-64
41 2.01781 8.36 F=0.17144524 L1=0.50082135 L2=0.11484399 L3=0.06077378
477 83.2533 0.107001 F=0.990912 L1=0.085001297 L2=0.084999835 L3=0.013173668
50468 8 0.700114 F=0.91089209 L1=0.13939662 L2=0.13125518 L3=0.013767095
2555 1372.57 24.9483 F=0.15024672 L1=0.081019677 L2=0.08101384 L3=0.006774807
615868 507.248 832.241 F=2.1608463e-26 L1=0.070982547 L2=0.070372338 L3=0.0049952078
inf 2.31003 0.1 F=0.95678409 L1=0.45132745 L2=0.43242347 L3=0.19593583
inf 8 20.946 F=0.11459636 L1=0.15103788 L2=0.098185284 L3=0.01486596
100 129.339 0.00185556 F=0.99983978 L1=0.086343806 L2=0.086343797 L3=0.014747203
8523 5.54986 64 F=0.0022957175 L1=0.18403366 L2=0.078130839 L3=0.014501779
inf 0.01 0.257034 F=0.036906556 L1=100.05602 L2=3.7931139 L3=379.55755 acc=1.4e-63
348 44.7936 60.613 F=0.0076066241 L1=0.079690599 L2=0.073589995 L3=0.0059430464
64 15.2294 56.127 F=0.011498341 L1=0.090509473 L2=0.066051417 L3=0.0059409833
3191 64.4614 1.67358 F=0.87202232 L1=0.078643132 L2=0.078565296 L3=0.0092814532
50219 1.5 127.165 F=7.4307255e-6 L1=0.64966355 L2=0.07373399 L3=0.047927547
40438 67.3395 57.2149 F=0.0097276414 L1=0.079166506 L2=0.075900159 L3=0.0061464207
411585 0.00779481 63.0285 F=5.5847305e-6 L1=128.27268 L2=0.078781987 L3=10.105749
inf 24.028 34.4574 F=0.046891405 L1=0.097869763 L2=0.086593734 L3=0.0088472993
614 64 2.999 F=0.78733063 L1=0.07567517 L2=0.075493847 L3=0.0072950046
35765 93.8188 0.616774 F=0.94982546 L1=0.081775225 L2=0.081765977 L3=0.011816313
326828 2.65044 61.3193 F=0.0017030636 L1=0.3690116 L2=0.079012006 L3=0.029319785 acc=3.5e-63
98634 0.139556 0.000959034 F=0.99311621 L1=7.2271607 L2=7.1782216 L3=51.920079
3129 50.5808 515 F=5.2706643e-17 L1=0.079450934 L2=0.070652702 L3=0.0056134146
4086 1.13899 136.373 F=3.0273576e-6 L1=0.85923538 L2=0.073322336 L3=0.063023922
98 0.00394186 18.853 F=0.00013919045 L1=253.6863 L2=0.099254171 L3=25.180246
38 63.99 0.000312596 F=0.9999721 L1=0.089257744 L2=0.089257739 L3=0.014846547
405 3 249.737 F=2.7162508e-9 L1=0.32017476 L2=0.0702884 L3=0.022509662
24579 2.999 68.5699 F=0.0010620941 L1=0.32559167 L2=0.077543864 L3=0.025361512
1073 0.712075 0.0521715 F=0.92961741 L1=1.4479847 L2=1.3508687 L3=1.9785777
100 123.187 159.697 F=1.6857484e-5 L1=0.068307747 L2=0.066594303 L3=0.0045415009
82 66.7318 3.77707 F=0.74067344 L1=0.07547225 L2=0.075253171 L3=0.0062946115 acc=3.2e-62
12826 1875.13 24.1748 F=0.16021642 L1=0.081284882 L2=0.081281774 L3=0.0067600262
50 1.88318 0.263778 F=0.87188849 L1=0.55464198 L2=0.48650002 L3=0.27469713
74795 79.5084 48.1391 F=0.020150818 L1=0.079748983 L2=0.077488406 L3=0.006416456
40 0.00158456 700 F=1.0131489e-24 L1=631.06461 L2=0.068564252 L3=43.268472
37 2.71487 515 F=4.6925525e-16 L1=0.35139724 L2=0.068049527 L3=0.023910032
inf 1.85129 868.84 F=9.8219903e-29 L1=0.52191328 L2=0.070571386 L3=0.036832685
56 1.06948 35.9112 F=0.008213519 L1=0.91721297 L2=0.071549884 L3=0.066204197
inf 0.00135439 0.000701755 F=0.65867283 L1=738.40586 L2=486.4133 L3=359170.48
31822 0.5 0.131116 F=0.78739976 L1=2.0467865 L2=1.6279632 L3=3.3573216
266 64.01 37.8735 F=0.046482618 L1=0.080114372 L2=0.077403312 L3=0.0065740218 acc=2.9e-63
inf 119.147 47.6813 F=0.02224089 L1=0.077825951 L2=0.076680141 L3=0.0062103933
8229 69.5134 8.90999 F=0.50789086 L1=0.07749347 L2=0.076859048 L3=0.0044443819
2010 107.125 0.000614169 F=0.99994767 L1=0.085209348 L2=0.085209343 L3=0.013723618
72 2253.46 15.999 F=0.29340228 L1=0.079936242 L2=0.079936242 L3=0.0067147353
1188 143.012 1 F=0.92131584 L1=0.079175899 L2=0.079168225 L3=0.011213932
266 0.00321882 95.0315 F=2.5472604e-7 L1=310.65002 L2=0.072294464 L3=22.458328
40 90.8943 44.2389 F=0.045945022 L1=0.057720551 L2=0.056775821 L3=0.0031872638
9631 1.87765 52.4311 F=0.0026457557 L1=0.52304325 L2=0.081585948 L3=0.042928616
302329 5.20739 707.593 F=1.8637563e-23 L1=0.19000832 L2=0.070696923 L3=0.013433534
100 0.00301328 0.22339 F=0.013135079 L1=331.92307 L2=4.46821 L3=1483.1377 acc=1.8e-64
14332 0.0710637 63.99 F=4.7046926e-5 L1=14.054067 L2=0.078504498 L3=1.103472
3360 11.0851 0.00632905 F=0.99930381 L1=0.1100695 L2=0.11003729 L3=0.0069838162
175616 11.3474 1 F=0.89736718 L1=0.11202289 L2=0.10742837 L3=0.010061901
78025 1176.17 0.00755994 F=0.99936215 L1=0.084369704 L2=0.084369704 L3=0.014918513
105934 320.429 56.0254 F=0.01317479 L1=0.073594673 L2=0.073370871 L3=0.0055485938
339818 1.49601 0.00829229 F=0.99424959 L1=0.69734047 L2=0.69352343 L3=0.49274801
779558 0.01 0.18809 F=0.04992451 L1=100.05844 L2=5.1006512 L3=510.39996
1718 0.091329 0.000162166 F=0.99821727 L1=11.012794 L2=10.99338 L3=121.11174
50 123.494 3 F=0.78666367 L1=0.075135968 L2=0.075105232 L3=0.0072071534
223 63.99 43.6538 F=0.030384639 L1=0.077489926 L2=0.074522263 L3=0.0060354233 acc=2.7e-63
39662 0.00514199 0.0188569 F=0.21399373 L1=194.54297 L2=41.733412 L3=8118.9881
661277 1 657.564 F=1.7438737e-22 L1=0.97832117 L2=0.070752225 L3=0.069219434
723949 2.999 512.1 F=1.3114673e-17 L1=0.32077737 L2=0.070963079 L3=0.022764703
561 38.943 0.0706302 F=0.99389678 L1=0.086541393 L2=0.086536792 L3=0.011333601
716 1.2764 0.00742407 F=0.99397565 L1=0.81620636 L2=0.81154168 L3=0.6748769
inf 0.00154527 1.87485 F=0.00078212928 L1=647.16387 L2=0.54229087 L3=350.95955
237842 63.99 1.68113 F=0.8715107 L1=0.078635406 L2=0.078555935 L3=0.009256463
5418 16 1099.69 F=3.7240749e-35 L1=0.09919023 L2=0.070314688 L3=0.0069745584
380067 0.25705 1396.58 F=1.1313851e-45 L1=3.8654348 L2=0.0703545 L3=0.27195098
inf 79.4997 115.474 F=0.00013923767 L1=0.076224671 L2=0.072593126 L3=0.005534734 acc=1.8e-63
41 120.414 3.001 F=0.78492927 L1=0.075968251 L2=0.075941536 L3=0.0072011273
9774 61.591 51.9514 F=0.014303908 L1=0.080615384 L2=0.077074049 L3=0.0064036906
inf 79.1565 40.212 F=0.037564519 L1=0.082063493 L2=0.080051809 L3=0.0069035943
100 2.02305 515 F=8.9231275e-17 L1=0.47503418 L2=0.068135663 L3=0.032365088
302835 0.013389 7.00594 F=0.0017494792 L1=74.699782 L2=0.15580031 L3=11.640074
38 0.503416 12.6536 F=0.031472861 L1=1.9889436 L2=0.10715116 L3=0.21293854
41 4.75436 79.172 F=0.0020167714 L1=0.19826988 L2=0.062549626 L3=0.012371182
437 0.188782 512.1 F=2.3301593e-18 L1=5.2717485 L2=0.069576207 L3=0.36678971
40 0.0105196 438.192 F=3.8175392e-16 L1=95.034641 L2=0.067700239 L3=6.4338652
996 64.01 8.36 F=0.52747711 L1=0.077403673 L2=0.076715333 L3=0.0044874745 acc=1.2e-62
17153 64.01 39.946 F=0.037054109 L1=0.083537699 L2=0.080706815 L3=0.0070792554
89298 68.4076 52.6896 F=0.013779619 L1=0.079790506 L2=0.076753102 L3=0.0063073226
1934 2.05891 0.0511495 F=0.97471622 L1=0.50682373 L2=0.49447369 L3=0.25336086
inf 2.67168 512 F=1.2089747e-17 L1=0.36008885 L2=0.070964458 L3=0.025554919
inf 0.00142989 16 F=6.8002433e-5 L1=699.35815 L2=0.10152825 L3=71.004823
inf 2712.68 38.7428 F=0.050700571 L1=0.076514096 L2=0.076511635 L3=0.0062031409
38 3.001 1 F=0.74048386 L1=0.34817282 L2=0.26142128 L3=0.091821952
93054 827.1 25.7347 F=0.14003334 L1=0.081373418 L2=0.081356597 L3=0.0068468525
133457 8 3.75 F=0.62817044 L1=0.14400864 L2=0.11210917 L3=0.016593988
218992 74.2837 64.2745 F=0.0058384431 L1=0.077738343 L2=0.074734062 L3=0.0058946479 acc=2.2e-63
inf 74.7829 47.813 F=0.020429718 L1=0.080228531 L2=0.077745105 L3=0.0064784126
15941 0.0446472 0.01 F=0.81648029 L1=22.462391 L2=18.363402 L3=412.53112
37 0.7284 0.226062 F=0.75598114 L1=1.4147761 L2=1.0848434 L3=1.5542272
10841 0.00740403 0.607177 F=0.011708715 L1=135.10803 L2=1.6595039 L3=224.23492
739557 51.7778 0.0376423 F=0.99677076 L1=0.085837066 L2=0.085835789 L3=0.01212548
184041 2.62541 0.01 F=0.99605033 L1=0.39652089 L2=0.39499293 L3=0.15521103
56 3 30.8737 F=0.028209686 L1=0.32425149 L2=0.076066218 L3=0.025490873
646247 0.0729922 44.1992 F=0.00024201147 L1=13.687504 L2=0.085603099 L3=1.1720793
45557 0.025997 67.1247 F=1.3500082e-5 L1=38.447616 L2=0.077935978 L3=2.9965972
564874 1.5 46.2341 F=0.0036487054 L1=0.65768575 L2=0.08436395 L3=0.055824917 acc=3.5e-63
43973 121.379 0.000814376 F=0.99993073 L1=0.085053583 L2=0.085053578 L3=0.013839687
955065 1.19789 0.984649 F=0.53653149 L1=0.86005748 L2=0.47369022 L3=0.41356482
690326 0.25 63.99 F=0.00016223586 L1=3.982723 L2=0.078561814 L3=0.31305334
684 0.25 67.7535 F=0.00012892219 L1=3.9813478 L2=0.076508815 L3=0.30474011
3663 0.001 0.127124 F=0.0077440617 L1=1000.0611 L2=7.8617228 L3=7862.2432
955559 40 43.572 F=0.024983129 L1=0.086950335 L2=0.08082349 L3=0.0073223665
144415 2.30884 32.0509 F=0.01823729 L1=0.43310572 L2=0.092844379 L3=0.040709523
inf 1899.68 40 F=0.045928108 L1=0.076161882 L2=0.076156726 L3=0.00613675
inf 1.99646 30.7608 F=0.018314131 L1=0.50042943 L2=0.093807278 L3=0.047454729
40 345.173 16 F=0.28052761 L1=0.079516554 L2=0.079515908 L3=0.0076221523 acc=1.7e-63
443 0.0436165 0.00768063 F=0.84984753 L1=22.99205 L2=19.558928 L3=449.74533
722150 0.25 68.0712 F=0.00011792832 L1=3.9821112 L2=0.077778797 L3=0.30986119
160123 244.597 47.4589 F=0.024402098 L1=0.075748115 L2=0.075430211 L3=0.005959124
3769 3.001 0.213564 F=0.93106696 L1=0.34668983 L2=0.32333944 L3=0.10965181
1196 8 35.778 F=0.028793191 L1=0.14559477 L2=0.088096509 L3=0.013233204
127 86.2518 61.4516 F=0.010075123 L1=0.070370663 L2=0.068196068 L3=0.0048193239
27339 1.67394 31.174 F=0.015234588 L1=0.59561203 L2=0.09354471 L3=0.056235421
861499 2.03915 51.029 F=0.0031665886 L1=0.48191122 L2=0.08220747 L3=0.039888136
149571 65.6725 512 F=6.496107e-17 L1=0.077490803 L2=0.070862032 L3=0.0054911558
49 0.00262568 0.00196744 F=0.57157783 L1=380.92168 L2=217.78501 L3=82959.08 acc=1.8e-61
133 107.592 64.01 F=0.0086880726 L1=0.06951564 L2=0.06798048 L3=0.0047402185
inf 4.3798 0.379213 F=0.91750155 L1=0.23773185 L2=0.21900967 L3=0.047343407
1118 226.861 0.0312101 F=0.99735907 L1=0.08461647 L2=0.084616417 L3=0.014389397
100 8 57.9673 F=0.006392073 L1=0.13260793 L2=0.070506225 L3=0.0094033492
inf 0.693893 0.0252707 F=0.96377418 L1=1.4857563 L2=1.4344929 L3=2.1549939
50 500 38.2103 F=0.063487291 L1=0.059912232 L2=0.059912002 L3=0.0038057029
702 40 1.03444 F=0.91604196 L1=0.083108911 L2=0.083005019 L3=0.0098608628
100 53.5672 757.303 F=3.2343817e-23 L1=0.075570113 L2=0.068686189 L3=0.0051889308
93 1.97459 1.02504 F=0.64684014 L1=0.52599322 L2=0.34631138 L3=0.18518349
40 2220.91 0.001 F=0.99991149 L1=0.088513771 L2=0.088513771 L3=0.015716978 acc=4.8e-68
186 2.38524 24.5118 F=0.038683339 L1=0.42085018 L2=0.094600661 L3=0.040479417
inf 2.01845 32.726 F=0.015387636 L1=0.49405228 L2=0.092439045 L3=0.046170638
37 0.5 700 F=3.4063868e-22 L1=1.9754395 L2=0.068564753 L3=0.13544444
530 38.6911 30.7007 F=0.073848362 L1=0.089960971 L2=0.084691408 L3=0.008031454
899 1.41736 0.00122159 F=0.99910184 L1=0.73588032 L2=0.73525227 L3=0.55143542
38 16 32.2184 F=0.06700886 L1=0.082205114 L2=0.062551904 L3=0.0057068901
448069 0.563144 0.0313886 F=0.945785 L1=1.8235206 L2=1.7289401 L3=3.1795881
246978 3.001 0.000866369 F=0.99970028 L1=0.34605551 L2=0.34595367 L3=0.11632429
50 500 47.5217 F=0.036498835 L1=0.059394745 L2=0.059394479 L3=0.0034768339
21729 12.6158 40 F=0.023751937 L1=0.11451403 L2=0.085542836 L3=0.010137681 acc=3.5e-63
760 2.88495 0.127203 F=0.9561323 L1=0.36065944 L2=0.34519478 L3=0.12224645
81 63.99 37.0035 F=0.056324681 L1=0.071338714 L2=0.068857466 L3=0.0052828288
27092 0.5 0.27484 F=0.63764753 L1=2.0434524 L2=1.3278033 L3=2.7346353
100 65.3043 0.133958 F=0.98847121 L1=0.086164953 L2=0.086161993 L3=0.013292356
42 124.353 4 F=0.72834732 L1=0.074997009 L2=0.07495999 L3=0.0058534971
1034 63.99 0.049105 F=0.99580138 L1=0.085550263 L2=0.085549173 L3=0.012716455
37 50.4663 0.00210889 F=0.99981094 L1=0.089652528 L2=0.089652466 L3=0.014365366
518473 0.00198258 0.234812 F=0.0082599241 L1=504.45121 L2=4.2728501 L3=2155.4793
1440 0.639609 61.735 F=0.00049069206 L1=1.5473166 L2=0.078366454 L3=0.12143044
37 0.00847092 124.536 F=3.4578089e-7 L1=118.02253 L2=0.063186102 L3=7.457376 acc=1.5e-67
inf 0.5 227.66 F=1.8043431e-9 L1=1.9777413 L2=0.072137715 L3=0.14267863
756 11.6669 40 F=0.023601641 L1=0.11690239 L2=0.084266035 L3=0.010197382
38 44.75 63.99 F=0.013502677 L1=0.064501473 L2=0.059682709 L3=0.0037046733
948305 94.308 90.9323 F=0.00086750037 L1=0.075371002 L2=0.072839892 L3=0.0055006869
1144 324.678 0.16084 F=0.9865591 L1=0.083549389 L2=0.083549241 L3=0.014125316
54121 95.229 37.1175 F=0.049499967 L1=0.082082094 L2=0.080694038 L3=0.0069857452
inf 3 3 F=0.48278305 L1=0.34689781 L2=0.17976913 L3=0.06303943
inf 0.214274 0.00783352 F=0.96428651 L1=4.7257231 L2=4.5608668 L3=21.59212
40 1 0.00413129 F=0.99571984 L1=1.0403221 L2=1.0361195 L3=1.0966258
371310 3.001 2.999 F=0.48295054 L1=0.34678662 L2=0.17976969 L3=0.063018877 acc=2.8e-62
6564 64 100.181 F=0.00040256962 L1=0.077629918 L2=0.073005561 L3=0.0056721782
21048 0.01 4.16865 F=0.0022467843 L1=100.01705 L2=0.24349204 L3=24.356516
40 0.25 54.933 F=0.00070098376 L1=3.9725937 L2=0.060766948 L3=0.24143801
38 16 63.99 F=0.010003179 L1=0.083422746 L2=0.060697704 L3=0.0049278879
37 0.361588 0.231978 F=0.60213218 L1=2.8154983 L2=1.7287188 L3=4.8938885
inf 121.749 95.2671 F=0.00067087805 L1=0.074160767 L2=0.072402611 L3=0.0053768933
153571 16 0.1376 F=0.9869927 L1=0.095367522 L2=0.095136896 L3=0.0076731581
100 24.6821 0.00719733 F=0.99935458 L1=0.089697579 L2=0.089695488 L3=0.010193773
142 3.001 78.8478 F=0.00069641267 L1=0.32064867 L2=0.0709902 L3=0.022811332
100 0.0788639 0.000179105 F=0.99772251 L1=12.744832 L2=12.716094 L3=162.10927 acc=5.1e-66
inf 61.1051 99.3788 F=0.0004163848 L1=0.078108502 L2=0.073197112 L3=0.0057226098
27456 49.7701 0.128036 F=0.98907575 L1=0.085500717 L2=0.085495646 L3=0.011833649
388872 64 40 F=0.036854337 L1=0.083584378 L2=0.080750248 L3=0.0070859745
40 8.13981 16 F=0.18224483 L1=0.14506674 L2=0.095676558 L3=0.015009392
667 100 3.75 F=0.74855907 L1=0.07248394 L2=0.072380425 L3=0.0063051614
100 2.73435 56.2718 F=0.0036324326 L1=0.35222766 L2=0.071058439 L3=0.025150353
37 40 15.0803 F=0.27973557 L1=0.08727152 L2=0.084684208 L3=0.0086418855
26706 85.4764 681.296 F=4.6555566e-22 L1=0.075752326 L2=0.070624976 L3=0.0053500061
70420 1.38012 4 F=0.24393548 L1=0.73874523 L2=0.19551081 L3=0.14621315
555 50.9831 0.1 F=0.99143409 L1=0.085789887 L2=0.085786203 L3=0.01211433 acc=2.6e-64
3475 0.352884 700 F=3.764073e-24 L1=2.8094825 L2=0.070499537 L3=0.19806818
5022 0.001 51.1597 F=1.8719714e-6 L1=999.98475 L2=0.082165567 L3=82.164603
100 0.5 0.17136 F=0.73882038 L1=2.0466644 L2=1.5319541 L3=3.1599086
136631 100 0.000172582 F=0.99998529 L1=0.085207249 L2=0.085207247 L3=0.013578333
10473 0.00404032 0.0001 F=0.97584076 L1=247.57196 L2=241.59402 L3=59811.954
38 81.8466 19.2324 F=0.21284514 L1=0.075701732 L2=0.075041738 L3=0.0074882709
1634 0.434595 64.5919 F=0.00027107163 L1=2.2838102 L2=0.077847765 L3=0.17794379
620442 64.01 512.1 F=6.3661832e-17 L1=0.077686107 L2=0.07086819 L3=0.0055054738
64334 40 0.00811846 F=0.9992979 L1=0.086496831 L2=0.086496359 L3=0.011367308
237382 492.647 511.9 F=1.3479182e-16 L1=0.071009703 L2=0.070495075 L3=0.0050058344 acc=1.7e-63
3722 104.204 0.248418 F=0.97924454 L1=0.083674223 L2=0.083671812 L3=0.012938392
789 3.001 3.75 F=0.42471846 L1=0.34628303 L2=0.16333666 L3=0.057058259
100 268.174 16 F=0.29686499 L1=0.080254394 L2=0.080203871 L3=0.0064476575
9815 1.01791 27.3356 F=0.014211773 L1=0.9806242 L2=0.09618957 L3=0.094872225
18775 93.833 2.999 F=0.79052742 L1=0.073734973 L2=0.073649311 L3=0.0072727804
inf 29.3023 8.36 F=0.50278686 L1=0.085827824 L2=0.082942583 L3=0.0055846777
71809 0.124518 7.52161 F=0.014823069 L1=8.0412178 L2=0.14541255 L3=1.172261
1113 103.678 61.0824 F=0.0082131594 L1=0.075332801 L2=0.073612284 L3=0.0056421933
105 0.479833 17.9968 F=0.01760633 L1=2.0844174 L2=0.10010377 L3=0.20935695
1099 59.4466 64.01 F=0.0058766638 L1=0.078557636 L2=0.07437558 L3=0.005920543 acc=2.2e-63
41 69.4911 0.001 F=0.99991111 L1=0.088890321 L2=0.088890307 L3=0.014869439
inf 103.933 23.8598 F=0.15038362 L1=0.085880971 L2=0.085060352 L3=0.0074351728
38 1.09328 187.653 F=6.8463582e-7 L1=0.88996526 L2=0.06487022 L3=0.057721088
38 83.0743 0.000282962 F=0.99997481 L1=0.089025001 L2=0.089024999 L3=0.015250087
190 0.00135795 15.999 F=6.4260394e-5 L1=736.40461 L2=0.10189113 L3=75.033469
56 0.0323853 0.0654855 F=0.32950233 L1=30.942479 L2=10.27955 L3=318.11783
9819 112.319 700 F=1.4462478e-22 L1=0.074335895 L2=0.070540853 L3=0.0052437166
65189 16 73.7304 F=0.0017696316 L1=0.10025065 L2=0.076126958 L3=0.0076782293
4633 2.6331 8.36 F=0.21047683 L1=0.3842751 L2=0.10769093 L3=0.044111142
92678 10.9751 3 F=0.72493192 L1=0.11550168 L2=0.10209475 L3=0.012018458 acc=8.9e-63
inf 2.78676 0.280978 F=0.90492254 L1=0.37369569 L2=0.33907451 L3=0.125316
inf 85.5707 0.0765707 F=0.99350329 L1=0.084895265 L2=0.084894299 L3=0.013114849
50 0.194031 42.5209 F=0.0010601428 L1=5.1301663 L2=0.065744666 L3=0.3375843
40 3 57.218 F=0.0057949592 L1=0.31358427 L2=0.061073561 L3=0.019123006
3433 1.19576 7.93001 F=0.11765504 L1=0.84323869 L2=0.12514878 L3=0.10998406
963 0.001 62.6216 F=7.7103701e-7 L1=999.98166 L2=0.077870867 L3=77.869609
inf 100 0.2013 F=0.98311754 L1=0.083973329 L2=0.083971278 L3=0.012996653
294980 106.517 64.5144 F=0.0061690072 L1=0.07572971 L2=0.07402075 L3=0.0056890813
37 71.1785 4 F=0.7237431 L1=0.077236194 L2=0.077073357 L3=0.0059627905
421 2.83483 1358.3 F=8.9117405e-43 L1=0.33813469 L2=0.06940963 L3=0.023469703 acc=3.4e-63
328 64.01 0.000132281 F=0.99998861 L1=0.086082362 L2=0.086082359 L3=0.013036451
921324 0.677097 3.59684 F=0.15034723 L1=1.4936342 L2=0.24031376 L3=0.36192918
405 3 0.00341586 F=0.9988183 L1=0.34635674 L2=0.34595525 L3=0.11660046
2215 2.99512 6.46885 F=0.28693688 L1=0.34456289 L2=0.12662163 L3=0.046106256
426271 0.01 0.0203261 F=0.32931034 L1=100.06534 L2=33.039462 L3=3306.1511
9836 0.580699 0.00305877 F=0.9946139 L1=1.7701479 L2=1.7610428 L3=3.144639
517094 130.575 0.110987 F=0.99065018 L1=0.084275317 L2=0.084274702 L3=0.01358026
74 0.0991877 0.197019 F=0.33110364 L1=10.13862 L2=3.426791 L3=34.777102
38 1 984.875 F=1.9291108e-30 L1=0.97721285 L2=0.068981513 L3=0.067409053
1289 8 15.999 F=0.18670953 L1=0.14993683 L2=0.099132659 L3=0.014395221 acc=1.4e-63
inf 2.37637 41.3177 F=0.0081205683 L1=0.41683821 L2=0.086829588 L3=0.036592272
inf 3.001 511.9 F=1.3301777e-17 L1=0.32056566 L2=0.070964486 L3=0.022750132
96358 107.99 8.36 F=0.5377078 L1=0.07421866 L2=0.073964138 L3=0.0040719868
701 1.63554 64.01 F=0.00098699788 L1=0.59786345 L2=0.07714651 L3=0.046266086
22148 3.001 122.499 F=1.843317e-5 L1=0.32269182 L2=0.073844991 L3=0.023852112
70 5.44123 0.605333 F=0.89500621 L1=0.19405333 L2=0.17601741 L3=0.030343705
27768 3.001 0.818718 F=0.77804101 L1=0.34758054 L2=0.27307308 L3=0.094202367
38 0.438997 2.15316 F=0.16140606 L1=2.3019373 L2=0.39315525 L3=0.91173408
15391 87.0932 0.238138 F=0.98004703 L1=0.083945426 L2=0.083942133 L3=0.012708527
inf 40 26.9185 F=0.10183839 L1=0.092664334 L2=0.088067969 L3=0.0084319814 acc=2.3e-63
172 2.0605 44.6046 F=0.0061758 L1=0.47464718 L2=0.078635041 L3=0.037658542
inf 1.6914 0.0323685 F=0.98040737 L1=0.61701632 L2=0.60545922 L3=0.3800544
57 2.65859 0.199075 F=0.92739196 L1=0.39283961 L2=0.36518736 L3=0.1434203
37 0.01 185.265 F=8.3669502e-9 L1=99.972245 L2=0.064774618 L3=6.4756537
519616 9.31125 40 F=0.021053493 L1=0.13212343 L2=0.086227661 L3=0.011745219
257932 16 48.9181 F=0.012299417 L1=0.103215 L2=0.081190337 L3=0.0086104267
67630 64.01 0.001 F=0.99991431 L1=0.085690576 L2=0.085690555 L3=0.012745846
141 8 0.191952 F=0.974378 L1=0.13703712 L2=0.13463573 L3=0.012447405
10975 116.453 36.8688 F=0.051817646 L1=0.081152266 L2=0.080178412 L3=0.0068712505
142 64.01 0.000143691 F=0.99998756 L1=0.08660181 L2=0.086601807 L3=0.013397192 acc=7.0e-70
37 0.01 0.000266003 F=0.97407105 L1=100.06898 L2=97.477862 L3=9754.5585
25340 46.7193 25.0924 F=0.12284195 L1=0.091352533 L2=0.087944961 L3=0.008232795
648914 0.25 0.176662 F=0.58056208 L1=4.0519602 L2=2.3907732 L3=9.7174265
inf 693.039 0.000594576 F=0.99994977 L1=0.084472643 L2=0.084472643 L3=0.014854283
38 8.31889 0.454551 F=0.94179445 L1=0.13541655 L2=0.13054781 L3=0.01374216
519 16 9.96093 F=0.40532231 L1=0.10212198 L2=0.091386367 L3=0.0076897453
inf 0.441867 0.000158091 F=0.99963413 L1=2.3151555 L2=2.3143415 L3=5.389533
368 500 46.5461 F=0.029016698 L1=0.072104935 L2=0.072035863 L3=0.0054252322
70789 64.01 52.1887 F=0.014122615 L1=0.080367154 L2=0.077020163 L3=0.0063785653
46651 72.7528 0.000189011 F=0.99998383 L1=0.085532611 L2=0.085532608 L3=0.013025218 acc=1.1e-69
50 0.01 0.0792406 F=0.11148066 L1=100.06468 L2=11.267556 L3=1127.5275
670 76.5414 0.154394 F=0.98693031 L1=0.084767105 L2=0.084764506 L3=0.012846466
304 1.51853 2.22879 F=0.39177883 L1=0.67653684 L2=0.27588371 L3=0.18974189
38 1.5 63.99 F=0.0022602491 L1=0.64184363 L2=0.060887642 L3=0.039061292
37 0.421006 3 F=0.11670042 L1=2.3945518 L2=0.29655014 L3=0.71491947
83 0.593007 0.003901 F=0.9932753 L1=1.7351811 L2=1.7240563 L3=3.0190843
27389 2.999 0.254487 F=0.91885693 L1=0.34700727 L2=0.31951828 L3=0.10857865
43 279.938 0.174136 F=0.98486735 L1=0.086908072 L2=0.086908058 L3=0.014938998
46 317.753 3.75 F=0.74428052 L1=0.074029529 L2=0.074029034 L3=0.0061063884
50 40 27.6316 F=0.10687668 L1=0.07375044 L2=0.069461771 L3=0.0061076986 acc=4.4e-63
64 43.5744 63.99 F=0.0095975776 L1=0.070397791 L2=0.064463377 L3=0.0044796192
435201 713.347 0.178316 F=0.98516865 L1=0.083133939 L2=0.083133904 L3=0.014217398
280 2.5257 0.0584534 F=0.97643783 L1=0.41269808 L2=0.40324308 L3=0.16594656
3013 79.4878 0.0241047 F=0.99794356 L1=0.085329879 L2=0.085329542 L3=0.013161923
inf 1.65091 0.141143 F=0.91797707 L1=0.63137024 L2=0.58177913 L3=0.3736256
44 0.214891 4 F=0.04803963 L1=4.6696784 L2=0.24062888 L3=1.1270339
156 1.13682 0.0262675 F=0.97650546 L1=0.91517627 L2=0.89480278 L3=0.83372394
711326 220.673 0.221263 F=0.98159443 L1=0.083197083 L2=0.083196617 L3=0.013654441
41 108.56 0.00350202 F=0.99968988 L1=0.088555439 L2=0.088555424 L3=0.015407689
326653 0.00527382 64.01 F=3.4986613e-6 L1=189.59789 L2=0.078567727 L3=14.89644 acc=7.6e-68
41 0.001 512 F=2.3403023e-19 L1=999.97372 L2=0.068033585 L3=68.031795
47460 40 29.6398 F=0.080270465 L1=0.091802945 L2=0.086905686 L3=0.0083183559
inf 105.013 0.000333761 F=0.99997158 L1=0.085164213 L2=0.08516421 L3=0.013648026
28483 1 57.625 F=0.0010022935 L1=0.98621623 L2=0.080057058 L3=0.079162819
40 0.837883 0.000126866 F=0.99984302 L1=1.2375172 L2=1.2373336 L3=1.553454
50 2.19842 0.355044 F=0.85514317 L1=0.4751398 L2=0.4088084 L3=0.19692067
inf 11.219 0.0001 F=0.99998907 L1=0.10934165 L2=0.10934116 L3=0.0068987207
2361 1186.04 0.745383 F=0.94086652 L1=0.079280629 L2=0.079280556 L3=0.012433088
55104 0.01 0.444444 F=0.021511126 L1=100.05037 L2=2.2392936 L3=224.06911
242973 1.5 22.9042 F=0.030783688 L1=0.6685664 L2=0.098832572 L3=0.066533086 acc=3.1e-63
inf 0.843242 0.10922 F=0.8815343 L1=1.225379 L2=1.0870661 L3=1.3504121
177 0.5 58.4566 F=0.00059814514 L1=1.9811707 L2=0.074466648 L3=0.1476989
1524 3.001 1.27139 F=0.69209169 L1=0.3477265 L2=0.24511024 L3=0.085276357
7433 500 53.2664 F=0.016622227 L1=0.073355215 L2=0.073262617 L3=0.0055496469
50 117.072 0.0971374 F=0.9915348 L1=0.087160101 L2=0.08715967 L3=0.014876383
49 0.00168538 0.00948836 F=0.15073612 L1=593.40717 L2=89.563371 L3=53147.594
100 0.177254 1335.32 F=2.7520979e-42 L1=5.6160313 L2=0.069249217 L3=0.38890548
38 0.5 8.36 F=0.050623955 L1=2.0066204 L2=0.12906644 L3=0.26348558
2277 0.0223496 63.99 F=1.5090963e-5 L1=44.725285 L2=0.078152339 L3=3.4955485
64 634.59 0.149428 F=0.98717377 L1=0.085820399 L2=0.085820399 L3=0.014864082 acc=1.0e-63
26474 0.0024606 28.3782 F=3.4375987e-5 L1=406.39936 L2=0.095643706 L3=38.870126
313 2.20578 1.87317 F=0.52733475 L1=0.46973517 L2=0.25547016 L3=0.12192945
38796 0.631658 0.22796 F=0.72790027 L1=1.6247633 L2=1.1999479 L3=1.9694841
17843 0.5 40.9262 F=0.0021119421 L1=1.9898589 L2=0.087313089 L3=0.17417081
41 40.2805 0.000296697 F=0.99997338 L1=0.089704596 L2=0.08970458 L3=0.013508972
205085 102.606 0.157124 F=0.98678072 L1=0.084210133 L2=0.084208664 L3=0.013156653
4539 1.0971 0.000168549 F=0.9998403 L1=0.94765909 L2=0.9475157 L3=0.91358299
40 5.27108 202.416 F=8.3711608e-7 L1=0.18195345 L2=0.065254339 L3=0.011859071
38 0.274075 0.271964 F=0.49498195 L1=3.6995473 L2=1.8752066 L3=6.9648657
62731 16.0513 0.00893908 F=0.9991505 L1=0.095086889 L2=0.095072163 L3=0.0074104692 acc=7.3e-66
inf 123.088 0.000116484 F=0.99999009 L1=0.085045504 L2=0.085045503 L3=0.013856652
inf 0.5 64.01 F=0.00031630354 L1=1.9834663 L2=0.078546715 L3=0.15595595
10038 0.655335 515 F=2.9827186e-18 L1=1.5030671 L2=0.070885384 L3=0.10654723
inf 45.4374 0.247662 F=0.9789943 L1=0.085207107 L2=0.085194163 L3=0.011352942
1811 0.025665 187.027 F=1.9745067e-9 L1=38.939956 L2=0.07217952 L3=2.810681
3488 0.00299766 5.11265 F=0.00054748946 L1=333.60835 L2=0.2017069 L3=67.293184
1218 4.75432 1 F=0.81864853 L1=0.2216708 L2=0.18514734 L3=0.038290308
552 1.10438 64 F=0.00071130279 L1=0.88983075 L2=0.076819225 L3=0.068501459
38 49.5242 31.0494 F=0.092793071 L1=0.062650943 L2=0.059764178 L3=0.004422284
219385 8 0.162447 F=0.97833044 L1=0.136448 L2=0.13440148 L3=0.011766914 acc=4.0e-63
901981 64.01 4.28071 F=0.71580277 L1=0.07430177 L2=0.074005481 L3=0.0059419366
3397 8 1039.19 F=2.0394456e-33 L1=0.13590283 L2=0.070267565 L3=0.0095497144
37 2149.09 0.132716 F=0.98834426 L1=0.087835039 L2=0.087835039 L3=0.015206937
37 0.947111 8.36 F=0.090862087 L1=1.061824 L2=0.12435122 L3=0.13635612
1040 1.46608 0.00555697 F=0.99606085 L1=0.71157408 L2=0.70890809 L3=0.51406323
65957 0.0173505 419.507 F=7.1835282e-17 L1=57.610188 L2=0.071163344 L3=4.0997364
389952 920.272 48.0988 F=0.024728113 L1=0.074104645 L2=0.074078783 L3=0.005727022
40 0.0662068 3.75 F=0.016324728 L1=15.12175 L2=0.26448927 L3=4.0035771
12927 1.5 0.365704 F=0.79668549 L1=0.69274937 L2=0.55751217 L3=0.3928203
701 500 27.1391 F=0.12449306 L1=0.080220939 L2=0.08017533 L3=0.0067755181 acc=1.9e-63
191643 3.001 0.0873485 F=0.9706396 L1=0.34633141 L2=0.33636741 L3=0.11350476
788396 2.11609 11.7145 F=0.1262456 L1=0.47635891 L2=0.10142448 L3=0.047453877
87028 0.0915823 337.739 F=1.2795686e-13 L1=10.894792 L2=0.071445302 L3=0.77838593
31089 5.87279 65.6104 F=0.002084592 L1=0.17542742 L2=0.077889275 L3=0.013775795
2865 2.75708 78.5299 F=0.00047151357 L1=0.35271808 L2=0.076003321 L3=0.026882232
inf 1 3 F=0.23901437 L1=1.0175457 L2=0.25728351 L3=0.26497432
369535 118.499 27.0351 F=0.11628843 L1=0.08463201 L2=0.083907869 L3=0.007376616
inf 0.0977615 1 F=0.085793385 L1=10.266704 L2=0.93175581 L3=9.5806672
2913 0.574903 0.01 F=0.98243072 L1=1.7874973 L2=1.7574916 L3=3.1687732
258788 0.0234072 69.9966 F=9.7188621e-6 L1=42.703124 L2=0.077464862 L3=3.3081202 acc=1.5e-66
55453 62.4456 0.00117794 F=0.99989902 L1=0.08572419 L2=0.085724164 L3=0.012688171
inf 63.99 69.4733 F=0.0038229163 L1=0.078425079 L2=0.074510029 L3=0.0059015653
inf 15.984 150.704 F=5.8797203e-6 L1=0.099556686 L2=0.073011307 L3=0.0072703568
14108 111.289 0.0720171 F=0.99390462 L1=0.084666883 L2=0.08466635 L3=0.013517975
576 0.565094 0.0717165 F=0.88440602 L1=1.8164444 L2=1.6153185 L3=2.9596835
38 0.428694 36.1571 F=0.0038127286 L1=2.3085664 L2=0.063183565 L3=0.14639204
37871 2.89634 512 F=1.2989324e-17 L1=0.33209713 L2=0.070944593 L3=0.023561866
49 29.6358 0.0445962 F=0.99599564 L1=0.089889772 L2=0.089883558 L3=0.01188203
790929 0.713115 0.000557541 F=0.99919386 L1=1.4470242 L2=1.4459148 L3=2.1162182
20471 124.34 22.873 F=0.16582949 L1=0.085172328 L2=0.084603365 L3=0.0072747523 acc=1.1e-63
642 1 0.004286 F=0.99556926 L1=1.0382122 L2=1.033854 L3=1.0908852
150 2.2089 0.258367 F=0.8909918 L1=0.47230287 L2=0.42255342 L3=0.20145503
inf 421.311 0.0549393 F=0.99537663 L1=0.084143834 L2=0.084143807 L3=0.01451914
9038 5.8582 0.001 F=0.99982293 L1=0.17710424 L2=0.17707579 L3=0.02347194
6588 19.3688 41.8134 F=0.023608535 L1=0.099786025 L2=0.08344841 L3=0.0086429942
143625 2.07827 16 F=0.080586875 L1=0.48650363 L2=0.10119647 L3=0.049206462
68 3.26628 14.7838 F=0.12579297 L1=0.31432001 L2=0.10180764 L3=0.03225453
309238 0.51727 0.0140814 F=0.9728207 L1=1.9827116 L2=1.9310919 L3=3.8575022
210667 0.194614 1 F=0.15719356 L1=5.1747556 L2=0.85732632 L3=4.4500862
402935 40 86.2928 F=0.00095571495 L1=0.08236703 L2=0.07417574 L3=0.0061252261 acc=2.0e-63
2089 42.3653 0.988292 F=0.91984431 L1=0.082866203 L2=0.082779797 L3=0.0099846337
88 0.01 0.000208658 F=0.97954687 L1=100.06742 L2=98.023474 L3=9809.0036
inf 1.80793 388.14 F=5.8914406e-14 L1=0.53525791 L2=0.071267695 L3=0.038149295
inf 0.0184352 0.1562 F=0.10458104 L1=54.303372 L2=5.7805105 L3=313.93922
224 123.662 5.89282 F=0.64301396 L1=0.071683911 L2=0.071560763 L3=0.0045033534
40 3.001 0.239063 F=0.92310183 L1=0.34818039 L2=0.32222153 L3=0.11127366
133797 3.76247 0.000121578 F=0.9999666 L1=0.27475517 L2=0.27474613 L3=0.069545654
242655 446.236 265.906 F=4.5817892e-9 L1=0.071114877 L2=0.070700005 L3=0.0050278221
39744 0.0708351 2.999 F=0.021786844 L1=14.13873 L2=0.33027933 L3=4.6746129
3372 0.0275376 0.0536951 F=0.33784238 L1=36.37729 L2=12.371674 L3=450.09121 acc=1.1e-61
838262 64.01 42.3551 F=0.030503403 L1=0.082823095 L2=0.079881183 L3=0.0069257197
64 651.081 0.001 F=0.99991304 L1=0.086963309 L2=0.086963309 L3=0.015466169
44 149.089 3.001 F=0.78601344 L1=0.075367917 L2=0.075353683 L3=0.0071973213
134393 1 45.0907 F=0.0028094872 L1=0.98974954 L2=0.08499737 L3=0.084488053
37571 88.0927 8.80011 F=0.5170147 L1=0.075864119 L2=0.075464651 L3=0.0042360533
122736 63.99 0.000259567 F=0.99997776 L1=0.085694163 L2=0.085694157 L3=0.012746304
535 1.21427 44.3948 F=0.0036838437 L1=0.81290942 L2=0.083205145 L3=0.068004858
9268 1.05137 0.17451 F=0.85255841 L1=0.9856106 L2=0.84704899 L3=0.84848175
inf 64 3.75 F=0.74454513 L1=0.074654119 L2=0.074406632 L3=0.0064437905
inf 500 0.181095 F=0.98493055 L1=0.083181259 L2=0.083181187 L3=0.014126541 acc=1.3e-63
2174 64.01 0.1 F=0.99148824 L1=0.085216315 L2=0.085213998 L3=0.012545162
324 4.00219 511.9 F=4.5479723e-17 L1=0.24069491 L2=0.069235736 L3=0.016665177
45 0.263144 51.7828 F=0.0008316264 L1=3.7740069 L2=0.062444631 L3=0.23575475
50 1.5 1 F=0.58738021 L1=0.68998591 L2=0.41472383 L3=0.2916105
inf 2.71803 30.4629 F=0.023977083 L1=0.37019286 L2=0.093874602 L3=0.035243399
6066 2.999 0.136776 F=0.95472883 L1=0.346718 L2=0.33135551 L3=0.11212983
5558 0.0108114 0.00649399 F=0.62447395 L1=92.560951 L2=57.851199 L3=5354.8089
256 0.00505348 0.00168199 F=0.7501945 L1=197.95005 L2=148.53434 L3=29402.428
inf 54.5485 0.728077 F=0.94051888 L1=0.08266913 L2=0.082634974 L3=0.010837255
2145 1.35498 0.0054757 F=0.99580447 L1=0.76932446 L2=0.76625925 L3=0.60073111 acc=1.7e-65
820 1.5 15.999 F=0.061430694 L1=0.67054181 L2=0.10134472 L3=0.068036371
599275 1.84588 1.93689 F=0.47443715 L1=0.5593251 L2=0.27434348 L3=0.15596435
371990 68.57 6.97993 F=0.58742284 L1=0.074974938 L2=0.074487279 L3=0.0044942522
535510 0.487121 512 F=2.6849627e-18 L1=2.0294385 L2=0.07096363 L3=0.14401811
328 2.21057 0.00921877 F=0.99566601 L1=0.47213015 L2=0.47015338 L3=0.22363578
26872 59.3361 35.4424 F=0.052808015 L1=0.085763694 L2=0.08281325 L3=0.0074737785
837354 2.73608 21.4143 F=0.057873534 L1=0.37182686 L2=0.099444122 L3=0.03729944
206 3.001 39.5017 F=0.012259362 L1=0.32862996 L2=0.0823416 L3=0.027489798
21184 0.00478107 116.744 F=5.8966652e-8 L1=209.13639 L2=0.074042113 L3=15.484935
563070 52.6097 46.0537 F=0.021836273 L1=0.083394646 L2=0.079194348 L3=0.0068676683 acc=2.8e-63
36621 105.736 15.999 F=0.29327169 L1=0.083988389 L2=0.083445979 L3=0.0062812118
246 0.117118 46.4768 F=0.00034879725 L1=8.5224149 L2=0.079901884 L3=0.68129535
37 0.01 56.0992 F=2.8196677e-5 L1=99.971503 L2=0.0597214 L3=5.9704551
inf 56.7358 0.173177 F=0.98531381 L1=0.085010296 L2=0.085004869 L3=0.012063817
142 0.0524571 27.7204 F=0.00079343181 L1=19.055571 L2=0.090819361 L3=1.7314037
19296 1.61934 0.000205583 F=0.9998675 L1=0.64459947 L2=0.64451801 L3=0.42302293
41 18.9728 0.00119491 F=0.99988722 L1=0.094388812 L2=0.094387814 L3=0.010163106
263021 59.4226 54.5031 F=0.011624195 L1=0.080553256 L2=0.076710646 L3=0.0063432954
778083 1 0.0954775 F=0.90967902 L1=1.0365632 L2=0.94752373 L3=0.99788032
16437 2.13851 30.5764 F=0.019701793 L1=0.46770643 L2=0.093853829 L3=0.044404917 acc=3.8e-63
18149 94.9766 0.101318 F=0.99143032 L1=0.084637585 L2=0.084636527 L3=0.0132132
188 0.137708 0.00407476 F=0.97101488 L1=7.3238105 L2=7.1149699 L3=52.150722
694 89.7742 9.06512 F=0.506431 L1=0.076382556 L2=0.075984043 L3=0.0043001196
1448 63.99 15.999 F=0.28272888 L1=0.086886466 L2=0.085526589 L3=0.0067485961
99 0.00845064 1.11495 F=0.0072133503 L1=118.37208 L2=0.90953305 L3=107.67789
inf 0.142783 700 F=1.3407161e-24 L1=6.9787379 L2=0.070708129 L3=0.4934545
96 64 60.0206 F=0.011416748 L1=0.070378239 L2=0.067001674 L3=0.0047141283
208831 1787.86 33.7255 F=0.074548116 L1=0.078437055 L2=0.078432185 L3=0.0065254121
inf 78.1607 0.01 F=0.99914617 L1=0.085390041 L2=0.085389898 L3=0.013137051
67 65.3887 63.9043 F=0.010352666 L1=0.067340197 L2=0.064224244 L3=0.0042724627 acc=1.3e-63
376 1.74383 214.459 F=2.1688093e-8 L1=0.55491771 L2=0.070458448 L3=0.03910681
18933 1907.75 3.001 F=0.79657758 L1=0.069914263 L2=0.069914049 L3=0.0072358476
40 2.73788 512 F=5.1882372e-16 L1=0.3484607 L2=0.068038145 L3=0.023706205
64 73.2401 0.435164 F=0.96317886 L1=0.084900101 L2=0.08489135 L3=0.012937108
1303 7.4009 0.0910721 F=0.98700752 L1=0.14464436 L2=0.14321371 L3=0.013650327
inf 256.513 57.0091 F=0.012037687 L1=0.073848309 L2=0.073506606 L3=0.0055681588
inf 0.0983303 0.00448958 F=0.95606552 L1=10.232681 L2=9.7884629 L3=100.20556
378 1 0.000148942 F=0.99984536 L1=1.0383826 L2=1.0382305 L3=1.0957475
38 3.001 4.16146 F=0.39806573 L1=0.34518402 L2=0.15574929 L3=0.053929766
12314 2.40323 1.23746 F=0.64896962 L1=0.43277937 L2=0.28603276 L3=0.12506413 acc=7.8e-62
63 3 34.2119 F=0.021532495 L1=0.3232573 L2=0.074543369 L3=0.024718645
50 3 50.5739 F=0.0076498617 L1=0.315913 L2=0.064115729 L3=0.020320815
34617 0.25 15.999 F=0.01159826 L1=4.0016125 L2=0.10149335 L3=0.40632135
645245 170.564 64.01 F=0.0068907968 L1=0.07403889 L2=0.073265373 L3=0.0055110808
270002 0.135834 27.2958 F=0.0020772724 L1=7.3579572 L2=0.096351266 L3=0.70952937
34516 86.4439 0.01 F=0.9991472 L1=0.08528571 L2=0.085285593 L3=0.013320214
46201 64.01 42.1599 F=0.03099621 L1=0.082860425 L2=0.079927317 L3=0.0069348232
552789 64 0.01 F=0.99914369 L1=0.085640596 L2=0.085640382 L3=0.012722114
41 16 71.2938 F=0.0059966044 L1=0.085149482 L2=0.061948298 L3=0.0051797421
37 1.7851 298.705 F=7.2758855e-10 L1=0.53880228 L2=0.066634552 L3=0.035896407 acc=2.9e-63
172308 2396.19 0.999935 F=0.92234846 L1=0.077655519 L2=0.077655492 L3=0.01168721
23794 1.5 1397.13 F=5.8953555e-45 L1=0.64668351 L2=0.070325095 L3=0.045478298
inf 226.361 0.35223 F=0.97101678 L1=0.082317394 L2=0.08231662 L3=0.013250093
38 0.00135374 700 F=9.3073713e-25 L1=738.66955 L2=0.068564252 L3=50.646324
7236 110.177 0.00719552 F=0.99938769 L1=0.085098914 L2=0.085098862 L3=0.013707014
32072 2.12207 0.582159 F=0.77683645 L1=0.49053956 L2=0.38461366 L3=0.19067934
38 0.00159493 0.00372636 F=0.2996492 L1=627.05532 L2=187.99322 L3=117882.19
353110 0.00209443 512.1 F=1.2009137e-20 L1=477.43211 L2=0.070962733 L3=33.879889
64 0.539357 0.00462902 F=0.99125818 L1=1.9046901 L2=1.8887857 L3=3.6267056
64 1.46496 238.749 F=1.5410118e-8 L1=0.66004785 L2=0.066336157 L3=0.043780952 acc=3.0e-63
284 1.22402 9.50317 F=0.10021037 L1=0.81855699 L2=0.10712482 L3=0.089018782
40 0.935682 8.36 F=0.08990741 L1=1.0746672 L2=0.12420254 L3=0.13782329
39 82.8122 104.414 F=0.0012388453 L1=0.063934638 L2=0.062351214 L3=0.0039408091
9320 270.193 0.000207229 F=0.99998245 L1=0.084680775 L2=0.084680775 L3=0.014527522
12451 20.4254 0.00236525 F=0.99978624 L1=0.090386384 L2=0.090384825 L3=0.0083997338
inf 3.001 33.2713 F=0.019878724 L1=0.33521244 L2=0.09186193 L3=0.031269517
262226 48.1599 0.00702202 F=0.99939538 L1=0.086113273 L2=0.086113003 L3=0.011979673
inf 64.01 700 F=1.071387e-22 L1=0.077687315 L2=0.070655299 L3=0.0054890205
inf 1.04407 1.66395 F=0.37297628 L1=0.98045863 L2=0.37996128 L3=0.3775436
5191 15.9799 0.0411504 F=0.99608976 L1=0.095277077 L2=0.095208145 L3=0.0074822774 acc=1.5e-64
12354 0.9027 53.8821 F=0.0012365094 L1=1.0945107 L2=0.081196371 L3=0.089118957
inf 1.65549 0.0378037 F=0.97670955 L1=0.63031132 L2=0.61628515 L3=0.39531357
191 64.01 3 F=0.7866177 L1=0.075909519 L2=0.075729354 L3=0.0072835603
16594 646.978 16.6692 F=0.29240813 L1=0.08052387 L2=0.080506792 L3=0.0058650959
41 127.984 343.164 F=2.0677776e-10 L1=0.067640024 L2=0.067091723 L3=0.0045297319
73 63.99 0.000554634 F=0.99995148 L1=0.087490279 L2=0.087490268 L3=0.013949073
37 53.2144 0.00225559 F=0.99979796 L1=0.089574369 L2=0.08957431 L3=0.014495522
inf 80.6322 15.999 F=0.2881962 L1=0.085430956 L2=0.084536084 L3=0.0064923041
inf 51.437 0.00013097 F=0.99998873 L1=0.086027527 L2=0.086027523 L3=0.012186271
37 0.432326 40 F=0.0030638828 L1=2.2870222 L2=0.060468481 L3=0.13859978 acc=4.3e-64
inf 415.928 0.000733499 F=0.99993798 L1=0.084553094 L2=0.084553094 L3=0.014709451
97881 92.719 0.229834 F=0.98074846 L1=0.083901382 L2=0.083898598 L3=0.012815966
50 1.02248 0.172607 F=0.85022269 L1=1.0146299 L2=0.87015546 L3=0.89800096
577 8 3.001 F=0.6843528 L1=0.14408938 L2=0.11698272 L3=0.016584515
346 75.1388 15.999 F=0.28567626 L1=0.085412691 L2=0.084399177 L3=0.0066820806
41 1.3343 69.4215 F=0.001371252 L1=0.72475498 L2=0.062040807 L3=0.044959033
4704 73.1458 0.277161 F=0.97677752 L1=0.084024744 L2=0.084019146 L3=0.012343368
inf 1.33607 35.1517 F=0.0086998088 L1=0.743576 L2=0.090905912 L3=0.06808917
932 0.25 0.178369 F=0.57819251 L1=4.0520051 L2=2.3814372 L3=9.6796889
271 695.77 0.000956052 F=0.99991874 L1=0.084995171 L2=0.084995171 L3=0.015114852 acc=3.9e-68
inf 1.5 40 F=0.006236821 L1=0.66008247 L2=0.087762068 L3=0.058358866
934396 0.0325627 44.9081 F=0.00010202447 L1=30.697004 L2=0.08523781 L3=2.6169219
64 2.52954 0.00740884 F=0.99694979 L1=0.41293819 L2=0.41171769 L3=0.17013147
4121 0.012949 1480.22 F=2.1025819e-49 L1=77.200047 L2=0.070165288 L3=5.4167638
434 3.001 67.7894 F=0.001249429 L1=0.32404027 L2=0.07566899 L3=0.024624394
72600 154.737 0.0217967 F=0.99815268 L1=0.084755944 L2=0.084755865 L3=0.014035027
64 54.0179 63.99 F=0.010113904 L1=0.068373655 L2=0.064136589 L3=0.0043267858
inf 0.88908 0.159476 F=0.84286371 L1=1.1624418 L2=0.98818609 L3=1.1652247
7911 1802.67 73.6653 F=0.0040064152 L1=0.070697376 L2=0.07068683 L3=0.0050388765
29674 3.246 2.69693 F=0.52954716 L1=0.32163892 L2=0.18137517 L3=0.058798692 acc=2.8e-62
58179 0.5 0.000307152 F=0.99937061 L1=2.0503679 L2=2.0491314 L3=4.2311945
572600 81.4639 0.16191 F=0.9863433 L1=0.084463644 L2=0.084461225 L3=0.012802634
40834 0.0017254 64 F=1.1469226e-6 L1=579.55944 L2=0.07854933 L3=45.524171
inf 2.10312 1.82849 F=0.52160829 L1=0.49233942 L2=0.2646992 L3=0.13234655
4508 2.16019 630.119 F=2.6213104e-21 L1=0.44611249 L2=0.070623152 L3=0.031506858
70360 95.297 65.6456 F=0.0055575444 L1=0.076170613 L2=0.074105617 L3=0.0057215485
9499 100 37.6109 F=0.047940938 L1=0.081560763 L2=0.080271301 L3=0.0069062783
40 1.08998 55.0268 F=0.0028239156 L1=0.89189336 L2=0.06083968 L3=0.05427928
88 2.56021 2.999 F=0.4444404 L1=0.40414401 L2=0.19113778 L3=0.07852274
60668 7.35988 0.0684475 F=0.99017195 L1=0.14509749 L2=0.14400209 L3=0.013647326 acc=7.7e-64
inf 339.098 0.184025 F=0.98467345 L1=0.083268371 L2=0.083268211 L3=0.013988491
40 1.4075 0.517536 F=0.72123414 L1=0.73808447 L2=0.54078778 L3=0.40705361
inf 16 64.01 F=0.0037281287 L1=0.10090977 L2=0.077437639 L3=0.0079053876
62020 2.999 0.101398 F=0.9660512 L1=0.34660814 L2=0.33508175 L3=0.1132234
18262 56.4647 0.112892 F=0.99038313 L1=0.085319837 L2=0.085316427 L3=0.012191049
161436 40 0.582508 F=0.9514572 L1=0.084419525 L2=0.084370914 L3=0.010465524
1131 16 512 F=4.7440943e-17 L1=0.098758469 L2=0.070335345 L3=0.006946288
4730 0.0115305 2.06233 F=0.0052727693 L1=86.75436 L2=0.49018006 L3=42.532896
210 997.954 65.2535 F=0.0084224579 L1=0.068076497 L2=0.068071095 L3=0.0046695191
37 0.376965 1352.11 F=7.5326989e-42 L1=2.6282114 L2=0.069258596 L3=0.18202595 acc=3.7e-64
12513 127.559 0.596106 F=0.95163857 L1=0.081398285 L2=0.081393506 L3=0.012159334
164985 1.04376 0.00409593 F=0.99593954 L1=0.99524131 L2=0.99141192 L3=1.0032834
11068 135.176 25.0843 F=0.13845837 L1=0.084518394 L2=0.083986598 L3=0.0072996401
inf 62.9313 0.000275838 F=0.99997636 L1=0.085715953 L2=0.085715947 L3=0.012706788
inf 1 0.000843877 F=0.99912468 L1=1.038133 L2=1.0372719 L3=1.0943416
inf 0.004809 401.875 F=6.9626133e-17 L1=207.91847 L2=0.071225452 L3=14.80909
12874 1.5 0.0460768 F=0.96893124 L1=0.69516996 L2=0.67458738 L3=0.47768841
87578 0.121893 0.000958895 F=0.99213553 L1=8.2661136 L2=8.2020462 L3=67.841657
622 14.364 46.5396 F=0.014974023 L1=0.1057091 L2=0.080516518 L3=0.0087593738
3856 0.54591 32.0154 F=0.0051322265 L1=1.826053 L2=0.092933526 L3=0.17025049 acc=1.0e-63
57125 48.0733 255.833 F=4.7198387e-9 L1=0.08016699 L2=0.071637556 L3=0.0057429674
499425 1.41892 0.237537 F=0.85105741 L1=0.73282144 L2=0.62838532 L3=0.46867619
64 3.001 8.36 F=0.23023411 L1=0.33865884 L2=0.10800301 L3=0.038670436
9950 57.5291 143.785 F=1.6273219e-5 L1=0.078463536 L2=0.072422119 L3=0.0056826036
62 2.38166 511.9 F=2.5018036e-16 L1=0.40189866 L2=0.068043372 L3=0.02734425
165083 8.18451 34.7174 F=0.031653711 L1=0.1446806 L2=0.089644864 L3=0.013369087
inf 1.48778 515 F=6.0379214e-18 L1=0.65265116 L2=0.070959319 L3=0.046313277
199788 1.96558 3.45693 F=0.34742188 L1=0.52292692 L2=0.19512736 L3=0.10358706
40 51.9062 40.9238 F=0.051785244 L1=0.060702312 L2=0.057561253 L3=0.0034957633
100 2.47677 82.7469 F=0.00053031452 L1=0.38756442 L2=0.068955491 L3=0.02676173 acc=3.0e-63
814579 2.51365 0.0096152 F=0.996031 L1=0.41441035 L2=0.41280924 L3=0.17035226
64 0.00164372 0.113758 F=0.014140846 L1=608.44002 L2=8.7245659 L3=5308.4165
88 0.0130351 0.0657926 F=0.16465997 L1=76.780508 L2=12.747886 L3=978.83268
172 0.25 63.2621 F=0.00021587187 L1=3.9796787 L2=0.073477649 L3=0.29255125
501 0.494806 0.000250458 F=0.99948139 L1=2.0716974 L2=2.0706679 L3=4.3197659
37 118.989 5.44417 F=0.65108083 L1=0.076528176 L2=0.076474158 L3=0.0048242506
100 8.34948 15.999 F=0.18762988 L1=0.14491663 L2=0.097931724 L3=0.014264258
383024 2.36447 426.106 F=4.9174577e-15 L1=0.40745143 L2=0.071154172 L3=0.028993972
3201 0.01 0.0588826 F=0.14462941 L1=100.06365 L2=14.579019 L3=1458.8734
74 0.00110466 3.001 F=0.00034676139 L1=905.27878 L2=0.33670711 L3=304.81917 acc=1.4e-67
100 0.001 512.1 F=6.4640717e-20 L1=999.9733 L2=0.06812422 L3=68.1224
342 0.021852 299.95 F=8.331068e-13 L1=45.736905 L2=0.069756475 L3=3.19045
4969 0.0448067 8.36 F=0.0047978318 L1=22.325183 L2=0.13188094 L3=2.9490793
965009 8 31.5467 F=0.041769244 L1=0.14806299 L2=0.091793171 L3=0.01399021
806972 0.680997 700 F=6.0807975e-24 L1=1.4454719 L2=0.070707182 L3=0.10220619
4751 50.1536 22.125 F=0.16128683 L1=0.090886809 L2=0.088134751 L3=0.0080336485
15917 455.626 1400.01 F=1.0182539e-43 L1=0.071048394 L2=0.07022324 L3=0.0049892481
440 0.73649 59.3803 F=0.00071336475 L1=1.341426 L2=0.077384264 L3=0.10398618
423 1.89914 0.272012 F=0.86967211 L1=0.54881425 L2=0.47994224 L3=0.26716002
100 40 29.124 F=0.089862262 L1=0.082285034 L2=0.077546731 L3=0.0070389535 acc=3.4e-63
935 64.01 64.01 F=0.006025042 L1=0.077833608 L2=0.074085382 L3=0.0058425567
41 0.142827 59.1779 F=0.000306676 L1=6.9739193 L2=0.061340136 L3=0.42780545
2013 1771.92 63.99 F=0.0080780439 L1=0.070968433 L2=0.070959518 L3=0.0051177906
24365 2.18279 16 F=0.083794157 L1=0.46373151 L2=0.1011772 L3=0.046882943
63134 0.723272 48.5251 F=0.001562913 L1=1.370319 L2=0.083391608 L3=0.11459024
1535 0.00135129 0.0937096 F=0.014131449 L1=740.09851 L2=10.578815 L3=7829.407
9029 94.1578 35.2826 F=0.057423462 L1=0.082712886 L2=0.08135251 L3=0.0071019556
6237 500 54.4843 F=0.015218706 L1=0.073122946 L2=0.073028374 L3=0.0055024138
566 7.08379 0.0500358 F=0.99256524 L1=0.14977401 L2=0.14888708 L3=0.014991449
41 48.3836 512.1 F=1.9303829e-15 L1=0.07326869 L2=0.068047362 L3=0.0049819302 acc=1.6e-63
1904 0.882854 0.0552872 F=0.9390086 L1=1.1723794 L2=1.1044276 L3=1.3135523
inf 8 24.6609 F=0.079837567 L1=0.15045704 L2=0.096284158 L3=0.0147409
inf 0.00111922 0.000554104 F=0.66883551 L1=893.54699 L2=597.68004 L3=534055.25
inf 928.493 700 F=2.7735257e-22 L1=0.070537926 L2=0.070307221 L3=0.0049593256
inf 1.5 0.0132391 F=0.99087401 L1=0.6954551 L2=0.68941247 L3=0.48848073
99 83.67 55.8232 F=0.015770278 L1=0.068956016 L2=0.066876141 L3=0.0046352839
40 459.531 0.247197 F=0.97858393 L1=0.086660762 L2=0.086660762 L3=0.0146872
171 1.15429 0.0849152 F=0.92878103 L1=0.90065452 L2=0.83973419 L3=0.76991109
31594 0.001 0.000197486 F=0.83507153 L1=1000.0666 L2=835.14914 L3=835204.82
371042 3 9.97723 F=0.19576394 L1=0.33735896 L2=0.10062836 L3=0.033076442 acc=2.0e-62
7829 0.764886 0.00435738 F=0.99414757 L1=1.3507668 L2=1.3432561 L3=1.8370059
128 100 0.00588248 F=0.99949298 L1=0.086192575 L2=0.086192527 L3=0.014256237
11775 0.00516972 0.0168828 F=0.23416759 L1=193.4999 L2=45.411409 L3=8787.1494
41 0.14128 63.3455 F=0.00023482671 L1=7.0505292 L2=0.061604827 L3=0.43436164
inf 96.5624 0.25671 F=0.97855324 L1=0.083691541 L2=0.083688619 L3=0.012796184
557 0.25 69.5205 F=0.00011436138 L1=3.9809463 L2=0.075945527 L3=0.30245608
1778 65.3311 2.999 F=0.78769655 L1=0.075495597 L2=0.075321389 L3=0.0072961689
303568 91.7534 15.999 F=0.29075345 L1=0.084697295 L2=0.083991559 L3=0.0063846618
100 86.596 1.6456 F=0.87371315 L1=0.078315249 L2=0.07827526 L3=0.0097077544
38 2.77096 0.00726833 F=0.99726517 L1=0.37728534 L2=0.37628487 L3=0.14133303 acc=7.2e-66
127541 1.94026 16.5093 F=0.072410452 L1=0.52036827 L2=0.10112815 L3=0.052668644
126553 0.796432 1 F=0.43139951 L1=1.2846759 L2=0.57372866 L3=0.74568826
142658 0.01 10.7282 F=0.00081744552 L1=100.00037 L2=0.10588142 L3=10.588208
inf 84.581 294.346 F=3.7524845e-10 L1=0.075840762 L2=0.071323007 L3=0.0054091912
100 0.0691495 653.748 F=2.7862715e-22 L1=14.435094 L2=0.068484029 L3=0.98857233
120 9.73783 2.999 F=0.71063394 L1=0.12498632 L2=0.10743137 L3=0.013446756
inf 1.10464 64.6031 F=0.00063013552 L1=0.89061701 L2=0.078393787 L3=0.069970975
21371 0.0107055 16 F=0.00050863634 L1=93.411162 L2=0.10153027 L3=9.4842736
104 2.22044 0.1 F=0.95503404 L1=0.47034321 L2=0.44993353 L3=0.21358671
980735 0.418211 8.36 F=0.042773266 L1=2.3974218 L2=0.12718222 L3=0.3097476 acc=2.4e-63
295565 100 0.113976 F=0.99037559 L1=0.084499871 L2=0.084498787 L3=0.013245823
513 1.21594 3.75 F=0.2331746 L1=0.83729021 L2=0.20977231 L3=0.17782519
1070 0.01 63.99 F=6.8973897e-6 L1=99.981518 L2=0.077682836 L3=7.7670081
inf 1.21266 43.9537 F=0.003678222 L1=0.81549972 L2=0.085564641 L3=0.070153683
2254 52.7153 0.0208095 F=0.99821215 L1=0.085941314 L2=0.085940645 L3=0.012252832
41 2.99499 22.0604 F=0.058654882 L1=0.33136409 L2=0.086310491 L3=0.030148316
100 95.4402 3.001 F=0.78847842 L1=0.074457306 L2=0.074380102 L3=0.0072386483
inf 80.5484 0.00350656 F=0.99970057 L1=0.085395004 L2=0.085394957 L3=0.013210601
208 1 700 F=5.5445676e-23 L1=0.97704639 L2=0.068823293 L3=0.06724328
671549 89.291 42.8235 F=0.031110666 L1=0.080527937 L2=0.07880515 L3=0.0066500279 acc=2.8e-63
7307 92.6894 30.301 F=0.086414094 L1=0.084613833 L2=0.083376992 L3=0.0074091015
100 63.99 0.0797976 F=0.99310117 L1=0.086516013 L2=0.086514252 L3=0.013410727
inf 1.86105 0.000323958 F=0.99981829 L1=0.56100521 L2=0.56090746 L3=0.31942553
4650 3.001 0.000201477 F=0.99993028 L1=0.34606826 L2=0.34604457 L3=0.11637014
37 68.222 68.8533 F=0.011119952 L1=0.061792094 L2=0.059682227 L3=0.0035606512
38 110.944 22.1356 F=0.17498922 L1=0.069551677 L2=0.069241239 L3=0.0065422515
46334 1 25.602 F=0.016537985 L1=0.99914456 L2=0.097334289 L3=0.097784405
267 64 16 F=0.28163155 L1=0.086393348 L2=0.085040726 L3=0.0068818166
45559 0.5 0.896422 F=0.34777873 L1=2.0336124 L2=0.73643172 L3=1.5094141
78590 81.4429 351.683 F=6.2442494e-12 L1=0.076053413 L2=0.071147535 L3=0.0054110128 acc=1.8e-63
13975 29.7889 0.763711 F=0.93612056 L1=0.085615021 L2=0.085468236 L3=0.0095141991
inf 0.0436001 1210.12 F=9.7790307e-41 L1=22.910196 L2=0.070411125 L3=1.613133
320 2.21976 45.8296 F=0.0056083153 L1=0.44193165 L2=0.080953242 L3=0.036101129
222003 0.00385923 15.2634 F=0.00019775988 L1=259.12074 L2=0.1018067 L3=26.380354
64 3 0.250325 F=0.91987811 L1=0.34776458 L2=0.32067993 L3=0.11010891
613 0.25 2.12537 F=0.10019147 L1=4.0253337 L2=0.42883438 L3=1.7327915
6145 278.256 49.8436 F=0.020696974 L1=0.074783321 L2=0.074521532 L3=0.0057873116
276496 174 5.6073 F=0.66050565 L1=0.069888099 L2=0.069827584 L3=0.0045754289
987982 0.00467793 40 F=2.2479925e-5 L1=213.7588 L2=0.088009934 L3=18.813349
64 64.01 0.000231327 F=0.9999797 L1=0.087755226 L2=0.087755222 L3=0.014100269 acc=2.1e-69
90 0.0844773 0.186511 F=0.30839443 L1=11.8948 L2=3.7417738 L3=44.542609
28456 0.185513 700 F=1.7668616e-24 L1=5.365671 L2=0.07068188 L3=0.37925671
50 0.114552 3.75 F=0.027914014 L1=8.7471753 L2=0.26171249 L3=2.2931351
40 7.60226 45.4566 F=0.021520676 L1=0.12815428 L2=0.06070078 L3=0.0077581545
8039 0.00948481 0.00435633 F=0.68506467 L1=105.49788 L2=72.314343 L3=7629.0567
31971 1.84974 0.0316293 F=0.98245627 L1=0.56428956 L2=0.55479391 L3=0.31781547
8876 0.781359 57.3243 F=0.00082112698 L1=1.265341 L2=0.080080789 L3=0.10154315
537724 0.650604 29.9251 F=0.0073537176 L1=1.5328623 L2=0.09458651 L3=0.14554269
inf 105.026 375.195 F=1.2924011e-12 L1=0.074714955 L2=0.07104336 L3=0.0053080014
535 500 1.79846 F=0.86753492 L1=0.074358745 L2=0.07435738 L3=0.0095815978 acc=3.7e-62
37 1.00379 20.6417 F=0.026809488 L1=0.99070012 L2=0.090361169 L3=0.091199467
38 2.13843 35.0452 F=0.017627709 L1=0.44752421 L2=0.063646988 L3=0.029031558
inf 0.00361857 1 F=0.003467808 L1=276.391 L2=1.0177822 L3=281.32145
93106 2.86824 0.025709 F=0.99076768 L1=0.36245538 L2=0.35917764 L3=0.12752435
67 63.99 1.60237 F=0.87490696 L1=0.080002683 L2=0.079933382 L3=0.0097392572
117 95.0068 11.4349 F=0.41772695 L1=0.080505298 L2=0.080066209 L3=0.0053376765
475 1 3.001 F=0.23894361 L1=1.0174811 L2=0.25710574 L3=0.26482201
40 0.00374248 1142.76 F=1.3563474e-37 L1=267.17656 L2=0.069122236 L3=18.467841
25401 51.0003 1 F=0.91956849 L1=0.081911395 L2=0.081851277 L3=0.010232655
39170 72.6846 28.1515 F=0.10047012 L1=0.086884504 L2=0.085109631 L3=0.0077035891 acc=2.3e-63
370 0.821269 0.01 F=0.98755383 L1=1.2597907 L2=1.2449103 L3=1.5895757
50424 1.6892 0.000109351 F=0.99993242 L1=0.61803012 L2=0.61799022 L3=0.38863813
38 2.41936 55.4593 F=0.0056565112 L1=0.39110057 L2=0.060233288 L3=0.023531954
14355 0.0138281 3.75 F=0.0034552253 L1=72.334966 L2=0.26953142 L3=19.500276
41 0.0631353 0.205117 F=0.23252165 L1=15.897479 L2=3.7800073 L3=60.127938
15585 101.158 34.2971 F=0.062741489 L1=0.082772811 L2=0.081598106 L3=0.0071286398
8653 8 0.00939511 F=0.99872967 L1=0.13539294 L2=0.13527175 L3=0.010993752
inf 95.8157 69.3582 F=0.0042251865 L1=0.075905429 L2=0.073787665 L3=0.005659496
143 0.679397 0.09967 F=0.86826351 L1=1.5157717 L2=1.3251172 L3=2.0308822
93 17.7901 23.416 F=0.11984718 L1=0.10060189 L2=0.086052466 L3=0.0094009017 acc=3.1e-63
38 1095.43 40.7905 F=0.058690777 L1=0.055335646 L2=0.055335646 L3=0.0030403265
99163 8.24904 29.3842 F=0.051718059 L1=0.14607726 L2=0.093168743 L3=0.013986212
836491 1.95362 0.147523 F=0.92686225 L1=0.53383556 L2=0.4962424 L3=0.26835923
37 2.999 0.251916 F=0.91921361 L1=0.34854386 L2=0.32126561 L3=0.11122277
78419 1.7415 517.114 F=5.9751913e-18 L1=0.5558 L2=0.070945824 L3=0.039433228
3239 59.802 64.01 F=0.0057341973 L1=0.079059172 L2=0.074911838 L3=0.0060060787
273 0.443114 2.15792 F=0.16263655 L1=2.2806047 L2=0.39232165 L3=0.90066683
121 0.127144 0.118988 F=0.51298423 L1=7.9232371 L2=4.1172515 L3=32.658517
533889 1.71692 0.00799184 F=0.99516355 L1=0.60802471 L2=0.6052135 L3=0.374308
37 0.001 0.304021 F=0.0032211988 L1=1000.0571 L2=3.3265915 L3=3326.8146 acc=1.1e-65
9196 0.113338 0.00131092 F=0.98848479 L1=8.8856502 L2=8.7847183 L3=78.100869
91 100 3.75 F=0.7460903 L1=0.073460382 L2=0.073366324 L3=0.0062248872
1274 5.34954 1063.02 F=4.3270212e-34 L1=0.18507368 L2=0.069959471 L3=0.012947839
444478 202.048 0.342003 F=0.97181507 L1=0.082457224 L2=0.082456286 L3=0.013217759
956 2.67153 34.3814 F=0.016638085 L1=0.37376502 L2=0.09007454 L3=0.034158673
60894 1.19095 1.97776 F=0.36307217 L1=0.86007582 L2=0.32495772 L3=0.28351035
27401 47.4578 0.35919 F=0.96979752 L1=0.084627439 L2=0.084609033 L3=0.011262375
4172 119.698 0.00455987 F=0.99961212 L1=0.085066281 L2=0.085066254 L3=0.013832063
10266 1.5 0.000801019 F=0.99944313 L1=0.69557629 L2=0.69520765 L3=0.49271672
140 8 0.0013859 F=0.99981181 L1=0.13581478 L2=0.13579692 L3=0.011559775 acc=3.3e-67
41 50.2946 20.9168 F=0.18065876 L1=0.076826269 L2=0.074619591 L3=0.0073905844
217 91.7855 11.0354 F=0.43333996 L1=0.079632407 L2=0.0791617 L3=0.0049699188
427938 64 0.253126 F=0.97870814 L1=0.084375525 L2=0.084368942 L3=0.012139815
64 43.2685 7.08301 F=0.56525499 L1=0.081586384 L2=0.080451963 L3=0.0051264064
41 28.8537 1.0571 F=0.91045517 L1=0.087244239 L2=0.087011678 L3=0.010177478
90 91.4044 29.7161 F=0.097597347 L1=0.074263379 L2=0.07314788 L3=0.0060984425
101110 382.298 63.99 F=0.0074728534 L1=0.07242315 L2=0.072241569 L3=0.0053185985
78651 0.0266038 66.7989 F=1.4164137e-5 L1=37.570313 L2=0.078004357 L3=2.9307947
100 3 4 F=0.40803136 L1=0.34591373 L2=0.158657 L3=0.055264237
437 62.8221 55.8193 F=0.011535931 L1=0.077641119 L2=0.074072218 L3=0.0058746456 acc=2.3e-63
775 0.912097 0.001 F=0.99886472 L1=1.1365283 L2=1.1353053 L3=1.3097063
102232 71.3497 36.6573 F=0.049262717 L1=0.083972571 L2=0.081737032 L3=0.0072287731
41 2.0264 326.697 F=1.0788591e-10 L1=0.47320798 L2=0.066927309 L3=0.031665073
168 2.999 0.423004 F=0.8717215 L1=0.34761882 L2=0.30429476 L3=0.10438615
392743 0.66241 119.462 F=6.2525229e-6 L1=1.4897464 L2=0.073984357 L3=0.11024939
33271 2.9407 0.000619679 F=0.99978112 L1=0.35329259 L2=0.35321673 L3=0.12167124
41 5.40924 212.765 F=4.1802513e-7 L1=0.17791994 L2=0.06546579 L3=0.011634456
87794 7.12399 31.8826 F=0.038367519 L1=0.15983358 L2=0.091793092 L3=0.015082349
inf 76.1305 0.000473026 F=0.99995957 L1=0.085475376 L2=0.085475369 L3=0.013112434
25537 58.5471 0.00141792 F=0.99987832 L1=0.085818855 L2=0.085818819 L3=0.01253304 acc=5.5e-68
326 77.7368 0.000561878 F=0.99995177 L1=0.085843551 L2=0.085843543 L3=0.013443683
40 0.402221 21.1662 F=0.010859067 L1=2.4795958 L2=0.090481961 L3=0.22593682
100 65.6379 3.69747 F=0.74553379 L1=0.075384411 L2=0.07516052 L3=0.006403264
40 0.419335 3 F=0.11630234 L1=2.4040544 L2=0.29678177 L3=0.71825305
64 21.0594 0.0584087 F=0.99465086 L1=0.091800557 L2=0.091767563 L3=0.0098981074
37 1.33811 62.701 F=0.0022597859 L1=0.72181488 L2=0.060462188 L3=0.04362152
48918 86.001 59.9319 F=0.0083388913 L1=0.077260749 L2=0.07496513 L3=0.0059067185
106243 100 0.195192 F=0.98362183 L1=0.084010737 L2=0.084008757 L3=0.013014709
184 5.03015 1.29594 F=0.78482024 L1=0.21084948 L2=0.17098845 L3=0.033937231
64 4.44415 1 F=0.8083686 L1=0.23668956 L2=0.19490228 L3=0.044294645 acc=3.2e-62
12442 1 0.0001 F=0.9998962 L1=1.0381532 L2=1.0380511 L3=1.095191
100 181.319 27.2484 F=0.12228961 L1=0.074668474 L2=0.074422612 L3=0.0062592641
38 99.9599 23.429 F=0.1595558 L1=0.067652949 L2=0.067206338 L3=0.0061573859
38 0.42049 63.99 F=0.00069607772 L1=2.350621 L2=0.060810564 L3=0.14294037
208 16 106.103 F=0.00022295251 L1=0.096387871 L2=0.070822999 L3=0.0068274021
40 331.399 0.0001 F=0.99999115 L1=0.088521411 L2=0.088521411 L3=0.015719919
64 8 515 F=4.3048172e-16 L1=0.13225583 L2=0.068062084 L3=0.0089985625
inf 0.01 700 F=9.5101822e-26 L1=99.974633 L2=0.070708129 L3=7.0690203
9650 0.94915 24.7411 F=0.017159873 L1=1.0530067 L2=0.097800372 L3=0.10351357
132 1545.4 0.000527675 F=0.99995482 L1=0.085624466 L2=0.085624466 L3=0.015260458 acc=1.2e-68
inf 40 55.5532 F=0.0097005926 L1=0.0843024 L2=0.077408194 L3=0.0066792605
69 64.01 0.163546 F=0.9858576 L1=0.086593308 L2=0.086589588 L3=0.013490832
662593 0.00671804 0.0036198 F=0.64969331 L1=148.91923 L2=96.798099 L3=14415.146
9960 1.6197 64 F=0.00092765071 L1=0.60460896 L2=0.078394135 L3=0.047549267
50 64.01 0.00476982 F=0.99957869 L1=0.088332018 L2=0.088331929 L3=0.01440641
37 3.001 0.1 F=0.96634642 L1=0.3481545 L2=0.33677897 L3=0.11594459
269 2.86452 13.1076 F=0.13763081 L1=0.35580016 L2=0.10162212 L3=0.035653232
227 40 38.9127 F=0.039426079 L1=0.083502891 L2=0.077764758 L3=0.0068466485
460695 59.2355 33.2788 F=0.063192406 L1=0.086622981 L2=0.083790651 L3=0.007630864
3334 119.091 0.000649288 F=0.99994474 L1=0.085103391 L2=0.085103387 L3=0.013843788 acc=1.5e-68
1128 86.3869 86.8152 F=0.0012120347 L1=0.075206288 L2=0.072392383 L3=0.0054566812
40 2.18339 4 F=0.33676424 L1=0.4701991 L2=0.17358456 L3=0.082628396
176 0.5 0.0011019 F=0.9977451 L1=2.0508832 L2=2.0464543 L3=4.2269929
11092 52.3065 0.001 F=0.99991399 L1=0.0860063 L2=0.086006268 L3=0.012240373
inf 57.1398 60.2691 F=0.0074196651 L1=0.080091391 L2=0.075791957 L3=0.0061827489
263855 0.915086 12.3196 F=0.057812593 L1=1.0948442 L2=0.10237265 L3=0.11151132
802058 586.017 51.1867 F=0.019414244 L1=0.073740128 L2=0.073674281 L3=0.0056329713
100 0.771478 0.245006 F=0.75174242 L1=1.3355325 L2=1.0181644 L3=1.3772708
38 125.743 6.37311 F=0.60695787 L1=0.077371846 L2=0.077315196 L3=0.0045995226
inf 0.0145156 63.99 F=9.6349995e-6 L1=68.873577 L2=0.078574499 L3=5.4118721 acc=5.7e-67
351 0.910309 20.86 F=0.024211478 L1=1.0991234 L2=0.098989244 L3=0.10935209
38 0.366256 1 F=0.25889599 L1=2.7657775 L2=0.75217119 L3=2.0935301
191 103.628 0.00094212 F=0.99991912 L1=0.085850723 L2=0.085850715 L3=0.01410894
26715 37.5605 28.073 F=0.090929108 L1=0.093066649 L2=0.087851216 L3=0.0084832769
inf 1.32674 2.999 F=0.29412269 L1=0.77023653 L2=0.23938487 L3=0.18705678
40 2.999 8.36 F=0.22950359 L1=0.33937976 L2=0.10944344 L3=0.039138902
inf 0.394662 73.5627 F=0.00012006877 L1=2.515687 L2=0.076939779 L3=0.19366552
2277 0.5 0.0959076 F=0.8352212 L1=2.0477311 L2=1.7233479 L3=3.5553104
825 16 0.582874 F=0.94604607 L1=0.09591601 L2=0.094928007 L3=0.008463152
64 0.0206465 3.75 F=0.005149533 L1=48.452455 L2=0.26804048 L3=12.99119 acc=3.1e-65
15903 2.62877 0.000555419 F=0.9997801 L1=0.39599694 L2=0.39591197 L3=0.15532324
41 23.367 0.00069926 F=0.9999357 L1=0.091954778 L2=0.091954532 L3=0.011165756
24183 2.999 1 F=0.74115326 L1=0.34790726 L2=0.26120455 L3=0.09050546
622 1.41089 33.7118 F=0.010549089 L1=0.70379532 L2=0.090239412 L3=0.064044628
inf 1 61.388 F=0.00074199875 L1=0.98551449 L2=0.07910699 L3=0.078137698
939 3.31911 0.0185666 F=0.99423377 L1=0.31239982 L2=0.31062727 L3=0.092558762
125 1.22624 0.00725792 F=0.99386908 L1=0.84974406 L2=0.84481031 L3=0.73154637
75 0.001 2.24417 F=0.00042128995 L1=1000.0264 L2=0.45197903 L3=451.9984
50 0.00355707 0.114323 F=0.029955632 L1=281.19366 L2=8.5426649 L3=2402.1847
21207 0.597187 3 F=0.15798145 L1=1.6935724 L2=0.28411407 L3=0.48503095 acc=2.8e-62
33047 63.99 0.0001 F=0.99999143 L1=0.085697822 L2=0.08569782 L3=0.012748844
123058 0.001 69.7399 F=4.2454713e-7 L1=999.98117 L2=0.077502587 L3=77.501259
1346 472.415 0.0492602 F=0.995849 L1=0.084255443 L2=0.084255423 L3=0.014645399
414 76.986 512 F=1.57624e-16 L1=0.074859693 L2=0.06941993 L3=0.0051963034
55085 1 700 F=8.7448051e-24 L1=0.97827168 L2=0.070694501 L3=0.069159342
17171 2.90843 0.12558 F=0.9570191 L1=0.35762557 L2=0.34259083 L3=0.12008419
41 0.0224088 0.00115242 F=0.95101358 L1=44.693585 L2=42.510841 L3=1900.0096
41 0.510308 11.5029 F=0.036118667 L1=1.9615327 L2=0.10754403 L3=0.21030688
38 500 0.098284 F=0.99135366 L1=0.087977624 L2=0.087977624 L3=0.015334542
41 1.76463 280.76 F=2.0579144e-9 L1=0.54514984 L2=0.066442564 L3=0.03621424 acc=2.9e-63
99 83.1512 0.0602369 F=0.99480244 L1=0.086312933 L2=0.086312182 L3=0.013972311
93 9.95723 0.189679 F=0.97797764 L1=0.11851043 L2=0.11723294 L3=0.0091958879
4975 45.4769 0.000178388 F=0.99998461 L1=0.086278345 L2=0.086278338 L3=0.011833862
64 89.3349 0.0153357 F=0.99866118 L1=0.087305903 L2=0.087305759 L3=0.014637188
59882 0.134916 35.9581 F=0.00091826533 L1=7.4032916 L2=0.090550527 L3=0.67088013
213839 0.098097 0.0248356 F=0.79674371 L1=10.256011 L2=8.195694 L3=84.097287
550807 2.37734 2.30539 F=0.4933696 L1=0.43585445 L2=0.22407049 L3=0.099157417
inf 2.51017 21.1814 F=0.055500374 L1=0.40405309 L2=0.099579359 L3=0.04056302
inf 252.481 0.01 F=0.99915382 L1=0.084617823 L2=0.08461781 L3=0.01444395
348223 0.921449 3.75 F=0.18742376 L1=1.1008933 L2=0.22147125 L3=0.2463286 acc=4.0e-62
100 40 0.0134751 F=0.99881788 L1=0.087747751 L2=0.087746976 L3=0.012267527
inf 36.2484 2.999 F=0.78073813 L1=0.079994834 L2=0.079440885 L3=0.0073956319
374 0.175423 8.36 F=0.01848533 L1=5.7073152 L2=0.13042595 L3=0.7491866
450500 72.7706 0.1 F=0.99151149 L1=0.084968297 L2=0.08496651 L3=0.012764427
772506 0.00663607 146.932 F=8.8271934e-9 L1=150.66889 L2=0.073262142 L3=11.038348
45 0.5 0.0174727 F=0.96535743 L1=2.0519618 L2=1.9839432 L3=4.1010702
341233 0.30428 1.2015 F=0.19461763 L1=3.3189933 L2=0.6804335 L3=2.2691677
inf 0.001 40.1238 F=4.7551487e-6 L1=999.98893 L2=0.087936523 L3=87.935999
inf 72.8829 0.00315118 F=0.99973055 L1=0.085510859 L2=0.085510807 L3=0.013018967
753 0.0511413 16 F=0.0024170046 L1=19.554957 L2=0.10161514 L3=1.9873253 acc=5.1e-66
6681 89.5297 0.000133198 F=0.99998863 L1=0.085326318 L2=0.085326316 L3=0.01341889
387 1.77107 0.167224 F=0.91013397 L1=0.5888046 L2=0.53803644 L3=0.3219463
19589 72.5236 58.293 F=0.0091194864 L1=0.078481972 L2=0.075535642 L3=0.0060560979
149 120.271 2.10859 F=0.84469889 L1=0.075548351 L2=0.075518329 L3=0.0087945475
inf 2.89103 0.227017 F=0.92442956 L1=0.36002402 L2=0.33346689 L3=0.11806668
45 3 0.0179937 F=0.99378044 L1=0.34780547 L2=0.34569898 L3=0.11830183
1138 0.169723 0.0630539 F=0.72644304 L1=5.9501715 L2=4.3521393 L3=25.933496
inf 74.1442 38.1322 F=0.043953115 L1=0.083195997 L2=0.08103789 L3=0.0070963174
100 1377.64 64 F=0.010565703 L1=0.06523836 L2=0.065238357 L3=0.0042476015
1203 1.07968 512 F=7.6339899e-18 L1=0.90464659 L2=0.070385607 L3=0.063675729 acc=3.2e-63
53859 0.0156541 1216.54 F=2.2772118e-41 L1=63.855175 L2=0.070395091 L3=4.4950912
3322 2.0214 64 F=0.0011257292 L1=0.48330839 L2=0.078181035 L3=0.037932528
inf 0.494992 512.1 F=2.7051245e-18 L1=1.9968209 L2=0.070964844 L3=0.14170587
40 0.00126562 0.000231367 F=0.84543086 L1=790.19844 L2=668.0795 L3=527915.42
593505 49.3407 512.1 F=5.675542e-17 L1=0.079922911 L2=0.070890891 L3=0.0056658064
37 1.17412 59.2883 F=0.0024704846 L1=0.82569872 L2=0.060131114 L3=0.04963466
2515 2.22983 0.0383988 F=0.98234883 L1=0.46777651 L2=0.45978931 L3=0.21642967
40 3.39514 0.155364 F=0.95443437 L1=0.30730227 L2=0.29369831 L3=0.087730991
41 1 0.172589 F=0.84736787 L1=1.037383 L2=0.88692971 L3=0.93577377
100 1.40554 661.587 F=2.9254235e-21 L1=0.6898922 L2=0.068502042 L3=0.047257853 acc=3.1e-63
4084 97.1676 2.96631 F=0.79261805 L1=0.073669729 L2=0.073590989 L3=0.0073163601
21189 126.109 383.122 F=7.9961754e-13 L1=0.073897816 L2=0.070948527 L3=0.005242941
3572 0.5 30.0551 F=0.0056737616 L1=1.9952124 L2=0.094279795 L3=0.18867415
50 0.001 0.279769 F=0.0035042282 L1=1000.0573 L2=3.6105495 L3=3610.7902
5969 64.01 0.0771146 F=0.99342784 L1=0.085302223 L2=0.08530047 L3=0.012574133
11061 0.712154 15.999 F=0.031552246 L1=1.4065345 L2=0.10142804 L3=0.14279379
37 1.86063 864.96 F=1.3383689e-26 L1=0.51763075 L2=0.06884032 L3=0.035633076
28333 1 0.109147 F=0.89804433 L1=1.0363529 L2=0.93581475 L3=0.9853113
41 182.198 511.9 F=2.3251777e-15 L1=0.068188094 L2=0.068046586 L3=0.0046361531
415 64 515 F=1.1813622e-16 L1=0.076140459 L2=0.069436353 L3=0.005286467 acc=1.7e-63
5560 47.3251 0.00452323 F=0.99961022 L1=0.086179611 L2=0.086179432 L3=0.011948288
40 0.00177452 0.000198166 F=0.8995328 L1=563.6003 L2=506.99083 L3=285740.23
37 8 40 F=0.031931083 L1=0.12174358 L2=0.059792326 L3=0.0073715137
6928 3 0.1 F=0.96651419 L1=0.3464951 L2=0.33512961 L3=0.11319968
2001 1.5 512 F=9.0626114e-18 L1=0.64698664 L2=0.070606027 L3=0.045682747
1260 0.00748224 0.274251 F=0.026151062 L1=133.70545 L2=3.5968834 L3=480.95596
142 0.067567 0.00402328 F=0.94355558 L1=14.864828 L2=14.032934 L3=208.64206
13732 0.5 511.9 F=2.8477878e-18 L1=1.9765719 L2=0.070910938 L3=0.14016236
2632 2201.41 0.0253801 F=0.99786164 L1=0.084244026 L2=0.084244026 L3=0.014942777
inf 3.001 0.0292856 F=0.98996497 L1=0.34614975 L2=0.34274136 L3=0.11538195 acc=9.6e-65
491106 0.001 126.006 F=6.1976982e-9 L1=999.97775 L2=0.073782739 L3=73.781127
50 0.540131 0.00049823 F=0.99905297 L1=1.9025461 L2=1.9008261 L3=3.6458939
37082 170.836 0.0895605 F=0.99245672 L1=0.084237222 L2=0.084236938 L3=0.013904102
199567 40 0.0105728 F=0.99908581 L1=0.086485973 L2=0.086485358 L3=0.011362348
inf 107.757 48.9914 F=0.019830028 L1=0.077954369 L2=0.076568062 L3=0.0061952392
89021 81.6567 0.001 F=0.9999146 L1=0.085396665 L2=0.085396652 L3=0.013243491
673924 1.36441 2.26189 F=0.36318497 L1=0.75148533 L2=0.28461835 L3=0.21716834
64 28.4077 0.00520124 F=0.99953401 L1=0.089604113 L2=0.089603271 L3=0.011358494
inf 3.56315 0.1 F=0.97174524 L1=0.29094165 L2=0.28287134 L3=0.077498564
inf 105.767 0.0504739 F=0.99571893 L1=0.084839567 L2=0.084839161 L3=0.013508319 acc=8.8e-65
inf 1.50614 101.98 F=4.8199102e-5 L1=0.64778691 L2=0.074671545 L3=0.048412421
38 94.0974 0.00162418 F=0.99985555 L1=0.088935319 L2=0.088935309 L3=0.015383367
inf 64 16 F=0.28293331 L1=0.086995697 L2=0.085636053 L3=0.0067198608
1960 614.986 25.6437 F=0.14063655 L1=0.08121303 L2=0.081183283 L3=0.0068417471
48791 0.01 8.36 F=0.0010754351 L1=100.00716 L2=0.13231815 L3=13.237569
20461 32.9153 61.5856 F=0.0057687377 L1=0.086035859 L2=0.076655949 L3=0.0066974297
inf 71.8796 49.2737 F=0.018104033 L1=0.080152255 L2=0.077455668 L3=0.0064312203
58 0.0130546 700 F=4.9011237e-24 L1=76.574856 L2=0.068564412 L3=5.2503089
inf 0.00128487 0.0119805 F=0.096782161 L1=778.35775 L2=75.450042 L3=58727.172
159533 70.1599 0.0001 F=0.99999144 L1=0.085575286 L2=0.085575284 L3=0.012949014 acc=3.0e-70
882356 0.136303 0.00516867 F=0.96315843 L1=7.3981442 L2=7.1299213 L3=52.789989
28913 0.0952706 25.0191 F=0.0018246391 L1=10.493689 L2=0.097698018 L3=1.0257888
64 0.0187108 51.9975 F=5.0128755e-5 L1=53.421161 L2=0.067248964 L3=3.5926751
2841 0.610154 32.6417 F=0.0053820288 L1=1.6329588 L2=0.092399181 L3=0.15142708
761405 8 0.000181686 F=0.99997542 L1=0.13531752 L2=0.13531518 L3=0.010932838
76810 0.5 0.135182 F=0.78222166 L1=2.0466826 L2=1.6176244 L3=3.3358674
5241 0.0433812 0.00235195 F=0.94842751 L1=23.116404 L2=21.93084 L3=507.00789
40 0.25 0.00502985 F=0.97998067 L1=4.0601762 L2=3.9811222 L3=16.202706
327860 61.1651 16 F=0.28179901 L1=0.087345147 L2=0.085870813 L3=0.0067703732
4824 96.118 21.8155 F=0.17789368 L1=0.086272928 L2=0.08540161 L3=0.0073662725 acc=1.1e-63
inf 939.824 0.186855 F=0.98447598 L1=0.083032759 L2=0.083032738 L3=0.014232575
50 74.4258 0.0951734 F=0.9916716 L1=0.087552668 L2=0.087551312 L3=0.014356712
inf 157.281 0.280088 F=0.97675989 L1=0.083039949 L2=0.083038733 L3=0.013234042
214 0.5 63.1084 F=0.00040821297 L1=1.9809841 L2=0.074461713 L3=0.14764677
46 52.5902 59.7624 F=0.015823614 L1=0.06475293 L2=0.060886094 L3=0.0038226676
38 97.1673 63.7486 F=0.015385716 L1=0.059903032 L2=0.059026332 L3=0.0033897803
1369 0.519828 41.0869 F=0.0021846857 L1=1.9130996 L2=0.086448272 L3=0.16581384
inf 118.354 38.2215 F=0.046526238 L1=0.080701566 L2=0.079726824 L3=0.0067876144
164962 1.35939 0.000256249 F=0.99980353 L1=0.76687139 L2=0.76672831 L3=0.59918139
inf 1 26.8851 F=0.014603 L1=0.99846349 L2=0.096552824 L3=0.096946466 acc=3.3e-63
38 2187.66 0.253585 F=0.97798872 L1=0.086832815 L2=0.086832815 L3=0.014690964
87 74.0532 51.6955 F=0.021144299 L1=0.068691605 L2=0.066294389 L3=0.0045925144
27247 2.13061 589.58 F=4.1941756e-20 L1=0.45254358 L2=0.070811671 L3=0.032046502
209 77.0616 3.4461 F=0.76250659 L1=0.074264728 L2=0.074112745 L3=0.0066898539
8840 113.11 132.769 F=4.4451047e-5 L1=0.074299629 L2=0.071960487 L3=0.0053469237
38 0.525686 1 F=0.33353966 L1=1.9356818 L2=0.67477194 L3=1.3179894
872565 475.933 830.795 F=2.3444094e-26 L1=0.071047496 L2=0.070382069 L3=0.0050004698
64 119.852 2.999 F=0.78809918 L1=0.074491922 L2=0.074452015 L3=0.0072176179
175750 81.5302 0.00810513 F=0.99930823 L1=0.085355398 L2=0.085355291 L3=0.013220562
3478 41.9145 266.417 F=2.2032344e-9 L1=0.08142508 L2=0.071414154 L3=0.0058148972 acc=1.8e-63
2609 25.8352 167.998 F=2.1402314e-6 L1=0.088312413 L2=0.072308247 L3=0.0063858427
50 25.4176 0.172073 F=0.98454602 L1=0.090286823 L2=0.090241054 L3=0.010977459
14621 174.506 36.1042 F=0.057253637 L1=0.080050591 L2=0.079587256 L3=0.0067398915
38241 2.9388 471 F=2.4114378e-16 L1=0.32736985 L2=0.071027547 L3=0.023253887
1107 0.0118997 40 F=5.7909652e-5 L1=84.02382 L2=0.086993027 L3=7.3099422
872 0.001 0.17528 F=0.0056135481 L1=1000.0593 L2=5.7264158 L3=5726.7931
60982 6.08892 0.0121478 F=0.99792845 L1=0.17091053 L2=0.17059559 L3=0.021335625
819029 1.6661 590.23 F=3.2136669e-20 L1=0.58136835 L2=0.070837381 L3=0.041183805
860 395.058 20.2366 F=0.21687336 L1=0.08185376 L2=0.08179921 L3=0.0066144989
747596 0.221816 40 F=0.0010433406 L1=4.4977856 L2=0.087975201 L3=0.39614152 acc=1.6e-64
45 8 50.0882 F=0.015540179 L1=0.12489657 L2=0.062424368 L3=0.0077530774
191376 73.8367 0.000463101 F=0.9999604 L1=0.085511485 L2=0.085511478 L3=0.013052705
311 63.99 64 F=0.0066012774 L1=0.075954087 L2=0.072227553 L3=0.0055414828
18057 0.00623939 0.0882158 F=0.065691411 L1=160.33447 L2=10.646466 L3=1707.0375
37 2.81904 2.23237 F=0.5432818 L1=0.3685204 L2=0.2084524 L3=0.078366545
364781 1.23472 515 F=5.1330054e-18 L1=0.7893568 L2=0.07095732 L3=0.056012283
3664 16 28.501 F=0.071171477 L1=0.10964075 L2=0.091271525 L3=0.010334689
782 220.041 0.000992582 F=0.99991573 L1=0.084897382 L2=0.08489738 L3=0.014510195
41 88.8449 0.00607297 F=0.99946164 L1=0.088649727 L2=0.088649681 L3=0.015201244
2606 64 0.221321 F=0.98133057 L1=0.084578354 L2=0.084572725 L3=0.012246414 acc=1.4e-63
100 198.938 0.00130764 F=0.99988733 L1=0.086159266 L2=0.086159264 L3=0.015079903
64 88.8635 0.00712997 F=0.99937708 L1=0.087367989 L2=0.087367922 L3=0.014659702
2932 100 41.9717 F=0.034066168 L1=0.079817318 L2=0.078414788 L3=0.0065723939
40 1.11298 54.3596 F=0.0029969756 L1=0.8730015 L2=0.060806045 L3=0.053103689
338 2.999 515 F=2.874613e-17 L1=0.31952509 L2=0.069283287 L3=0.022138435
39291 41.7843 584.476 F=3.1566323e-19 L1=0.081654756 L2=0.070780626 L3=0.0057795749
411 149.241 16 F=0.29735522 L1=0.082269905 L2=0.081989759 L3=0.0061872425
54 85.6916 5.70247 F=0.64129417 L1=0.075672987 L2=0.075473188 L3=0.0047628897
866255 2.78347 301.216 F=4.1445768e-11 L1=0.34607455 L2=0.071623982 L3=0.024791207
7395 109.339 0.012509 F=0.99893592 L1=0.085070333 L2=0.085070242 L3=0.013680304 acc=5.5e-66
inf 2.999 0.101033 F=0.9661696 L1=0.34660603 L2=0.33511976 L3=0.11323327
26777 2.76069 353.519 F=9.879513e-13 L1=0.34873621 L2=0.07136094 L3=0.024889046
250 1.14079 64.5863 F=0.0007654188 L1=0.85973256 L2=0.074778286 L3=0.064417169
inf 1.89323 41.1309 F=0.0068735622 L1=0.52251478 L2=0.087022604 L3=0.045877926
2186 65.4309 45.8407 F=0.023503787 L1=0.081144023 L2=0.0781555 L3=0.0066042979
50803 48.9159 15.999 F=0.27568895 L1=0.089309835 L2=0.087123845 L3=0.0070512476
204 0.01 0.210075 F=0.044881698 L1=100.05809 L2=4.5954074 L3=459.84364
35284 95.8685 59.9046 F=0.0085340091 L1=0.076671231 L2=0.074741264 L3=0.0058454885
89214 0.160875 322.769 F=6.5089865e-13 L1=6.1919731 L2=0.071511649 L3=0.44280283
inf 89.055 36.3459 F=0.052203883 L1=0.082740115 L2=0.081208633 L3=0.0070859993 acc=2.8e-63
43708 3.001 0.0682916 F=0.9769006 L1=0.34627479 L2=0.33843346 L3=0.11411618
986316 1501.07 63.99 F=0.0078901883 L1=0.071459826 L2=0.071446633 L3=0.0051922866
405 0.218054 40 F=0.0010646041 L1=4.5739121 L2=0.085202388 L3=0.39016701
5018 0.0306106 64.01 F=2.0420047e-5 L1=32.650442 L2=0.078377547 L3=2.5592255
148 115.456 0.01 F=0.99914092 L1=0.085909985 L2=0.085909923 L3=0.014347067
inf 119.796 22.7412 F=0.16723035 L1=0.085361174 L2=0.08475518 L3=0.0072912814
5424 59.7463 0.10619 F=0.99095781 L1=0.085266811 L2=0.085263967 L3=0.012351512
inf 0.645619 143.01 F=1.0773178e-6 L1=1.5283363 L2=0.07334914 L3=0.112124
1176 0.489602 0.00245494 F=0.99488707 L1=2.0931519 L2=2.0828924 L3=4.3897933
136 60.4233 2.98299 F=0.78668527 L1=0.076434131 L2=0.076235347 L3=0.0073067033 acc=3.0e-62
44 1416.9 0.00123881 F=0.99989081 L1=0.088137287 L2=0.088137287 L3=0.015654314
7703 115.738 0.001 F=0.9999149 L1=0.085100427 L2=0.08510042 L3=0.013789885
166585 1.5 0.100348 F=0.93469457 L1=0.69470263 L2=0.6514025 L3=0.4608129
15966 99.4737 0.185848 F=0.98439238 L1=0.084078605 L2=0.084076713 L3=0.013038746
6586 16 700 F=6.133141e-23 L1=0.099231381 L2=0.070587112 L3=0.007004531
114525 2.5521 0.00805447 F=0.99672379 L1=0.40808078 L2=0.40677828 L3=0.16502969
inf 1.25909 0.000147387 F=0.99987809 L1=0.82726223 L2=0.82716657 L3=0.69708432
50 0.00518846 15.999 F=0.0002417571 L1=192.73606 L2=0.10263764 L3=19.782829
1738 4.11136 515 F=1.6576142e-17 L1=0.23563529 L2=0.070547891 L3=0.016624706
128232 0.399688 15.999 F=0.018268279 L1=2.5037865 L2=0.10146974 L3=0.25422449 acc=3.0e-64
50 118.196 1 F=0.91894581 L1=0.081595937 L2=0.081588683 L3=0.011752519
9352 40 69.3662 F=0.0034008214 L1=0.082829562 L2=0.075261379 L3=0.0062916194
9241 0.212839 0.00260014 F=0.9877793 L1=4.7574344 L2=4.7006436 L3=22.402062
285765 57.983 31.184 F=0.075129905 L1=0.087568096 L2=0.084767238 L3=0.0077832243
225 0.28259 42.8529 F=0.0011178847 L1=3.5242298 L2=0.08129215 L3=0.28689465
310186 1.94762 60.5112 F=0.0014199792 L1=0.50252013 L2=0.079253547 L3=0.04000214
40 2.74744 0.00163349 F=0.99937891 L1=0.38045775 L2=0.3802286 L3=0.1440537
4945 19.8994 40 F=0.027743341 L1=0.099676134 L2=0.084165121 L3=0.0087258563
291633 54.4293 0.00569642 F=0.99951068 L1=0.08590651 L2=0.08590634 L3=0.012330729
53128 64 73.3764 F=0.0028628786 L1=0.078211319 L2=0.07418914 L3=0.0058455617 acc=2.0e-63
38 51.1269 43.0757 F=0.046728181 L1=0.059940258 L2=0.056706484 L3=0.0033085808
8107 45.7865 8.36 F=0.51889427 L1=0.080186951 L2=0.078904961 L3=0.0048490157
64 0.670974 0.0637758 F=0.91054478 L1=1.5360495 L2=1.4051291 L3=2.1822359
6767 123.281 62.6018 F=0.0073324836 L1=0.075137932 L2=0.073819783 L3=0.0056408442
3240 2.72227 0.001 F=0.99961795 L1=0.38219525 L2=0.38205253 L3=0.14403884
90 91.5659 16 F=0.28561153 L1=0.083003181 L2=0.082360999 L3=0.0069344815
9206 1.23536 515 F=5.3467721e-18 L1=0.78888491 L2=0.070878666 L3=0.055916749
9524 0.161679 36.5223 F=0.0010439565 L1=6.1760781 L2=0.090079046 L3=0.5568361
100 3.001 51.6383 F=0.0054287145 L1=0.32139644 L2=0.071950016 L3=0.023290997
100 1 0.00910781 F=0.99062365 L1=1.0388829 L2=1.0296647 L3=1.0875634 acc=8.5e-65
375 23.147 58.8254 F=0.0070422992 L1=0.089856329 L2=0.075305516 L3=0.0068612372
50 0.88772 0.000438119 F=0.99948814 L1=1.1688989 L2=1.1683332 L3=1.3865439
37 1.47265 66.9818 F=0.0018962159 L1=0.65401429 L2=0.060841183 L3=0.039768963
8340 97.7433 0.000187028 F=0.99998406 L1=0.085241292 L2=0.08524129 L3=0.013555043
38 0.0131302 29.5818 F=0.00018776271 L1=76.141104 L2=0.07114018 L3=5.4177762
47 0.001 2.24427 F=0.00042099079 L1=1000.0265 L2=0.45178922 L3=451.80889
535 2.5659 37.8721 F=0.011962948 L1=0.38650761 L2=0.08680466 L3=0.034006275
6731 0.00159132 0.000847761 F=0.65238852 L1=628.47767 L2=410.05787 L3=257712.27
105 0.0114689 0.297872 F=0.036459442 L1=87.248054 L2=3.2794433 L3=286.15744
137597 2059.28 64.01 F=0.0079237442 L1=0.071362095 L2=0.071355005 L3=0.0051785811 acc=2.0e-63
37 134.051 0.243233 F=0.97882194 L1=0.087117649 L2=0.087117118 L3=0.014652069
322699 58.0138 0.942741 F=0.92421277 L1=0.081603183 L2=0.081560347 L3=0.010513801
144608 1.55844 0.01 F=0.99334735 L1=0.66957307 L2=0.66532804 L3=0.4537587
6596 0.0813449 0.400357 F=0.16549438 L1=12.343218 L2=2.1154883 L3=26.138653
53 64.01 12.6997 F=0.36154212 L1=0.084807184 L2=0.083863755 L3=0.0069233004
18011 64 1435.09 F=3.6463705e-45 L1=0.077647242 L2=0.070292677 L3=0.0054580323
26748 52.7592 0.366402 F=0.96929288 L1=0.084294738 L2=0.084279563 L3=0.011493488
100982 85.5821 0.1 F=0.99153066 L1=0.084758353 L2=0.084757066 L3=0.013051468
inf 0.835289 2.52458 F=0.2380584 L1=1.2171064 L2=0.30504787 L3=0.375355
762 761.128 0.0012675 F=0.99989273 L1=0.084631358 L2=0.084631358 L3=0.0149858 acc=6.7e-68
33313 66.7619 3 F=0.78791681 L1=0.075342971 L2=0.075175939 L3=0.0072945216
29078 40 5.06657 F=0.6660883 L1=0.078258706 L2=0.077350866 L3=0.0057390546
inf 2.48732 0.0535858 F=0.97804089 L1=0.4188796 L2=0.40993269 L3=0.1712542
3251 203.207 0.00157877 F=0.99986612 L1=0.084800239 L2=0.084800235 L3=0.014359828
inf 0.001 0.00064507 F=0.60785059 L1=1000.0666 L2=607.94328 L3=607983.81
44978 2.999 48.3016 F=0.0053607897 L1=0.32948537 L2=0.08318234 L3=0.027703633
459362 96.5465 63.7929 F=0.0063892033 L1=0.076267727 L2=0.074281034 L3=0.0057531821
inf 0.0318393 8.36 F=0.0034147677 L1=31.414826 L2=0.13203239 L3=4.1525872
38 0.001 0.000180507 F=0.84708312 L1=1000.0693 L2=847.16295 L3=847221.67
inf 0.971334 36.2268 F=0.0059431161 L1=1.0229551 L2=0.090252199 L3=0.092812012 acc=3.3e-63
50 2613.57 29.2481 F=0.11035056 L1=0.064401283 L2=0.064401283 L3=0.0049935019
61 68.4037 0.000411841 F=0.99996385 L1=0.087780367 L2=0.08778036 L3=0.014294335
938 0.0192043 42.3224 F=7.6647682e-5 L1=52.058977 L2=0.085427036 L3=4.4476616
inf 0.700349 15.999 F=0.03106843 L1=1.4301862 L2=0.10142465 L3=0.14518643
64 2.999 0.00227302 F=0.99921094 L1=0.34741403 L2=0.34714638 L3=0.1181973
37 101.881 145.39 F=0.00010066976 L1=0.064555004 L2=0.063678881 L3=0.0040782204
38 0.5 24.1074 F=0.01038401 L1=1.9883928 L2=0.082242418 L3=0.16507412
22156 48.9903 0.0211294 F=0.99818304 L1=0.086021848 L2=0.086021055 L3=0.012006147
351 3.50171 40 F=0.012723837 L1=0.28429138 L2=0.084169433 L3=0.024339262
741 0.01 15.999 F=0.00047460657 L1=100.00124 L2=0.10162456 L3=10.162833 acc=2.0e-67
29333 112.615 15.999 F=0.29430294 L1=0.083704081 L2=0.083221929 L3=0.0062393061
43 0.0979104 92.4629 F=2.5360669e-5 L1=10.185639 L2=0.063177212 L3=0.64350855
1628 127.436 0.000630442 F=0.99994635 L1=0.085096307 L2=0.085096304 L3=0.013956209
175167 98.7954 28.1332 F=0.10424501 L1=0.08513426 L2=0.084095548 L3=0.0074669961
1839 0.5 0.00109583 F=0.99775803 L1=2.0503945 L2=2.04599 L3=4.2248023
4460 0.0579462 48.9301 F=0.00012977276 L1=17.242949 L2=0.083059778 L3=1.4325137
inf 1.25526 7.08544 F=0.13700243 L1=0.80665536 L2=0.13760542 L3=0.11376247
inf 2.19806 1.52197 F=0.57838693 L1=0.47203327 L2=0.27969168 L3=0.13386489
3297 61.7487 0.112481 F=0.99043077 L1=0.085191953 L2=0.085189121 L3=0.012422094
810 0.00744178 60.7964 F=6.6612159e-6 L1=134.35841 L2=0.078092714 L3=10.492595 acc=1.5e-67
inf 2.70697 48.5719 F=0.0048512887 L1=0.36421876 L2=0.083130286 L3=0.030573368
364 1.5 40.4488 F=0.0062664078 L1=0.65790417 L2=0.084387523 L3=0.055949941
1076 1.50104 700 F=1.9644381e-23 L1=0.64612833 L2=0.07008607 L3=0.045285391
inf 115.803 0.000148587 F=0.99998736 L1=0.085089148 L2=0.085089147 L3=0.013780494
7195 1.09542 0.000423773 F=0.99959796 L1=0.94907895 L2=0.94871742 L3=0.91609129
7703 1.1541 0.000394076 F=0.99964486 L1=0.90150102 L2=0.9011976 L3=0.8270413
405 1.36225 512.1 F=1.5933106e-17 L1=0.71307322 L2=0.069493184 L3=0.049554895
733 93.0529 0.149199 F=0.98740082 L1=0.08452664 L2=0.084524954 L3=0.01316298
69 0.215948 64 F=0.00024517068 L1=4.606457 L2=0.067049651 L3=0.30893673
18898 64 64.01 F=0.0057653498 L1=0.078765517 L2=0.075013712 L3=0.005994589 acc=2.2e-63
268 0.001 13.156 F=6.3444488e-5 L1=1000.0014 L2=0.1034097 L3=103.40962
18869 95.2704 29.3634 F=0.093686636 L1=0.08487649 L2=0.083728139 L3=0.0074430203
3110 60.2042 16 F=0.28129208 L1=0.087420575 L2=0.085903993 L3=0.0068016727
3875 52.2162 0.00207842 F=0.99982121 L1=0.086025224 L2=0.086025157 L3=0.012249376
45039 5.18053 106.006 F=9.0700932e-5 L1=0.19294735 L2=0.074427497 L3=0.014385004
76359 112.976 63.0983 F=0.0069257365 L1=0.07558163 L2=0.074051372 L3=0.0056891874
inf 0.01 37.8459 F=5.8138761e-5 L1=99.990014 L2=0.089356233 L3=8.9352144
inf 40 0.0227727 F=0.99803252 L1=0.086438051 L2=0.086436711 L3=0.01134221
inf 521.13 60.0054 F=0.010148225 L1=0.072484291 L2=0.07238855 L3=0.005361539
3158 64.01 69.7988 F=0.0037896969 L1=0.078126916 L2=0.07420462 L3=0.0058516673 acc=2.1e-63
2765 3.001 0.0001 F=0.99996539 L1=0.34607834 L2=0.34606658 L3=0.11638995
100 91.1385 64 F=0.0092472862 L1=0.068543083 L2=0.066600104 L3=0.0045565345
999 76.1349 0.0387757 F=0.99669051 L1=0.085378344 L2=0.085377744 L3=0.013104801
313 8 0.0720251 F=0.9903005 L1=0.13603611 L2=0.13511692 L3=0.011583746
inf 45.3245 0.112842 F=0.990341 L1=0.085775086 L2=0.085769706 L3=0.011593491
381084 0.5 16 F=0.022623925 L1=2.0019916 L2=0.10145427 L3=0.20326462
264 2.95745 700 F=1.0260724e-22 L1=0.32377205 L2=0.068996965 L3=0.022339151
79452 0.672476 24.6751 F=0.012574343 L1=1.4858345 L2=0.097899646 L3=0.14600276
83 100 0.00986079 F=0.99914461 L1=0.086748794 L2=0.086748718 L3=0.014563655
inf 0.236529 1294.25 F=1.394688e-42 L1=4.2028968 L2=0.070384525 L3=0.29581918 acc=1.6e-64
37 94.1666 0.832161 F=0.93074527 L1=0.083741844 L2=0.08373354 L3=0.012348259
287371 146.205 0.17546 F=0.98530942 L1=0.083769128 L2=0.083768311 L3=0.013493421
487 1.5 2.03645 F=0.41075487 L1=0.68537364 L2=0.29218868 L3=0.20352741
41 64 64 F=0.013683614 L1=0.062588108 L2=0.060022227 L3=0.003626485
51780 41.4478 54.2413 F=0.010850491 L1=0.08407725 L2=0.077590602 L3=0.0066901211
inf 0.746136 0.001 F=0.99861771 L1=1.3841406 L2=1.3823224 L3=1.936448
inf 3 16 F=0.10662346 L1=0.34123467 L2=0.10100178 L3=0.034341568
1700 64.01 1 F=0.92009303 L1=0.081069584 L2=0.081031393 L3=0.01055081
175 0.800319 102.051 F=4.0362464e-5 L1=1.2281721 L2=0.070720806 L3=0.086895485
41 124.833 40 F=0.059109839 L1=0.057176009 L2=0.056809902 L3=0.0032980334 acc=2.7e-63
inf 869.413 48.3262 F=0.024279609 L1=0.074085521 L2=0.074056494 L3=0.0057211487
3540 0.0061838 21.8233 F=0.00016372115 L1=161.71172 L2=0.099254065 L3=16.051089
23426 2.09002 0.000870393 F=0.99956556 L1=0.49933832 L2=0.49912918 L3=0.25175239
3171 0.001 3.001 F=0.00031413635 L1=1000.0218 L2=0.33739956 L3=337.41194
98464 63.99 512.1 F=6.386144e-17 L1=0.077682068 L2=0.070861819 L3=0.0055046926
inf 8 0.0601529 F=0.99190337 L1=0.13575049 L2=0.1349806 L3=0.011256579
198908 48.5845 0.00039187 F=0.99996625 L1=0.08612765 L2=0.086127635 L3=0.012019503
104 48.74 16.4852 F=0.26106652 L1=0.087698215 L2=0.085489404 L3=0.0075631502
66864 3 0.091653 F=0.96922603 L1=0.3464621 L2=0.33601561 L3=0.11345075
350664 0.00278211 0.025953 F=0.096654611 L1=359.50507 L2=34.864984 L3=12534.185 acc=9.4e-63
950313 2.31105 0.00665079 F=0.99700801 L1=0.45119618 L2=0.44988787 L3=0.20368084
736876 500 0.000750792 F=0.99993654 L1=0.084518833 L2=0.084518833 L3=0.014770188
inf 0.25 0.01 F=0.960985 L1=4.0575506 L2=3.9033827 L3=15.87551
367104 0.25 512.1 F=1.399804e-18 L1=3.9757098 L2=0.070962813 L3=0.28212939
inf 5.44673 1424.98 F=2.0980247e-45 L1=0.18256636 L2=0.070349071 L3=0.012843501
64 435.322 69.9767 F=0.0083742042 L1=0.062987181 L2=0.062981576 L3=0.0039137113
38 94.2085 49.7439 F=0.034538597 L1=0.057603408 L2=0.056746229 L3=0.0030920669
40 0.271207 512.1 F=6.3650266e-17 L1=3.6616808 L2=0.068034452 L3=0.24911846
97 3.001 6.65105 F=0.2807692 L1=0.343542 L2=0.12507696 L3=0.045526981
4445 0.0243351 515 F=1.2328754e-19 L1=41.067703 L2=0.070794014 L3=2.9073494 acc=1.7e-66
2248 1901.31 47.6681 F=0.026139733 L1=0.073454915 L2=0.073449116 L3=0.0056338587
8849 1111.02 38.2202 F=0.052373557 L1=0.076835283 L2=0.07682112 L3=0.006256817
476900 1579.97 64.01 F=0.0078871016 L1=0.071440472 L2=0.071428536 L3=0.005189477
10292 0.5 3.75 F=0.11133381 L1=2.0168145 L2=0.24107192 L3=0.48924725
9705 8 0.000346362 F=0.99995313 L1=0.13532563 L2=0.13532116 L3=0.010942613
34852 500 0.0019022 F=0.99983924 L1=0.08451351 L2=0.08451351 L3=0.014768693
5559 117.52 26.8905 F=0.1177207 L1=0.084555355 L2=0.083823788 L3=0.0073665639
inf 115.77 0.000688832 F=0.99994139 L1=0.085085831 L2=0.085085826 L3=0.013778458
504 0.05793 36.855 F=0.00037470882 L1=17.251586 L2=0.087849189 L3=1.5160547
50 0.0830149 539.487 F=2.235756e-18 L1=12.019879 L2=0.068135057 L3=0.81897341 acc=1.7e-65
2270 0.00337669 1.60361 F=0.0020013488 L1=296.17984 L2=0.63420794 L3=187.8496
inf 0.00440307 0.0568446 F=0.071627918 L1=227.17822 L2=16.38903 L3=3723.2746
38 2.35846 47.0906 F=0.0091554372 L1=0.40160536 L2=0.059878136 L3=0.02409547
70 1.36327 33.8966 F=0.011372167 L1=0.71996227 L2=0.076970909 L3=0.05608514
16755 0.00863175 0.0716405 F=0.10704346 L1=115.91452 L2=12.518206 L3=1451.0848
40 1 3 F=0.23886761 L1=1.0168908 L2=0.2560225 L3=0.2640432
50 0.616204 11.7659 F=0.042038912 L1=1.6248853 L2=0.10646308 L3=0.17238374
inf 0.25 0.261012 F=0.48290379 L1=4.0495469 L2=1.9995867 L3=8.1245992
54528 16 0.00101002 F=0.99990389 L1=0.095159203 L2=0.095157521 L3=0.0073816393
410 8 0.001 F=0.99986453 L1=0.13548919 L2=0.13547628 L3=0.011149447 acc=1.9e-67
204804 0.5 0.0001 F=0.999795 L1=2.0503728 L2=2.0499701 L3=4.2329319
64 3 511.9 F=2.8566819e-16 L1=0.31804032 L2=0.068045824 L3=0.021638936
1383 1.22111 0.001 F=0.99914798 L1=0.85271763 L2=0.85202883 L3=0.74000425
inf 0.136324 48.4606 F=0.00031332411 L1=7.3215389 L2=0.083511338 L3=0.61175607
208566 0.5 0.00516683 F=0.98951521 L1=2.0502227 L2=2.0296223 L3=4.1907122
inf 49.3264 0.001 F=0.9999139 L1=0.086096812 L2=0.086096775 L3=0.012062953
79810 0.01 0.000214618 F=0.97897516 L1=100.06628 L2=97.965183 L3=9803.059
3777 0.00132159 20.8501 F=3.8566056e-5 L1=756.66508 L2=0.099700373 L3=75.440308
118 0.0449668 117.263 F=1.0169583e-6 L1=22.213482 L2=0.06870466 L3=1.5261975
7376 0.0550112 28.7414 F=0.00073868001 L1=18.173094 L2=0.09532832 L3=1.7329951 acc=9.2e-66
15622 3 59.1651 F=0.0022233577 L1=0.32681576 L2=0.079452376 L3=0.026144102
inf 8 0.0452241 F=0.99390479 L1=0.13564443 L2=0.13506426 L3=0.011177759
64 1 49.8655 F=0.0028316332 L1=0.97872304 L2=0.067598123 L3=0.06632671
367346 2.03056 45.4003 F=0.0050464359 L1=0.48568517 L2=0.084693314 L3=0.041479832
232935 11.7464 0.264611 F=0.97210824 L1=0.1079987 L2=0.1068621 L3=0.0078739541
inf 0.0161155 4 F=0.0037702347 L1=62.069759 L2=0.25301822 L3=15.708156
inf 16 0.053384 F=0.99493314 L1=0.095242061 L2=0.095152933 L3=0.0074967325
254007 55.9555 0.17175 F=0.98542907 L1=0.085045762 L2=0.085040232 L3=0.012034905
489 40 16 F=0.26871334 L1=0.091154385 L2=0.088064825 L3=0.007438575
448416 1 65.2553 F=0.00054740155 L1=0.98488598 L2=0.078266629 L3=0.077232343 acc=3.1e-63
40 50.7732 0.00113466 F=0.9998986 L1=0.089366933 L2=0.089366899 L3=0.014241114
40 40 5.98733 F=0.6108939 L1=0.082553744 L2=0.081526494 L3=0.0053431601
12741 0.191406 515 F=9.0298623e-19 L1=5.1999638 L2=0.070901019 L3=0.36868456
38 2.92886 0.107022 F=0.96320689 L1=0.35678648 L2=0.34404734 L3=0.12172708
1269 1.11097 53.9487 F=0.0015169879 L1=0.88703063 L2=0.080399072 L3=0.071557821
124 225.778 0.0702051 F=0.99401015 L1=0.085310821 L2=0.085310725 L3=0.014771901
1940 0.55264 0.000391321 F=0.99927326 L1=1.8584517 L2=1.8571606 L3=3.4796711
40 52.806 0.00254143 F=0.99977306 L1=0.089299581 L2=0.089299511 L3=0.014335192
100 129.401 1 F=0.92026678 L1=0.080201545 L2=0.080193336 L3=0.011518243
33458 1.86814 0.25528 F=0.8749539 L1=0.55778822 L2=0.49063862 L3=0.27758052 acc=1.5e-62
19386 4.26982 51.8507 F=0.0051240922 L1=0.23462419 L2=0.081580137 L3=0.019381885
inf 633.074 33.8745 F=0.072531089 L1=0.078895619 L2=0.07885788 L3=0.0065949684
3304 2490.15 17.1514 F=0.28356242 L1=0.080184394 L2=0.080183237 L3=0.0059019425
9785 0.01 0.00139535 F=0.8774702 L1=100.06624 L2=87.821314 L3=8787.9956
64 1.41541 0.00416011 F=0.99693851 L1=0.73809343 L2=0.73595265 L3=0.55436976
264119 0.00295962 49.5718 F=6.2829452e-6 L1=337.86687 L2=0.083036946 L3=28.055744
40 66.4065 308.114 F=2.0409972e-9 L1=0.069611031 L2=0.066766842 L3=0.0046374576
729 41.2127 41.833 F=0.029797286 L1=0.08557538 L2=0.079839271 L3=0.0071445226
631 0.01 0.0338041 F=0.22778756 L1=100.06489 L2=22.892551 L3=2290.7857
706 109.411 4.6811 F=0.70088682 L1=0.071515002 L2=0.071397223 L3=0.0053632114 acc=2.9e-62
822 0.0317036 1.93426 F=0.015314735 L1=31.570527 L2=0.51755105 L3=16.347488
779380 81.1596 0.0202246 F=0.99827537 L1=0.085288072 L2=0.085287801 L3=0.013178628
40 670.463 0.01 F=0.99911557 L1=0.08844295 L2=0.08844295 L3=0.015678016
1725 129.036 0.00164179 F=0.99986032 L1=0.085076755 L2=0.085076747 L3=0.01396414
38 370.168 0.173749 F=0.9848147 L1=0.0874129 L2=0.0874129 L3=0.015017928
40 64.01 0.000428458 F=0.99996184 L1=0.089068135 L2=0.089068127 L3=0.014761859
272362 116.403 49.1719 F=0.019781345 L1=0.077571235 L2=0.076351168 L3=0.0061468314
38 1.64713 47.309 F=0.006696203 L1=0.5827227 L2=0.059849198 L3=0.034939686
inf 64 59.216 F=0.0082555767 L1=0.079308036 L2=0.075710654 L3=0.0061252567
4639 62.453 0.0140538 F=0.99879607 L1=0.08568019 L2=0.085679872 L3=0.012676234 acc=5.7e-66
2440 2377.79 26.8967 F=0.1288381 L1=0.080365606 L2=0.080363595 L3=0.0067482926
32727 121.998 0.0001 F=0.99999149 L1=0.085055709 L2=0.085055709 L3=0.013848895
inf 111.19 43.2354 F=0.031082408 L1=0.079325232 L2=0.078128141 L3=0.0064964721
81 85.569 2.999 F=0.78734388 L1=0.075132841 L2=0.075038789 L3=0.0072422786
71 48.0348 63.99 F=0.0093254027 L1=0.070380414 L2=0.065170605 L3=0.0045416726
1796 1487.31 0.14508 F=0.98789835 L1=0.083367599 L2=0.083367593 L3=0.014481361
54 500 0.0604917 F=0.99473816 L1=0.086978681 L2=0.086978681 L3=0.015294539
64 1.56186 1140.73 F=2.8745177e-35 L1=0.61960337 L2=0.069121228 L3=0.042827302
inf 0.00892916 0.126802 F=0.065276534 L1=112.05342 L2=7.4240927 L3=831.93483
241 56.7726 0.00437571 F=0.99962207 L1=0.086374506 L2=0.086374387 L3=0.012834812 acc=5.8e-67
5083 110.75 0.203653 F=0.98293842 L1=0.083866866 L2=0.083865174 L3=0.013134459
398066 8 3.35914 F=0.65662987 L1=0.14412119 L2=0.11462212 L3=0.016634247
40 0.443906 0.000918142 F=0.99788615 L1=2.307073 L2=2.3023964 L3=5.344304
174162 500 16 F=0.30761509 L1=0.080310193 L2=0.080283067 L3=0.0057203321
94946 0.311181 0.169456 F=0.64189166 L1=3.2641115 L2=2.1264963 L3=6.9698522
433 76.7352 0.0001 F=0.99999142 L1=0.085763116 L2=0.085763115 L3=0.013349655
15965 0.00195661 986.621 F=3.1807574e-35 L1=511.06175 L2=0.070457189 L3=36.007975
308 0.00580039 25.2482 F=0.00011006916 L1=172.39788 L2=0.095722453 L3=16.50304
199 2.96015 0.000208567 F=0.99992674 L1=0.35128195 L2=0.35125674 L3=0.12049203
2970 81.9249 0.212067 F=0.98217384 L1=0.084210581 L2=0.084207326 L3=0.012707469 acc=1.4e-63
361243 1.90075 2.999 F=0.37344844 L1=0.54118183 L2=0.21393377 L3=0.11766538
inf 51.702 34.2612 F=0.056813001 L1=0.087442871 L2=0.083847563 L3=0.0077052633
41 14.7867 23.2789 F=0.11935055 L1=0.096341015 L2=0.07666957 L3=0.0088921821
101550 43.4457 0.000790859 F=0.99993172 L1=0.086343722 L2=0.086343684 L3=0.01166512
504765 275.046 28.1988 F=0.11131753 L1=0.081919472 L2=0.081762516 L3=0.0070070487
50 1.70317 606.708 F=4.0240162e-19 L1=0.56653297 L2=0.068344509 L3=0.038717829
64 0.25 358.698 F=9.7010459e-13 L1=3.9737866 L2=0.067272629 L3=0.26732392
4733 64 64.01 F=0.0058052769 L1=0.078618858 L2=0.074867123 L3=0.005970525
100 47.0559 64.01 F=0.0079844701 L1=0.073336893 L2=0.067730219 L3=0.0049586633
53 0.0259207 0.0478502 F=0.35026656 L1=38.644567 L2=13.619164 L3=526.35106 acc=1.2e-61
29510 0.0986171 0.315638 F=0.23415742 L1=10.192038 L2=2.4571376 L3=25.072301
50 2.84342 45.2943 F=0.010318842 L1=0.33430192 L2=0.064825424 L3=0.021828685
9630 2.999 66.736 F=0.0012281708 L1=0.32576821 L2=0.077795652 L3=0.025466937
20961 64 3.75 F=0.74453623 L1=0.074657252 L2=0.074409757 L3=0.0064433118
inf 4.26691 0.0329783 F=0.99208409 L1=0.24203878 L2=0.2401669 L3=0.051470102
222 1.5 49.9813 F=0.0030097346 L1=0.65339606 L2=0.077852551 L3=0.051129588
8801 100 0.000563442 F=0.99995198 L1=0.085218232 L2=0.085218228 L3=0.013587588
115 0.00209834 0.364457 F=0.0056121985 L1=476.61982 L2=2.7714987 L3=1320.9813
inf 1209.14 0.000605786 F=0.99994886 L1=0.084420424 L2=0.084420424 L3=0.014946805
968 19.1654 630.479 F=1.3327432e-20 L1=0.093957726 L2=0.070080149 L3=0.0065845312 acc=1.9e-63
708 1.5 10.1656 F=0.11137996 L1=0.66816104 L2=0.10340005 L3=0.068762145
11350 0.25 0.1 F=0.71039712 L1=4.0543911 L2=2.9085472 L3=11.825561
50 7.63254 0.00638454 F=0.9990956 L1=0.14178559 L2=0.14169237 L3=0.01394528
256368 0.890904 3.75 F=0.18235717 L1=1.1381778 L2=0.22276378 L3=0.25609445
inf 0.001 0.384428 F=0.0025421803 L1=1000.0523 L2=2.6362596 L3=2636.4264
675 1.51195 8.36 F=0.13624082 L1=0.66609909 L2=0.11581768 L3=0.081249511
1423 1.73707 3.75 F=0.30224444 L1=0.58969252 L2=0.19268846 L3=0.11523337
7025 2.19193 32.6747 F=0.016537566 L1=0.45538661 L2=0.092300282 L3=0.042532505
inf 1.48306 15.999 F=0.060918927 L1=0.67817966 L2=0.10130211 L3=0.068740989
50 2.00772 0.0187095 F=0.99033579 L1=0.52142935 L2=0.51660535 L3=0.27376871 acc=9.0e-65
5247 64 69.2515 F=0.0039227403 L1=0.078269003 L2=0.074361236 L3=0.0058777626
295896 58.6605 23.7653 F=0.14260346 L1=0.089502325 L2=0.087267053 L3=0.0079351456
63 86.337 0.0128237 F=0.99887941 L1=0.087388072 L2=0.087387943 L3=0.014613652
71 0.263672 842.39 F=4.0759568e-27 L1=3.7671485 L2=0.068808281 L3=0.25921028
41 0.00996358 0.00595944 F=0.62547894 L1=100.43396 L2=62.870359 L3=6314.3669
38 60.1349 0.735302 F=0.93799089 L1=0.085020989 L2=0.084997547 L3=0.01224386
742 0.0121893 700 F=2.2141689e-25 L1=82.013391 L2=0.069853893 L3=5.7289555
3177 99.303 0.00292172 F=0.99975097 L1=0.085234851 L2=0.085234826 L3=0.013589792
801492 3 2.15698 F=0.56753572 L1=0.34748179 L2=0.20547639 L3=0.072044374
40 0.124399 0.000204022 F=0.99834946 L1=8.1032432 L2=8.0900738 L3=65.5994 acc=2.7e-66
117 0.01 0.158974 F=0.058610667 L1=100.06033 L2=5.9732123 L3=597.72011
37 44.9912 1061.09 F=9.107796e-32 L1=0.074536404 L2=0.069057571 L3=0.0051464149
41 2.44684 0.0125176 F=0.99467395 L1=0.42771539 L2=0.42551759 L3=0.18318752
41 63.99 49.9469 F=0.031406206 L1=0.06049776 L2=0.05818271 L3=0.0033726607
40 1.27322 0.001 F=0.99918029 L1=0.82036046 L2=0.81972564 L3=0.6863626
73671 2.19758 700 F=1.7214515e-23 L1=0.43844917 L2=0.070697749 L3=0.03099817
100 2.54795 0.143504 F=0.94445015 L1=0.40952174 L2=0.38744564 L3=0.15863133
407555 40 0.0790384 F=0.99319658 L1=0.086222038 L2=0.086217176 L3=0.011252031
37 46.4981 50.6419 F=0.030288361 L1=0.061462665 L2=0.057370758 L3=0.0033355584
64 2.2853 8.36 F=0.18896737 L1=0.44249603 L2=0.11183295 L3=0.052489771 acc=1.6e-62
190 63.99 35.4093 F=0.057436493 L1=0.079453631 L2=0.076882114 L3=0.0065351512
1986 367.404 49.5129 F=0.021808261 L1=0.074055468 L2=0.073900941 L3=0.0056874943
inf 1.08724 0.265575 F=0.79686984 L1=0.95245625 L2=0.7674708 L3=0.74290792
41 63.99 0.00295799 F=0.99973685 L1=0.088964257 L2=0.088964205 L3=0.014711884
305458 62.6812 0.000765146 F=0.99993441 L1=0.085719275 L2=0.085719258 L3=0.012696592
631 1 59.0743 F=0.00094411994 L1=0.98494725 L2=0.078110052 L3=0.077119921
inf 2.87894 56.1746 F=0.0027317488 L1=0.34095193 L2=0.080358561 L3=0.027605335
64 1.80176 845.562 F=2.2607867e-26 L1=0.53512524 L2=0.06881364 L3=0.036823093
23551 0.97798 2.999 F=0.23505241 L1=1.0401389 L2=0.25866578 L3=0.27226254
1153 3 0.806113 F=0.78064704 L1=0.34770809 L2=0.27403966 L3=0.094590299 acc=4.6e-62
95751 2.14046 48.889 F=0.0039315102 L1=0.45968557 L2=0.08305753 L3=0.038477652
327 1.14617 0.00390171 F=0.99646985 L1=0.90785965 L2=0.90482365 L3=0.83630251
27841 1.51627 0.13373 F=0.91562944 L1=0.68704546 L2=0.63166059 L3=0.44181743
1055 40 700 F=1.3804433e-22 L1=0.081524111 L2=0.070045158 L3=0.0057102962
50 0.00809953 16 F=0.00037724826 L1=123.46442 L2=0.10263407 L3=12.672511
238 0.48802 0.151154 F=0.7581138 L1=2.0960404 L2=1.6076649 L3=3.3948373
158 45.0059 63.99 F=0.0068499505 L1=0.076553082 L2=0.070424097 L3=0.0054169657
488 0.001 123.519 F=8.896793e-9 L1=999.97691 L2=0.072379424 L3=72.377783
751905 100 20.5527 F=0.19875136 L1=0.086101963 L2=0.085334709 L3=0.0072177384
64 117.898 64 F=0.011549253 L1=0.064086298 L2=0.063133594 L3=0.003987534 acc=1.3e-63
inf 18.3657 50.1822 F=0.011646905 L1=0.099065822 L2=0.080497672 L3=0.0081882941
1856 1335.16 3.7333 F=0.7569391 L1=0.068666522 L2=0.068665948 L3=0.0061503991
985 589.945 515 F=1.6210058e-16 L1=0.070153939 L2=0.069781978 L3=0.004895396
1510 96.967 52.1462 F=0.015654362 L1=0.077108301 L2=0.075382276 L3=0.0059942508
437 489.547 0.00148727 F=0.99987384 L1=0.084823184 L2=0.084823183 L3=0.014957474
123 102.149 51.3558 F=0.020808454 L1=0.069825313 L2=0.068385517 L3=0.0048669653
109062 91.3612 5.0389 F=0.68165832 L1=0.072129114 L2=0.071944058 L3=0.0051730463
105 1.5 59.4839 F=0.001737735 L1=0.64868398 L2=0.07099791 L3=0.04617271
7386 1.53287 0.000386563 F=0.99973691 L1=0.68076668 L2=0.68059613 L3=0.47203015
1221 3.59879 3.001 F=0.52631489 L1=0.29119024 L2=0.16647986 L3=0.048642331 acc=2.3e-62
64 1361.72 4 F=0.73435387 L1=0.072249263 L2=0.072249263 L3=0.0058010318
321949 64.01 38.9979 F=0.03996974 L1=0.083924916 L2=0.081139178 L3=0.0071561545
38 40 204.651 F=1.8016467e-6 L1=0.072011009 L2=0.06525637 L3=0.0046785045
38524 8.59453 1456.8 F=2.9700669e-46 L1=0.12995906 L2=0.070321712 L3=0.0091390179
2332 0.745421 8.36 F=0.073321934 L1=1.3472019 L2=0.12340478 L3=0.17098602
601 0.00525484 0.142334 F=0.035296694 L1=190.36126 L2=6.8313176 L3=1300.4575
178 1 2.55632 F=0.26966075 L1=1.0189677 L2=0.28865024 L3=0.29797519
76969 120.537 0.000810802 F=0.99993104 L1=0.085057321 L2=0.085057316 L3=0.01383017
50 1.45349 421.522 F=1.0383775e-13 L1=0.66603766 L2=0.067618204 L3=0.045033113
259249 2.46731 61.059 F=0.0016445986 L1=0.39631683 L2=0.079084974 L3=0.031509651 acc=3.5e-63
100 64.01 35.7919 F=0.059399164 L1=0.074239756 L2=0.071746713 L3=0.0057541482
26897 1078.63 36.8138 F=0.058278837 L1=0.077439752 L2=0.077425287 L3=0.0063602072
50 1 63.6257 F=0.0013122793 L1=0.97574875 L2=0.063865478 L3=0.062346435
38 2392.36 0.0137601 F=0.99878044 L1=0.088629967 L2=0.088629967 L3=0.015697357
64 2.35557 12.9057 F=0.1199592 L1=0.43028131 L2=0.10374985 L3=0.044365264
92 3.001 63.99 F=0.0023378399 L1=0.31958812 L2=0.069477711 L3=0.022269591
432149 85.6276 55.0558 F=0.012023202 L1=0.077965627 L2=0.075774909 L3=0.0060662766
37 63.99 89.4207 F=0.0031618726 L1=0.064035536 L2=0.061438465 L3=0.0038683985
353 0.00221919 144.733 F=4.6198719e-9 L1=450.59163 L2=0.07132892 L3=32.140236
3984 119.239 15.999 F=0.29512228 L1=0.083427648 L2=0.082994521 L3=0.006212373 acc=2.4e-63
481709 1.84469 0.0793356 F=0.95700312 L1=0.56560867 L2=0.54226503 L3=0.31133292
100 0.0071199 24.1123 F=0.00015157114 L1=140.44566 L2=0.092962092 L3=13.05706
180 0.358196 206.837 F=1.2610217e-8 L1=2.7670904 L2=0.068959843 L3=0.1908266
142 0.00205011 0.182745 F=0.010972669 L1=487.83809 L2=5.4650421 L3=2666.0933
25055 2.17299 897.2 F=1.5558198e-29 L1=0.44334855 L2=0.070523658 L3=0.031267052
116 0.00498351 0.00345365 F=0.59052531 L1=200.72882 L2=118.59033 L3=23804.543
inf 2.02544 69.2389 F=0.0007401652 L1=0.48183575 L2=0.07751696 L3=0.037468025
523963 141.684 0.018575 F=0.99842437 L1=0.08482926 L2=0.084829179 L3=0.013956485
129 0.241861 0.0551211 F=0.81183908 L1=4.1915132 L2=3.4223915 L3=14.380767
inf 0.00178593 0.00971377 F=0.15520251 L1=559.99827 L2=87.024538 L3=48733.637 acc=2.4e-62
50 0.00131829 0.0001 F=0.92948594 L1=758.62982 L2=705.14542 L3=534944.39
50 59.5986 15.999 F=0.27236313 L1=0.084038189 L2=0.082701707 L3=0.0077959649
inf 0.172659 0.131628 F=0.5632628 L1=5.8473544 L2=3.3379566 L3=19.552396
inf 8 403.106 F=5.6596822e-14 L1=0.13634373 L2=0.071213635 L3=0.0097105836
inf 0.00282133 2.30769 F=0.001155791 L1=354.46836 L2=0.43937611 L3=155.75171
40 0.968056 68.933 F=0.0010808727 L1=1.0071152 L2=0.061747888 L3=0.062183302
2437 0.00960009 0.121759 F=0.072537483 L1=104.22673 L2=7.6696449 L3=799.42212
inf 0.102221 0.000195608 F=0.99807779 L1=9.8456552 L2=9.826964 L3=96.796342
40 0.0125912 0.665965 F=0.017978114 L1=79.467125 L2=1.5055852 L3=119.66682
41 69.5266 34.2136 F=0.078857253 L1=0.060419853 L2=0.058842822 L3=0.0039515023 acc=4.1e-63
14083 126.812 64 F=0.0066225271 L1=0.074972598 L2=0.073695288 L3=0.0056111081
23177 1.84679 2.09414 F=0.45491731 L1=0.55866438 L2=0.26351098 L3=0.14965461
58453 56.4476 0.570315 F=0.9529517 L1=0.083213595 L2=0.083190472 L3=0.01121112
43528 768.979 0.000646935 F=0.99994536 L1=0.084463079 L2=0.084463079 L3=0.01487778
600502 0.00223935 63.99 F=1.4882788e-6 L1=446.53939 L2=0.078573471 L3=35.086315
37 100 9.55484 F=0.46878512 L1=0.082496179 L2=0.082310358 L3=0.0057502311
860683 1.83157 17.7391 F=0.061004627 L1=0.55053895 L2=0.1008592 L3=0.055695944
708063 0.25 0.000324591 F=0.99868454 L1=4.0579144 L2=4.0527171 L3=16.483406
inf 0.169531 0.0156457 F=0.91465 L1=5.9586008 L2=5.459696 L3=32.572103
100 13.2131 0.0120204 F=0.99876849 L1=0.10254892 L2=0.10251258 L3=0.0077610725 acc=1.6e-65
72555 0.0389151 66.935 F=2.0476695e-5 L1=25.678629 L2=0.077977799 L3=2.0025086
23856 101.059 0.0296734 F=0.99747769 L1=0.085016458 L2=0.085016201 L3=0.01350999
50 3 0.000410671 F=0.99985727 L1=0.34760902 L2=0.34756065 L3=0.11866589
133 0.00164806 1.10395 F=0.0014298166 L1=606.8115 L2=0.92401965 L3=560.7204
37 57.1236 9.77546 F=0.4521934 L1=0.085291627 L2=0.084477004 L3=0.0062406736
83563 8 0.0480888 F=0.99352029 L1=0.13566564 L2=0.135049 L3=0.011193985
67 68.3668 2.0396 F=0.84545154 L1=0.07839763 L2=0.078312667 L3=0.0088737569
100 114.841 0.000519728 F=0.99995508 L1=0.086427813 L2=0.08642781 L3=0.014622305
100 0.00195699 64.472 F=1.8599826e-6 L1=510.96488 L2=0.070069957 L3=35.803391
129545 84.8016 3.75 F=0.7474639 L1=0.07310766 L2=0.072964574 L3=0.0063591029 acc=2.8e-62
192 0.001 67.6639 F=6.2446298e-7 L1=999.97877 L2=0.073364214 L3=73.362772
301 8 0.05546 F=0.99251982 L1=0.13593108 L2=0.1352215 L3=0.011510818
811532 0.00503642 868.898 F=3.1600061e-31 L1=198.52826 L2=0.070570524 L3=14.010244
1491 0.602367 0.225909 F=0.72035228 L1=1.7024598 L2=1.2446369 L3=2.1394434
inf 118.006 3.75 F=0.75003833 L1=0.071760066 L2=0.07168521 L3=0.0062885643
151111 1.29594 42.6975 F=0.0043448663 L1=0.76325861 L2=0.086225285 L3=0.066205068
28180 0.001 0.00653696 F=0.13262204 L1=1000.0663 L2=132.74565 L3=132754.51
18203 64.01 51.6832 F=0.014702475 L1=0.080420477 L2=0.077092609 L3=0.0063937419
40 745.614 36.7367 F=0.072581245 L1=0.056555382 L2=0.056555382 L3=0.0034030536
37 2.999 512.1 F=6.1648123e-16 L1=0.31766339 L2=0.068038835 L3=0.021610988 acc=3.1e-63
inf 63.99 3 F=0.78754155 L1=0.075582381 L2=0.075400934 L3=0.0072985016
47888 0.137048 1.1567 F=0.10181297 L1=7.3317733 L2=0.79063478 L3=5.8092888
inf 0.682406 0.0021768 F=0.99672162 L1=1.5108585 L2=1.5061439 L3=2.3002384
41 0.00831645 43.9909 F=4.5740462e-5 L1=120.21713 L2=0.061576782 L3=7.4027958
1518 4.42052 0.000426648 F=0.99990044 L1=0.23338943 L2=0.23336677 L3=0.047400919
inf 62.4698 0.272841 F=0.97707164 L1=0.084325972 L2=0.084318419 L3=0.012046148
inf 2285.01 0.2293 F=0.98103348 L1=0.082647781 L2=0.082647776 L3=0.01416497
101030 430.144 925.456 F=2.9176652e-29 L1=0.07115228 L2=0.070361702 L3=0.0050063955
1073 9.02324 2.62546 F=0.73138527 L1=0.13166658 L2=0.11278851 L3=0.014471082
304 0.0343515 0.02833 F=0.54703106 L1=29.175218 L2=16.017063 L3=467.34591 acc=2.0e-61
199 70.2016 99.0919 F=0.00062369067 L1=0.073526008 L2=0.069576926 L3=0.0051136348
50 1 5.00771 F=0.15673412 L1=1.0123148 L2=0.17650672 L3=0.17987008
41 0.001 2.999 F=0.00031393264 L1=1000.0215 L2=0.33642502 L3=336.43788
6933 89.0477 31.1506 F=0.080137564 L1=0.084516678 L2=0.083160174 L3=0.0073925993
100 93.5546 1.27662 F=0.89971025 L1=0.0795462 L2=0.079522591 L3=0.010606011
inf 0.015745 178.843 F=2.0390777e-9 L1=63.488718 L2=0.072700768 L3=4.6156936
68 0.25 23.5681 F=0.0054880082 L1=3.9933955 L2=0.090956768 L3=0.3643422
inf 0.88801 71.0826 F=0.00031222382 L1=1.1098544 L2=0.077275087 L3=0.085880841
2396 500 1.14465 F=0.91177845 L1=0.077263073 L2=0.077262313 L3=0.01118167
8264 102.412 16.9257 F=0.27081634 L1=0.084723633 L2=0.084114659 L3=0.0065512318 acc=1.9e-63
22741 0.0216737 66.2168 F=1.2097671e-5 L1=46.120555 L2=0.078084339 L3=3.6014432
159 0.0501444 0.001 F=0.9803834 L1=20.007796 L2=19.617836 L3=392.55545
50 71.2924 0.120564 F=0.98946603 L1=0.087436439 L2=0.087434497 L3=0.014196115
50 500 0.00120486 F=0.99989435 L1=0.087687033 L2=0.087687033 L3=0.015581088
3219 64 64 F=0.0058347852 L1=0.078527984 L2=0.074776669 L3=0.0059557139
895 109.626 0.182368 F=0.9846744 L1=0.084113193 L2=0.084111672 L3=0.013263294
434 2.98467 0.694305 F=0.80444509 L1=0.349439 L2=0.28331484 L3=0.098172437
4923 78.2346 0.01 F=0.99914593 L1=0.085414539 L2=0.085414396 L3=0.013158499
42906 3.4991 481.272 F=1.3204451e-16 L1=0.27555032 L2=0.071007282 L3=0.019567517
50 0.0275285 0.285814 F=0.08643211 L1=36.382288 L2=3.2393472 L3=117.88773 acc=7.7e-63
477 3.64712 0.000358916 F=0.99989817 L1=0.28375569 L2=0.28372723 L3=0.074992275
2882 782.877 17.8005 F=0.2673391 L1=0.080914987 L2=0.080902464 L3=0.0061148399
81 40 0.105362 F=0.990785 L1=0.087624924 L2=0.087618447 L3=0.012259454
77571 16 0.00313391 F=0.99970183 L1=0.095162165 L2=0.095156946 L3=0.0073860082
100 105.103 1.70527 F=0.87019957 L1=0.077554555 L2=0.077526722 L3=0.0096522
204 1.98069 2.999 F=0.38306056 L1=0.51960574 L2=0.21064005 L3=0.11132151
23391 0.0510006 1.26023 F=0.037259615 L1=19.642489 L2=0.77897945 L3=15.31337
131 3 15.999 F=0.10564859 L1=0.34076215 L2=0.10094941 L3=0.034599266
inf 53.646 0.747069 F=0.93901426 L1=0.082652586 L2=0.082616028 L3=0.01077311
75510 0.651626 0.0707852 F=0.89917587 L1=1.5791904 L2=1.4270955 L3=2.2770431 acc=9.8e-63
100 1.5 0.0916639 F=0.93994142 L1=0.69556915 L2=0.65578987 L3=0.46504662
37 0.886318 55.7035 F=0.0023702088 L1=1.101522 L2=0.059772207 L3=0.065839899
223 0.170641 4.98328 F=0.031013693 L1=5.87457 L2=0.20044976 L3=1.1796086
22134 0.708622 0.0577303 F=0.92235062 L1=1.4547044 L2=1.3470207 L3=1.9819419
inf 1.84581 0.0116628 F=0.99344568 L1=0.56558605 L2=0.5620319 L3=0.32274697
769 63.99 3.75 F=0.74429467 L1=0.07474357 L2=0.074495958 L3=0.0064309761
38331 0.135779 1 F=0.11524132 L1=7.4021079 L2=0.90103715 L3=6.6837928
228367 1.18915 0.734549 F=0.60679773 L1=0.86794937 L2=0.53832519 L3=0.47450572
50744 2.999 40 F=0.010874686 L1=0.33241006 L2=0.087465797 L3=0.029482543
87 0.5 0.709042 F=0.40310624 L1=2.0367116 L2=0.85182835 L3=1.7492756 acc=1.8e-61
22419 60.207 0.00264244 F=0.99977336 L1=0.085771902 L2=0.085771838 L3=0.012599783
8443 2.999 515 F=1.1162655e-17 L1=0.3207103 L2=0.070870828 L3=0.022730342
200 8 242.297 F=1.2548813e-8 L1=0.13394487 L2=0.068986335 L3=0.0092412828
38 229.832 0.00876186 F=0.99922305 L1=0.08867468 L2=0.088674679 L3=0.015709655
161 2.999 45.94 F=0.0075271449 L1=0.32549724 L2=0.077485832 L3=0.025514394
363590 70.6014 515 F=5.4114768e-17 L1=0.076978202 L2=0.070853221 L3=0.0054541536
3552 40.1779 0.000202891 F=0.99998244 L1=0.086551031 L2=0.086551019 L3=0.011421421
38 0.478606 8.36 F=0.048585104 L1=2.0960568 L2=0.12930906 L3=0.27554029
364 0.5 3.001 F=0.1357172 L1=2.0193942 L2=0.2913173 L3=0.59238828
759 682.056 16 F=0.30808067 L1=0.079879171 L2=0.079865438 L3=0.0057435847 acc=2.8e-63
60 66.9471 16 F=0.27662739 L1=0.083864926 L2=0.082756917 L3=0.0074974016
107 0.00256236 190.791 F=4.2318233e-10 L1=390.23857 L2=0.067504952 L3=26.343043
137 120.99 0.0463845 F=0.99602542 L1=0.085695802 L2=0.085695536 L3=0.014318591
182598 16 0.62853 F=0.94202089 L1=0.095854144 L2=0.094785353 L3=0.0084491787
10224 15.3108 270.156 F=1.0483304e-9 L1=0.10067946 L2=0.071682014 L3=0.007217479
242789 0.01 3.55691 F=0.0026384402 L1=100.01924 L2=0.2841674 L3=28.426234
824 2.6953 61.4167 F=0.0017946606 L1=0.36208443 L2=0.077816304 L3=0.028329783
247 0.01 0.00588353 F=0.62933674 L1=100.06642 L2=63.024481 L3=6306.6811
9816 2.56012 3.001 F=0.44424505 L1=0.40458518 L2=0.19158558 L3=0.078634173
40 64.01 29.5896 F=0.10365818 L1=0.063149387 L2=0.061453955 L3=0.004727779 acc=4.9e-63
71848 2.62872 423.141 F=6.6232867e-15 L1=0.3661503 L2=0.071153521 L3=0.026054949
315616 2.36414 0.001 F=0.99955923 L1=0.44095743 L2=0.44076884 L3=0.1946538
16421 3.001 0.00566781 F=0.99804237 L1=0.34607578 L2=0.34541065 L3=0.11617042
40 91.6767 64.0169 F=0.014571055 L1=0.060627012 L2=0.059526555 L3=0.0034740931
50 1.32005 3 F=0.29291253 L1=0.77347429 L2=0.23866046 L3=0.18767117
120 500 49.6212 F=0.026169056 L1=0.066828707 L2=0.066807165 L3=0.0045755763
149326 68.1351 0.327385 F=0.97264265 L1=0.08387742 L2=0.08386953 L3=0.012081779
956706 0.00771411 0.00054975 F=0.93344135 L1=129.69897 L2=121.07519 L3=15703.375
inf 3.001 0.00709324 F=0.99755124 L1=0.34607627 L2=0.34524429 L3=0.11611615
7469 0.120666 606.381 F=9.082157e-22 L1=8.2623677 L2=0.070717299 L3=0.58429366 acc=4.2e-65
inf 72.7017 2.88816 F=0.79527009 L1=0.07508179 L2=0.074947806 L3=0.0074358262
627836 13.7791 64.2891 F=0.0034455677 L1=0.10596686 L2=0.077559487 L3=0.0083111535
309774 0.5 0.0434146 F=0.91814666 L1=2.0491202 L2=1.8881584 L3=3.897187
586 1.56667 3 F=0.32958419 L1=0.65408765 L2=0.22777788 L3=0.15134986
38 2046.66 0.000693566 F=0.99993846 L1=0.088732689 L2=0.088732689 L3=0.01575425
129 0.00155926 0.001 F=0.60922139 L1=641.39621 L2=390.80488 L3=250660.81
11105 64.01 0.000193395 F=0.99998343 L1=0.085704457 L2=0.085704453 L3=0.012755136
905292 1.3593 1 F=0.56393598 L1=0.75944373 L2=0.43860331 L3=0.33833631
19370 63.99 0.00139124 F=0.99988078 L1=0.085693546 L2=0.085693516 L3=0.012747739
828602 66.7563 57.2825 F=0.0096508923 L1=0.079243654 L2=0.075931385 L3=0.0061544128 acc=2.4e-63
136 101.71 0.298724 F=0.97487978 L1=0.084210299 L2=0.084207282 L3=0.013287845
31881 0.25 64.01 F=0.00016217917 L1=3.9827023 L2=0.078528736 L3=0.31291966
650895 3.001 0.0147259 F=0.99492929 L1=0.34610192 L2=0.3443793 L3=0.11586275
402 0.0156396 0.1 F=0.13440401 L1=64.002262 L2=8.7060602 L3=557.24869
173949 0.0022939 54.2732 F=3.3107314e-6 L1=435.92358 L2=0.081226621 L3=35.408853
38 3 0.0001 F=0.99996519 L1=0.34806923 L2=0.34805745 L3=0.11938497
inf 1.51202 0.0119069 F=0.99184926 L1=0.68997784 L2=0.68462256 L3=0.48124867
131 43.227 0.00127163 F=0.99988895 L1=0.087327837 L2=0.087327776 L3=0.012353607
937529 2.55645 0.909527 F=0.72846276 L1=0.40745757 L2=0.30043616 L3=0.12301459
2098 93.2672 40 F=0.0395043 L1=0.08065814 L2=0.079135825 L3=0.00672022 acc=2.8e-63
inf 0.0184206 700 F=1.750419e-25 L1=54.261621 L2=0.070708129 L3=3.8367387
24615 140.6 0.08794 F=0.9925819 L1=0.084375311 L2=0.084374899 L3=0.013732262
274386 165.543 64.01 F=0.0068640192 L1=0.074124789 L2=0.073310454 L3=0.0055206956
729 86.4962 40 F=0.039715052 L1=0.080054744 L2=0.078328712 L3=0.0066084103
96835 1 523.107 F=2.3969201e-18 L1=0.97849145 L2=0.070936985 L3=0.069412864
651252 2.999 0.474736 F=0.85834056 L1=0.34742757 L2=0.29959294 L3=0.10252285
100 3.23544 4 F=0.42536673 L1=0.32171944 L2=0.15496684 L3=0.050087027
50 63.99 0.316554 F=0.97272712 L1=0.086385967 L2=0.086378408 L3=0.013351385
40377 2.999 16 F=0.10659465 L1=0.34134144 L2=0.10100212 L3=0.034353565
inf 115.056 512.1 F=8.1461412e-17 L1=0.074307626 L2=0.070798524 L3=0.0052608702 acc=1.7e-63
46 2327.31 0.21769 F=0.98120766 L1=0.086333186 L2=0.086333186 L3=0.014732332
inf 0.210227 0.071552 F=0.74304787 L1=4.8133237 L2=3.6031992 L3=17.37907
40 0.01 211.575 F=1.3566669e-9 L1=99.972471 L2=0.065386298 L3=6.5368214
inf 100 56.613 F=0.010992973 L1=0.07691232 L2=0.075175925 L3=0.0059254191
4169 49.939 16.2548 F=0.27014288 L1=0.089251852 L2=0.087113086 L3=0.0071019801
1723 223.926 0.000294639 F=0.99997501 L1=0.084805534 L2=0.084805533 L3=0.014458697
4146 0.503354 0.0100099 F=0.98001063 L1=2.0366836 L2=1.9976679 L3=4.0978821
2525 376.931 0.00237839 F=0.99979876 L1=0.084612289 L2=0.084612288 L3=0.014704794
inf 94.0331 1.08578 F=0.91458922 L1=0.079541052 L2=0.079521156 L3=0.010701704
49520 2.22709 1 F=0.67973103 L1=0.46688925 L2=0.32217801 L3=0.15209296 acc=1.0e-61
463227 2.08251 3 F=0.39478645 L1=0.49490321 L2=0.2071193 L3=0.10416683
622 0.0380259 0.0272062 F=0.58191331 L1=26.362067 L2=15.393087 L3=405.83804
216841 2.71007 0.194946 F=0.9302805 L1=0.38423532 L2=0.35812097 L3=0.13629083
inf 2.95439 515 F=1.0550435e-17 L1=0.32559697 L2=0.070958777 L3=0.023105309
inf 3 17.6583 F=0.090198674 L1=0.3412883 L2=0.10072125 L3=0.03442603
3052 349.447 58.4618 F=0.011226842 L1=0.07281854 L2=0.07262084 L3=0.0054114925
703678 89.1631 48.1986 F=0.020454424 L1=0.07908364 L2=0.077206263 L3=0.0063419597
34890 2.45787 40 F=0.0093566506 L1=0.40370792 L2=0.087556813 L3=0.035762662
49 106.596 0.00981547 F=0.99913707 L1=0.08791634 L2=0.087916289 L3=0.0151615
55 1.5 0.00582213 F=0.99595746 L1=0.6970566 L2=0.69438504 L3=0.49412356 acc=1.6e-65
405 0.749016 4 F=0.14939082 L1=1.350427 L2=0.21749595 L3=0.29620092
110 1 0.119375 F=0.88944653 L1=1.0369533 L2=0.92798294 L3=0.97804525
100 0.04383 20.8269 F=0.001270219 L1=22.81269 L2=0.097003327 L3=2.2138103
41 117.168 64.01 F=0.014651448 L1=0.060171087 L2=0.059599565 L3=0.0034560171
1962 99.7973 63.99 F=0.0064774093 L1=0.075617105 L2=0.073729772 L3=0.0056570112
735 1.83108 5.915 F=0.21893255 L1=0.55784136 L2=0.14707087 L3=0.083027469
38 64.01 0.0231516 F=0.99793747 L1=0.089100938 L2=0.089100537 L3=0.01476046
inf 0.01 3 F=0.0031335689 L1=100.02175 L2=0.3365617 L3=33.668497
inf 97.3853 2.80361 F=0.80223739 L1=0.073972208 L2=0.073899893 L3=0.0075513481
30597 39.0924 0.0373682 F=0.9967724 L1=0.086443028 L2=0.086440676 L3=0.011240218 acc=2.4e-65
inf 43.8851 326.312 F=2.9345803e-11 L1=0.081128396 L2=0.071354289 L3=0.0057888594
inf 0.0815746 164.761 F=2.9265874e-8 L1=12.235837 L2=0.07292289 L3=0.89229013
337 2.999 512.1 F=3.5231835e-17 L1=0.31952439 L2=0.069282324 L3=0.022138089
inf 8 6.23151 F=0.48402646 L1=0.14171559 L2=0.099134351 L3=0.014960882
133 0.969163 64.01 F=0.0007918932 L1=1.0126377 L2=0.071986586 L3=0.073007029
inf 2.85194 0.172032 F=0.94092423 L1=0.36489747 L2=0.34384287 L3=0.12344575
315979 2.87712 1336.96 F=6.6409929e-43 L1=0.33388815 L2=0.070369819 L3=0.023495852
24514 0.00644803 7.03388 F=0.00083972186 L1=155.0978 L2=0.15542185 L3=24.107451
612716 1.01433 59.2195 F=0.00089284822 L1=0.97183275 L2=0.079650053 L3=0.077601222
388083 56.7133 0.001 F=0.99991414 L1=0.085864757 L2=0.08586473 L3=0.012449459 acc=2.7e-68
37 126.755 512.1 F=2.5091568e-15 L1=0.068489194 L2=0.068047283 L3=0.0046566911
inf 0.012932 8.18625 F=0.001422945 L1=77.335578 L2=0.13537943 L3=10.474174
inf 220.664 1.04177 F=0.91873177 L1=0.078353312 L2=0.078349891 L3=0.01125423
439973 0.001 0.253373 F=0.0038747715 L1=1000.0564 L2=3.9799369 L3=3980.1955
inf 102.146 38.8261 F=0.043541022 L1=0.081147367 L2=0.079872949 L3=0.0068296331
1924 63.99 23.1433 F=0.15234141 L1=0.088546705 L2=0.086662056 L3=0.007789857
2366 96.5666 700 F=1.5940606e-22 L1=0.074817771 L2=0.070327807 L3=0.005261755
49 0.25 4 F=0.055450657 L1=4.0161022 L2=0.23896444 L3=0.96300732
247105 40 69.3282 F=0.0033935997 L1=0.082922396 L2=0.075355864 L3=0.0063074115
5429 64.01 0.0001 F=0.99999143 L1=0.085716881 L2=0.085716879 L3=0.012764494 acc=2.9e-70
1827 1192.32 0.0862848 F=0.99276441 L1=0.083828983 L2=0.083828978 L3=0.014674492
2033 94.0304 64.01 F=0.0063895282 L1=0.075932544 L2=0.073856734 L3=0.0056899619
inf 0.60837 624.173 F=1.1682189e-21 L1=1.6205798 L2=0.070793298 L3=0.11472738
40 1.68552 2.90356 F=0.35331533 L1=0.60829692 L2=0.22591411 L3=0.14012746
inf 226.943 45.1714 F=0.02884675 L1=0.076507433 L2=0.076158229 L3=0.0061012085
40 3 24.7301 F=0.047107837 L1=0.32648811 L2=0.079736759 L3=0.027472898
112 2.98722 39.8241 F=0.012723745 L1=0.32689105 L2=0.07770639 L3=0.025817462
100 573.99 31.7131 F=0.090432471 L1=0.070842779 L2=0.070838663 L3=0.0055932701
338714 0.01 0.001 F=0.90903068 L1=100.06624 L2=90.975298 L3=9103.6037
7520 1.5 15.999 F=0.061504359 L1=0.67059452 L2=0.10130441 L3=0.067976814 acc=1.8e-63
148202 0.0196297 0.00142643 F=0.93216816 L1=51.009007 L2=47.557849 L3=2425.9255
539 3.23658 0.00175173 F=0.99943888 L1=0.32050844 L2=0.32033153 L3=0.098434042
4664 686.332 64.0015 F=0.0077762001 L1=0.071656786 L2=0.071596716 L3=0.005214969
37 1.09269 0.00741148 F=0.99297948 L1=0.95369197 L2=0.947376 L3=0.92050942
892823 0.0105072 9.69584 F=0.00096071313 L1=95.174011 L2=0.11237579 L3=10.6978
4690 0.458838 0.000150454 F=0.99966445 L1=2.2309787 L2=2.23026 L3=5.0066272
inf 63.99 37.2123 F=0.046226165 L1=0.084563531 L2=0.081863758 L3=0.0072840709
71 2.50223 446.624 F=1.8024272e-14 L1=0.38208479 L2=0.067787883 L3=0.02589796
inf 72.5333 47.2124 F=0.021286263 L1=0.080577191 L2=0.077990852 L3=0.006532877
1974 0.5 34.8735 F=0.0036391359 L1=1.9924442 L2=0.090711901 L3=0.18126019 acc=8.4e-64
50 1.4428 33.6681 F=0.012892924 L1=0.67619923 L2=0.071328534 L3=0.048926702
inf 0.380079 1.36391 F=0.20963668 L1=2.6611521 L2=0.58739418 L3=1.5723464
30872 0.25 3.75 F=0.058969983 L1=4.0176292 L2=0.25479844 L3=1.0270758
100 0.23593 51.3516 F=0.00055659966 L1=4.218026 L2=0.072172032 L3=0.30463798
41 120.291 3.57658 F=0.75150306 L1=0.075367527 L2=0.075333257 L3=0.0063596475
101 7.61509 0.495991 F=0.93321869 L1=0.14415356 L2=0.13740534 L3=0.015024192
644597 2.54741 0.118154 F=0.95388699 L1=0.40893084 L2=0.39057675 L3=0.15904148
inf 2646.73 59.2442 F=0.011175879 L1=0.071804981 L2=0.071800985 L3=0.0052762331
1202 118.468 2.08293 F=0.8472307 L1=0.075248872 L2=0.075216911 L3=0.0087750343
118316 0.5 3.75 F=0.11133366 L1=2.0168178 L2=0.24107793 L3=0.48925889 acc=1.4e-62
133749 40 0.0128083 F=0.99889267 L1=0.086477605 L2=0.086476858 L3=0.011358976
100 81.9163 0.000388568 F=0.99996631 L1=0.08670827 L2=0.086708265 L3=0.014137428
50 2.50417 64.01 F=0.0028179319 L1=0.37982652 L2=0.063920225 L3=0.024286522
732 1.97596 0.01 F=0.99474328 L1=0.52837725 L2=0.52570732 L3=0.28141033
218087 0.00217763 3.58477 F=0.0005712164 L1=459.23343 L2=0.2825677 L3=129.76853
80 44.9302 22.0995 F=0.16129563 L1=0.084274049 L2=0.081091507 L3=0.007668319
43 8 3.1387 F=0.67224062 L1=0.14418714 L2=0.11670716 L3=0.016421477
50 7.97663 0.0146167 F=0.99800007 L1=0.13709983 L2=0.13691114 L3=0.012800373
7853 78.6563 0.285609 F=0.97611642 L1=0.08384595 L2=0.083840938 L3=0.012434089
5558 40 0.169725 F=0.98547334 L1=0.085899978 L2=0.085888824 L3=0.011122522 acc=5.3e-64
50 0.0149477 63.99 F=2.0927656e-5 L1=66.873439 L2=0.063820184 L3=4.2679186
469343 3.001 18.1224 F=0.086102681 L1=0.34114678 L2=0.10060775 L3=0.034414025
906821 1.59983 3.63087 F=0.29218546 L1=0.6395345 L2=0.20091707 L3=0.13032372
inf 60.3681 0.329957 F=0.97236522 L1=0.084122986 L2=0.08411282 L3=0.011849148
453017 655.041 0.214646 F=0.98219972 L1=0.08288482 L2=0.082884769 L3=0.014073052
1278 0.001 0.000266404 F=0.78962313 L1=1000.0667 L2=789.70384 L3=789756.56
100 1.5 11.5696 F=0.095967588 L1=0.66956781 L2=0.10378986 L3=0.068701737
482784 2.55033 0.0106444 F=0.99567179 L1=0.40836994 L2=0.40664808 L3=0.16511135
13071 2.42295 30.377 F=0.022150864 L1=0.41391342 L2=0.093924144 L3=0.039378207
29145 644.499 30.4536 F=0.095259537 L1=0.080100484 L2=0.080067786 L3=0.0067663746 acc=2.3e-63
120 100 40 F=0.045769348 L1=0.07181892 L2=0.070570296 L3=0.0053739833
83 71.0765 1.31793 F=0.89583503 L1=0.080375484 L2=0.080332286 L3=0.01037954
40 2.999 0.000215154 F=0.99992511 L1=0.34809103 L2=0.34806566 L3=0.11931979
1091 60.0579 0.193172 F=0.9836395 L1=0.084903084 L2=0.084897611 L3=0.012224777
4028 0.01 53.8244 F=1.5068221e-5 L1=99.98401 L2=0.081119792 L3=8.1109393
inf 1.48535 99.7619 F=5.6208128e-5 L1=0.65709429 L2=0.074780813 L3=0.049181579
455495 53.579 0.109041 F=0.99069942 L1=0.085432557 L2=0.085428902 L3=0.012064202
115304 2.26413 1.41264 F=0.60374679 L1=0.45867614 L2=0.28305647 L3=0.13150461
417359 43.9248 47.2275 F=0.019077974 L1=0.084892737 L2=0.079319923 L3=0.0069820651
64 0.981313 73.1448 F=0.00059067694 L1=0.99588995 L2=0.066151851 L3=0.065918714 acc=2.4e-63
37 0.423288 3.001 F=0.11722405 L1=2.3817306 L2=0.29627487 L3=0.71045527
984 0.5 0.00546672 F=0.98891276 L1=2.0503098 L2=2.0285265 L3=4.1886782
inf 89.4679 57.6048 F=0.0099994722 L1=0.07735045 L2=0.075247978 L3=0.0059549367
24907 0.001383 0.00286217 F=0.32572043 L1=723.13034 L2=235.62788 L3=170389.72
2457 1.57278 0.000165224 F=0.99989037 L1=0.66361595 L2=0.66354662 L3=0.44852843
42 0.722781 540.623 F=2.1765779e-17 L1=1.3593842 L2=0.068139539 L3=0.092625963
114 96.1699 700 F=1.6963456e-21 L1=0.071850396 L2=0.068594469 L3=0.0049266654
12818 0.01 3.001 F=0.0031325026 L1=100.02174 L2=0.33644535 L3=33.656857
25980 2.67037 1300.96 F=8.1804567e-42 L1=0.35980594 L2=0.070353829 L3=0.025313946
38 6.26862 0.0141181 F=0.99763256 L1=0.16810037 L2=0.16775962 L3=0.022169535 acc=2.4e-65
64 0.0209858 51.9898 F=5.6241133e-5 L1=47.627362 L2=0.067250119 L3=3.2031033
128 75.7627 5.98872 F=0.63113147 L1=0.074558876 L2=0.074235045 L3=0.0047055301
inf 103.22 0.0212085 F=0.99819651 L1=0.085045927 L2=0.085045752 L3=0.013561308
22723 61.9166 0.0771347 F=0.99342354 L1=0.085339703 L2=0.085337827 L3=0.012488528
1585 2.25707 0.000618411 F=0.99971428 L1=0.46214831 L2=0.46202052 L3=0.2146673
69019 1.4606 0.00420611 F=0.99700487 L1=0.71415611 L2=0.71212151 L3=0.51822707
1193 1.02246 0.0159274 F=0.98407432 L1=1.0155107 L2=1.0001799 L3=1.0325072
40 120.081 0.000912189 F=0.99991915 L1=0.088627691 L2=0.088627689 L3=0.015518673
681 0.00393156 0.000902589 F=0.8132401 L1=254.41837 L2=206.92807 L3=52646.35
32463 2414.73 0.00016437 F=0.99998613 L1=0.084392904 L2=0.084392904 L3=0.015013621 acc=1.1e-69
41 0.547926 46.6874 F=0.0024360476 L1=1.799075 L2=0.061207535 L3=0.1102482
89 0.0448502 534.118 F=7.608658e-19 L1=22.269936 L2=0.068157466 L3=1.5178609
256 6.50056 21.4792 F=0.098959216 L1=0.17265353 L2=0.096634139 L3=0.017029234
312 0.472717 1338.64 F=1.0750752e-42 L1=2.0907245 L2=0.069317951 L3=0.14492459
41 0.169028 0.0699982 F=0.70416665 L1=5.9764101 L2=4.2416072 L3=25.387775
61 2.12097 64.01 F=0.0021753043 L1=0.45206394 L2=0.065922528 L3=0.029838699
64 52.6156 1.28392 F=0.89690269 L1=0.082017812 L2=0.081941662 L3=0.010294087
inf 64.01 0.0546352 F=0.99533705 L1=0.085401176 L2=0.085399957 L3=0.012613215
98162 1.5 33.8035 F=0.010876443 L1=0.66298049 L2=0.091782746 L3=0.061354396
39 16 0.0488039 F=0.99523069 L1=0.097996625 L2=0.097919534 L3=0.0095973322 acc=9.1e-65
871 0.0155574 0.01 F=0.6083241 L1=64.343691 L2=39.192923 L3=2521.8638
606693 3.96672 40 F=0.013225523 L1=0.25503288 L2=0.08730024 L3=0.022660389
inf 1 0.01 F=0.98972329 L1=1.0379735 L2=1.0278623 L3=1.0842213
inf 124.58 0.00022508 F=0.99998086 L1=0.085036442 L2=0.085036441 L3=0.013870792
inf 1.64583 0.167618 F=0.90378292 L1=0.63313757 L2=0.57477424 L3=0.37013179
inf 69.4065 16 F=0.28487349 L1=0.086406336 L2=0.085231202 L3=0.0066346248
inf 1.80761 0.001 F=0.99942273 L1=0.57759729 L2=0.57727795 L3=0.33876344
inf 112.655 55.4244 F=0.012260156 L1=0.076538598 L2=0.075132609 L3=0.0059053616
inf 1.28172 15.999 F=0.053693888 L1=0.7836594 L2=0.10133505 L3=0.079475054
inf 1.57663 673.347 F=8.5340216e-23 L1=0.61495701 L2=0.070735789 L3=0.043500397 acc=3.3e-63
46368 1.35653 3 F=0.29867208 L1=0.753594 L2=0.23783431 L3=0.18186013
17979 2.30924 0.992442 F=0.68925121 L1=0.45048942 L2=0.31503679 L3=0.14333044
58128 1.28624 0.01 F=0.99196397 L1=0.80988441 L2=0.8037074 L3=0.6631335
46822 0.448842 64 F=0.0002858001 L1=2.2112543 L2=0.078530786 L3=0.17381309
100 0.5086 55.8798 F=0.00084586289 L1=1.9455066 L2=0.071193184 L3=0.13866389
181717 92.6673 49.362 F=0.018824365 L1=0.078605448 L2=0.076814024 L3=0.0062598426
inf 8 0.00315511 F=0.99957318 L1=0.13533935 L2=0.13529861 L3=0.010949241
100 117.432 66.7981 F=0.0080013605 L1=0.0674731 L2=0.066221624 L3=0.0044550381
9598 100 58.6538 F=0.0094704663 L1=0.076535681 L2=0.074757708 L3=0.005845897
37 0.778074 313.301 F=1.3110659e-10 L1=1.2605494 L2=0.06678467 L3=0.084179946 acc=1.6e-63
inf 0.00563383 55.5863 F=7.3069991e-6 L1=177.48274 L2=0.080794948 L3=14.339948
inf 100 0.0512531 F=0.99565061 L1=0.084886068 L2=0.084885606 L3=0.013427452
376 0.015337 0.158738 F=0.08726847 L1=65.261215 L2=5.7990995 L3=378.49438
37 19.583 48.7083 F=0.027192107 L1=0.074660652 L2=0.058511114 L3=0.004192021
60 66.9708 0.256551 F=0.97792067 L1=0.086237096 L2=0.086231564 L3=0.013422916
29186 50.9056 1.17942 F=0.90620794 L1=0.081305674 L2=0.081229835 L3=0.0099186936
inf 2.56165 0.000331099 F=0.99986542 L1=0.40652749 L2=0.40647418 L3=0.16419381
205 0.00704523 55.4796 F=1.0764896e-5 L1=141.92083 L2=0.075896546 L3=10.771509
919308 0.00343446 2.48932 F=0.001302661 L1=291.19143 L2=0.40692555 L3=118.49947
13539 0.942905 30.5067 F=0.0098063393 L1=1.0568376 L2=0.094088957 L3=0.099981047 acc=3.1e-63
inf 62.8942 1 F=0.92010529 L1=0.081088207 L2=0.08104866 L3=0.010502586
inf 0.904555 1.63475 F=0.34411951 L1=1.1292761 L2=0.40473337 L3=0.46263782
40832 90.5181 37.4452 F=0.047883171 L1=0.082224239 L2=0.08070033 L3=0.0069954369
681 1.61051 669.572 F=2.223831e-22 L1=0.60113087 L2=0.069816252 L3=0.041969468
9475 93.7921 61.3001 F=0.0076823072 L1=0.076557459 L2=0.074528796 L3=0.00580939
5017 1 0.0136511 F=0.98602247 L1=1.0379281 L2=1.0241747 L3=1.0802835
50 0.00115359 2.23868 F=0.00048690191 L1=866.88433 L2=0.45293178 L3=392.64715
27150 116.223 0.814775 F=0.93489065 L1=0.08038097 L2=0.080372213 L3=0.011510375
13044 0.0160812 0.0286964 F=0.35846633 L1=62.249224 L2=22.396287 L3=1394.1967
37 1.32476 51.7507 F=0.0043186646 L1=0.72918695 L2=0.059496122 L3=0.04339558 acc=2.2e-63
41 0.144295 512.1 F=3.3091064e-17 L1=6.904353 L2=0.068034246 L3=0.46973049
inf 0.0199628 3.55825 F=0.0052511866 L1=50.112473 L2=0.28332016 L3=14.201881
38 49.1023 65.262 F=0.012759747 L1=0.063849018 L2=0.059744583 L3=0.0036755687
inf 0.003659 0.0001 F=0.97339069 L1=273.36539 L2=266.09486 L3=72741.172
61610 63.99 0.0393171 F=0.99664049 L1=0.085485308 L2=0.085484442 L3=0.012651375
13266 49.9827 3 F=0.78498772 L1=0.077207437 L2=0.076913871 L3=0.0073275316
21091 64.01 0.339384 F=0.97162798 L1=0.083952252 L2=0.083942905 L3=0.011943846
93 1.5 0.01 F=0.9930826 L1=0.69638759 L2=0.69181243 L3=0.49142056
64 0.01 512.1 F=1.2270139e-18 L1=99.97346 L2=0.068041743 L3=6.8023666
171206 1136.4 0.00116032 F=0.99990204 L1=0.08442131 L2=0.08442131 L3=0.014937347 acc=5.6e-68
51679 0.001 32.0904 F=9.8404862e-6 L1=999.99299 L2=0.093179332 L3=93.179237
409 1906.54 67.7246 F=0.0066475362 L1=0.069332906 L2=0.069331164 L3=0.0048527225
50 206.178 49.7752 F=0.031764748 L1=0.059700093 L2=0.059600205 L3=0.0034824997
40 1513.03 46.3104 F=0.042341011 L1=0.056548024 L2=0.056548024 L3=0.0030729974
1839 0.00106067 78.1622 F=2.4243304e-7 L1=942.77899 L2=0.075936157 L3=71.591106
38 0.001 632.531 F=6.9848062e-23 L1=999.97397 L2=0.068410259 L3=68.408478
130 1.68932 5.27448 F=0.22736094 L1=0.60399608 L2=0.15858738 L3=0.096488267
54 0.921465 33.0066 F=0.0089182431 L1=1.0685931 L2=0.073704566 L3=0.079506341
165715 568.018 0.00907428 F=0.99923379 L1=0.084435386 L2=0.084435384 L3=0.014776054
46788 39.3832 0.00141172 F=0.9998778 L1=0.08656003 L2=0.086559945 L3=0.011322377 acc=3.5e-68
379 0.01 33.6246 F=8.7102694e-5 L1=99.99063 L2=0.089528562 L3=8.952601
982 127.919 22.4241 F=0.17279725 L1=0.084501135 L2=0.083972001 L3=0.0071935773
10440 0.00869923 50.8778 F=1.6607437e-5 L1=114.93758 L2=0.082391862 L3=9.4702152
inf 0.0442249 0.110894 F=0.28319124 L1=22.672026 L2=6.5033029 L3=147.48247
100 0.00213444 33.4104 F=2.0174698e-5 L1=468.493 L2=0.082258943 L3=38.538424
8889 51.9459 0.0001 F=0.9999914 L1=0.086025155 L2=0.086025152 L3=0.012225043
38 1.62875 0.00873322 F=0.99441467 L1=0.6430101 L2=0.639604 L3=0.42012226
inf 84.4033 44.0161 F=0.028072035 L1=0.080492554 L2=0.078563694 L3=0.0066129727
34139 1.60549 21.9759 F=0.035755189 L1=0.62546754 L2=0.099279604 L3=0.062519058
100 115.654 700 F=2.1128772e-21 L1=0.070841964 L2=0.068582005 L3=0.0048565344 acc=1.6e-63
1282 3.001 54.236 F=0.0033773973 L1=0.32716867 L2=0.080131698 L3=0.026436576
2919 0.067784 0.0344097 F=0.66185692 L1=14.81543 L2=9.8468206 L3=145.92768
614620 2.999 0.158733 F=0.94783328 L1=0.34676751 L2=0.32907027 L3=0.11143579
inf 89.4983 42.8489 F=0.031058576 L1=0.080509242 L2=0.078792377 L3=0.0066472203
105973 2.999 1334.14 F=8.4102641e-43 L1=0.32034371 L2=0.070365903 L3=0.022541476
1684 2.04424 32.9375 F=0.015318178 L1=0.48739078 L2=0.091695974 L3=0.04520241
622119 2.999 0.000310038 F=0.99989265 L1=0.34628878 L2=0.34625228 L3=0.11651448
26544 109.36 0.01 F=0.9991493 L1=0.085074069 L2=0.085073997 L3=0.013678675
239 0.00145737 15.999 F=6.9037426e-5 L1=686.16771 L2=0.10182071 L3=69.866419
27865 21.3411 23.4169 F=0.12252117 L1=0.10354457 L2=0.092579263 L3=0.0096892914 acc=2.0e-63
inf 64 1334.37 F=4.1050436e-42 L1=0.077688496 L2=0.070357815 L3=0.0054659929
261373 2.64732 0.0707142 F=0.97293672 L1=0.39327644 L2=0.38289502 L3=0.14922578
52 2.34093 65.6827 F=0.0023359602 L1=0.40737297 L2=0.064336898 L3=0.026222181
45901 0.5 4 F=0.1049932 L1=2.0160915 L2=0.22828479 L3=0.46300332
35725 0.00307012 511.9 F=1.8024886e-20 L1=325.69555 L2=0.070944285 L3=23.10624
78191 123.952 40.4512 F=0.03920836 L1=0.079734453 L2=0.078793353 L3=0.0066142386
420989 0.00130197 8.36 F=0.00014017069 L1=768.07436 L2=0.13243008 L3=101.72095
477 64.01 511.9 F=1.3319261e-16 L1=0.076311266 L2=0.06958417 L3=0.00530971
436659 1.70724 0.000709095 F=0.99956656 L1=0.61151075 L2=0.61125746 L3=0.38027137
2154 102.561 511.9 F=9.378182e-17 L1=0.074489113 L2=0.070481545 L3=0.0052500899 acc=1.7e-63
25241 65.7773 0.055814 F=0.99523872 L1=0.085359467 L2=0.085358288 L3=0.012673809
60949 500 0.0453508 F=0.99618178 L1=0.084182878 L2=0.084182862 L3=0.014609633
inf 0.801244 47.41 F=0.0018858187 L1=1.2363849 L2=0.083905277 L3=0.10407076
893 96.5047 1.03125 F=0.91850857 L1=0.079801266 L2=0.079783695 L3=0.010896404
56 0.881939 0.0796187 F=0.91423217 L1=1.174636 L2=1.0790379 L3=1.2865895
61 1.34916 26.9372 F=0.019946618 L1=0.7322749 L2=0.083745954 L3=0.062375726
inf 0.302075 0.01 F=0.96741525 L1=3.3663387 L2=3.2599485 L3=11.009632
inf 74.9091 0.0426843 F=0.99636251 L1=0.085251811 L2=0.085251126 L3=0.012968963
inf 0.00486668 0.00228802 F=0.68010431 L1=205.54531 L2=139.83463 L3=28742.399
218496 0.0709509 0.1461 F=0.32410091 L1=14.152374 L2=4.6606852 L3=65.996517 acc=1.1e-61
inf 2.999 515 F=1.0669799e-17 L1=0.32077422 L2=0.070958755 L3=0.022763077
inf 0.00245506 59.7853 F=2.2748185e-6 L1=407.3047 L2=0.079570409 L3=32.4096
inf 73.711 21.3384 F=0.18082382 L1=0.087915378 L2=0.086541756 L3=0.0075522668
inf 45.3195 700 F=9.1574723e-23 L1=0.080784289 L2=0.070671754 L3=0.0057091675
inf 0.0779035 0.0620672 F=0.55445354 L1=12.897551 L2=7.2033977 L3=92.947013
30267 64 512 F=6.4884266e-17 L1=0.077663773 L2=0.070844858 L3=0.0055020789
3613 100.885 0.00210187 F=0.99982088 L1=0.085221583 L2=0.085221565 L3=0.013611948
65 0.371333 33.4064 F=0.0035608991 L1=2.6769029 L2=0.076649084 L3=0.20590392
277482 2.22984 963.225 F=1.4725755e-31 L1=0.43186432 L2=0.070513019 L3=0.03045248
inf 0.00271786 64 F=1.804673e-6 L1=367.91802 L2=0.07857293 L3=28.908562 acc=2.0e-68
9943 2415.31 515 F=1.4570741e-16 L1=0.070132949 L2=0.070096926 L3=0.0049161033
41 91.0084 55.7265 F=0.023411561 L1=0.059695731 L2=0.05860787 L3=0.0033428471
309030 0.104622 1.96608 F=0.048040474 L1=9.5857879 L2=0.49165152 L3=4.7205093
13320 0.081364 0.0200937 F=0.80093696 L1=12.353249 L2=9.9184161 L3=122.56776
38 118.084 0.0462585 F=0.99590674 L1=0.088492762 L2=0.08849262 L3=0.015374562
40 82.621 0.0131764 F=0.99883078 L1=0.088740486 L2=0.088740365 L3=0.01511777
1932 0.359434 0.135897 F=0.72068781 L1=2.8324381 L2=2.0654287 L3=5.8788636
9984 1.14125 5.75581 F=0.15408429 L1=0.88839884 L2=0.15937256 L3=0.1425631
147542 99.4687 0.357961 F=0.97033675 L1=0.0830723 L2=0.08306819 L3=0.012557016
407 0.051097 3.49114 F=0.013586951 L1=19.58991 L2=0.2861304 L3=5.6093798 acc=2.1e-64
443 100.031 22.2544 F=0.17231981 L1=0.084846208 L2=0.084024733 L3=0.0072945132
146047 0.01 22.4868 F=0.00024781975 L1=99.998545 L2=0.099033938 L3=9.9037975
inf 1290.74 50.0769 F=0.021519226 L1=0.073506199 L2=0.07349231 L3=0.0056154228
47 2.97435 0.0138221 F=0.99517483 L1=0.35077587 L2=0.34912748 L3=0.12056804
227783 0.001 23.1094 F=2.3323504e-5 L1=999.99818 L2=0.098730419 L3=98.730799
357 0.0179853 3.75 F=0.004489267 L1=55.619297 L2=0.26906535 L3=14.968995
988266 0.00735687 0.110192 F=0.062159713 L1=135.98889 L2=8.564887 L3=1164.7703
inf 4.63533 2.26256 F=0.65464515 L1=0.22908278 L2=0.16061485 L3=0.035951067
50 0.00200142 26.1084 F=3.6411198e-5 L1=499.63341 L2=0.083019429 L3=41.480502
8182 0.448155 0.0810425 F=0.843466 L1=2.280828 L2=1.936914 L3=4.4459749 acc=2.4e-62
37 0.536643 0.00484999 F=0.99079442 L1=1.915215 L2=1.8983905 L3=3.6655707
100 500 31.9222 F=0.089062865 L1=0.070740909 L2=0.070732177 L3=0.0055711614
542084 101.033 0.0501053 F=0.99574807 L1=0.084883812 L2=0.08488337 L3=0.013445714
1313 0.00116295 63.5607 F=8.2432076e-7 L1=859.86019 L2=0.077935353 L3=67.013671
4580 1.90243 1.71347 F=0.5129182 L1=0.54355064 L2=0.28700282 L3=0.15850023
22720 91.6433 9.61429 F=0.48669707 L1=0.076893691 L2=0.076483171 L3=0.00433992
584741 472.427 0.000200641 F=0.99998304 L1=0.084532965 L2=0.084532965 L3=0.014754708
90 0.782956 25.9082 F=0.013139834 L1=1.2707 L2=0.089644844 L3=0.11484063
46 1 3.001 F=0.23883004 L1=1.0169634 L2=0.25611096 L3=0.26408629
68009 517.294 0.000268039 F=0.99997735 L1=0.084518539 L2=0.084518539 L3=0.014783318 acc=2.9e-69
642180 2.66873 50.1781 F=0.0042015235 L1=0.36889987 L2=0.082466572 L3=0.030697687
750119 206.43 0.00160442 F=0.99986402 L1=0.084754648 L2=0.084754645 L3=0.014341172
117 4.03105 0.000973262 F=0.99975021 L1=0.25671843 L2=0.25665565 L3=0.059943921
inf 92.3482 515 F=6.0603727e-17 L1=0.075355021 L2=0.070824609 L3=0.0053369899
3935 4.05434 53.8229 F=0.0042457977 L1=0.24552686 L2=0.080709945 L3=0.020035874
807660 1140.07 0.01 F=0.99915645 L1=0.084351541 L2=0.08435154 L3=0.014904203
inf 112.448 0.000543477 F=0.99995375 L1=0.085108709 L2=0.085108705 L3=0.013740966
52 712.623 515 F=1.5008414e-15 L1=0.068059224 L2=0.068059214 L3=0.0046283054
inf 120.584 0.282444 F=0.97651138 L1=0.083275521 L2=0.083273427 L3=0.012983665
210 2.19126 58.9556 F=0.0020999095 L1=0.44357097 L2=0.075083611 L3=0.033455923 acc=3.2e-63
390721 0.0268332 0.040813 F=0.39563532 L1=37.331086 L2=14.845166 L3=554.23019
15883 201.648 0.066154 F=0.99442237 L1=0.084315678 L2=0.084315531 L3=0.014112365
100 47.3406 86.6824 F=0.0017300067 L1=0.073634998 L2=0.067393563 L3=0.0049474497
3845 65.9805 3.75 F=0.74485083 L1=0.074482506 L2=0.074249196 L3=0.0064306503
100 2.999 15.999 F=0.10531812 L1=0.34070612 L2=0.10089847 L3=0.034683416
556 64 0.000273959 F=0.99997646 L1=0.085921481 L2=0.085921476 L3=0.012918358
64 2.999 0.245965 F=0.92114141 L1=0.34787522 L2=0.32120729 L3=0.1103162
41 500 18.2956 F=0.23511336 L1=0.076252739 L2=0.076252719 L3=0.0074008099
81 2.21948 0.0794086 F=0.96393294 L1=0.4707883 L2=0.4544168 L3=0.21606399
365 0.33704 16 F=0.015457679 L1=2.9686379 L2=0.10165122 L3=0.30202231 acc=2.2e-64
inf 9.63603 9.70443 F=0.36948557 L1=0.12705694 L2=0.094899632 L3=0.010402776
934814 2.999 511.9 F=1.3300554e-17 L1=0.32077781 L2=0.070963685 L3=0.02276493
17841 500 0.01 F=0.99915542 L1=0.084455281 L2=0.084455278 L3=0.014741821
inf 88.6603 0.073825 F=0.99373767 L1=0.084871508 L2=0.084870642 L3=0.013180147
313 0.27702 34.1535 F=0.0022529392 L1=3.6004476 L2=0.088508083 L3=0.31924505
38 62.3701 0.00107308 F=0.99990419 L1=0.089280931 L2=0.089280912 L3=0.014794803
50 49.4896 23.5581 F=0.147648 L1=0.07626448 L2=0.073634744 L3=0.0068925016
inf 2.27093 0.179167 F=0.92389558 L1=0.45906674 L2=0.42522696 L3=0.1962913
138924 3.001 0.0329687 F=0.98871682 L1=0.34616222 L2=0.34233009 L3=0.11526179
584 114.23 0.003175 F=0.99972918 L1=0.085297965 L2=0.085297944 L3=0.013917722 acc=3.7e-67
750 0.0629494 1 F=0.057013022 L1=15.924072 L2=0.96185547 L3=15.331684
41 2.999 0.231409 F=0.92534584 L1=0.34837086 L2=0.32314852 L3=0.11160439
inf 8 0.197797 F=0.97369682 L1=0.1366772 L2=0.13419883 L3=0.011931278
50 1.5 564.945 F=6.2500121e-18 L1=0.64521993 L2=0.068221465 L3=0.044016047
3125 0.0425078 0.1 F=0.29646447 L1=23.585904 L2=7.07462 L3=166.90138
inf 0.00397039 0.00201799 F=0.66292717 L1=251.93057 L2=167.05632 L3=42086.641
37 0.0673213 2.999 F=0.020698899 L1=14.875217 L2=0.32929957 L3=4.9039587
197663 0.0168501 16.7754 F=0.00073962577 L1=59.347917 L2=0.10125258 L3=6.0094152
41699 14.498 13.7579 F=0.27945649 L1=0.11064027 L2=0.09513356 L3=0.0094394318
41 205.153 49.2414 F=0.0354106 L1=0.057332664 L2=0.057277493 L3=0.0031408883 acc=1.2e-63
424230 64.01 700 F=1.0727097e-22 L1=0.077685548 L2=0.070653532 L3=0.0054887583
1675 83.622 40.2002 F=0.038346034 L1=0.081057975 L2=0.079222456 L3=0.0067566414
38 64 63.9184 F=0.014491261 L1=0.061756161 L2=0.059335564 L3=0.0035190488
50 53.3531 0.288138 F=0.97503393 L1=0.086923479 L2=0.086913324 L3=0.013096806
29921 98.3082 73.8474 F=0.0030576634 L1=0.075524231 L2=0.073411771 L3=0.0055858752
1161 64.01 0.269369 F=0.97734204 L1=0.084386871 L2=0.084379789 L3=0.012171902
620 452.974 512 F=2.2673036e-16 L1=0.070050229 L2=0.069519269 L3=0.0048696312
39 0.001702 43.5414 F=9.8624091e-6 L1=587.51803 L2=0.060662671 L3=35.640622
50 2.53947 0.1 F=0.96044039 L1=0.41159471 L2=0.39583906 L3=0.16343239
906290 98.3043 64 F=0.0063131367 L1=0.076159979 L2=0.074225733 L3=0.0057396904 acc=2.1e-63
1694 0.00179129 0.0346861 F=0.048995821 L1=558.32305 L2=27.478021 L3=15341.658
38 12.4076 8.57258 F=0.42913212 L1=0.11369596 L2=0.096582884 L3=0.0093935453
inf 2.23075 2.05083 F=0.50727483 L1=0.46429616 L2=0.243849 L3=0.11497449
1683 66.7613 9.89835 F=0.46921508 L1=0.07936759 L2=0.078597394 L3=0.0046940328
24740 254.827 0.331727 F=0.97267452 L1=0.082387483 L2=0.082386916 L3=0.013378555
154496 2.64151 3.75 F=0.39505023 L1=0.39177631 L2=0.17035339 L3=0.067513117
50 0.0410118 67.0317 F=4.7172648e-5 L1=24.356541 L2=0.063873879 L3=1.5557834
50 0.145167 3 F=0.043590994 L1=6.909366 L2=0.32168814 L3=2.2278822
110 0.00472768 0.1 F=0.044857607 L1=211.58312 L2=9.6080462 L3=2032.9422
41 0.124232 0.0182315 F=0.87101233 L1=8.1132463 L2=7.0825027 L3=57.504604 acc=1.6e-62
37487 1.49538 3.001 F=0.3193427 L1=0.68475787 L2=0.23108837 L3=0.16066907
521 62.7667 0.00122145 F=0.99989501 L1=0.085958437 L2=0.08595841 L3=0.012882161
inf 2.63032 46.2642 F=0.0057566247 L1=0.37539816 L2=0.084186322 L3=0.031930529
67848 29.7036 40 F=0.031031076 L1=0.092153524 L2=0.08316085 L3=0.0079999558
148 12.9989 48.6407 F=0.0140448 L1=0.10419014 L2=0.074669803 L3=0.0079411559
7248 100 0.005632 F=0.99952023 L1=0.085189269 L2=0.085189221 L3=0.013574946
119213 0.00476965 66.7067 F=2.562652e-6 L1=209.64072 L2=0.078026345 L3=16.357647
547 0.0335489 3.92714 F=0.0079630354 L1=29.824905 L2=0.25638322 L3=7.6500826
1195 3.31515 3.75 F=0.44792403 L1=0.31475322 L2=0.15795489 L3=0.050002704
263 0.0408607 20.4871 F=0.0012287076 L1=24.472303 L2=0.099034097 L3=2.4242316 acc=4.2e-66
2063 2.44483 0.055612 F=0.97683555 L1=0.42627718 L2=0.41668198 L3=0.17746837
213 0.00254187 0.001 F=0.71761508 L1=393.47836 L2=282.4038 L3=111119.83
42664 56.7857 59.8707 F=0.007642702 L1=0.080166635 L2=0.075842543 L3=0.0061953449
inf 1.5 3.001 F=0.32001084 L1=0.68268854 L2=0.2308748 L3=0.16003805
102 0.210906 0.010092 F=0.95375851 L1=4.8012177 L2=4.5843633 L3=22.049672
835534 71.9505 0.0166398 F=0.99857836 L1=0.085450082 L2=0.085449799 L3=0.012957712
19270 3.93601 786.956 F=5.8558272e-26 L1=0.24568259 L2=0.070591276 L3=0.017343559
4622 3.001 0.000129588 F=0.99995516 L1=0.34606811 L2=0.34605287 L3=0.11637269
46 126.537 0.000524714 F=0.99995377 L1=0.088107849 L2=0.088107847 L3=0.015405529
2417 2.999 64.7533 F=0.0014524599 L1=0.32581895 L2=0.077871678 L3=0.025505722 acc=3.5e-63
202999 1.5 1.77347 F=0.44494383 L1=0.68626496 L2=0.31567273 L3=0.22008722
18271 149.908 0.22748 F=0.98103623 L1=0.083420116 L2=0.083419069 L3=0.013359726
148 100.006 0.000103068 F=0.99999113 L1=0.086089221 L2=0.08608922 L3=0.014189537
59894 1.18911 29.4556 F=0.013330026 L1=0.83857665 L2=0.094821672 L3=0.080053961
41 0.296912 0.199322 F=0.59209869 L1=3.4202314 L2=2.0619967 L3=7.0816677
inf 0.00172878 61.6859 F=1.3777678e-6 L1=578.42509 L2=0.079094614 L3=45.750492
inf 0.01 0.0001 F=0.99009245 L1=100.06629 L2=99.076184 L3=9914.2332
111 16 0.149506 F=0.98573666 L1=0.096281904 L2=0.096035913 L3=0.008401973
870541 0.410578 0.186369 F=0.68171416 L1=2.4831627 L2=1.7180119 L3=4.291784
50 15.3885 0.210248 F=0.97954952 L1=0.098526163 L2=0.098139454 L3=0.0092176649 acc=2.0e-63
41 0.001 875.147 F=3.6594663e-30 L1=999.97413 L2=0.068852745 L3=68.850964
1447 0.0180141 0.191058 F=0.085200154 L1=55.570308 L2=4.8351394 L3=268.72656
44 132.717 198.225 F=2.8652462e-6 L1=0.065780803 L2=0.065215504 L3=0.0042703138
205 64.01 0.078346 F=0.99327748 L1=0.085874274 L2=0.085872504 L3=0.012991313
40 62.0214 5.63686 F=0.6369331 L1=0.078606583 L2=0.078237257 L3=0.0050025263
199266 0.5 4 F=0.10499314 L1=2.0160922 L2=0.22828595 L3=0.46300562
2903 0.01 8.36 F=0.0010754671 L1=100.00717 L2=0.13234483 L3=13.240233
283 2.57109 0.155066 F=0.94081559 L1=0.40538463 L2=0.38205306 L3=0.15436389
40 64.01 3.18156 F=0.77084009 L1=0.077784833 L2=0.077624306 L3=0.006980022
inf 0.237986 127.104 F=1.3294326e-6 L1=4.1803823 L2=0.073752662 L3=0.30834318 acc=1.6e-64
inf 2.87482 0.174339 F=0.9406337 L1=0.36196569 L2=0.34097353 L3=0.12130996
41 124.779 52.4151 F=0.02907357 L1=0.058325713 L2=0.057898549 L3=0.003221204
inf 0.001 0.00112156 F=0.47131695 L1=1000.0666 L2=471.41868 L3=471450.11
125 13.3824 0.0632305 F=0.99358318 L1=0.10198693 L2=0.10180227 L3=0.0077661771
50782 1.5 4.1665 F=0.25141926 L1=0.68038298 L2=0.18701263 L3=0.1287761
inf 2.01631 0.001 F=0.99948257 L1=0.51768795 L2=0.51743015 L3=0.27106153
41 51.194 512.1 F=1.9575697e-15 L1=0.072788475 L2=0.068047362 L3=0.0049492528
40389 1 0.125155 F=0.88478715 L1=1.0361065 L2=0.92245733 L3=0.97096996
478 1.66764 0.195521 F=0.89077149 L1=0.62489849 L2=0.5594748 L3=0.35559741
40 0.105725 16 F=0.0048492398 L1=9.4588273 L2=0.10270916 L3=0.9725456 acc=2.6e-65
inf 0.131219 40 F=0.00062272909 L1=7.6101579 L2=0.087991128 L3=0.6700757
48511 995.017 0.120818 F=0.98990522 L1=0.083518746 L2=0.083518735 L3=0.014479509
78218 100 57.4029 F=0.010364652 L1=0.076789074 L2=0.07503645 L3=0.0058980999
inf 1900.05 0.00364068 F=0.99969283 L1=0.084371119 L2=0.084371119 L3=0.01498056
inf 45.0261 0.139866 F=0.98804769 L1=0.085677266 L2=0.085670361 L3=0.011524065
37 0.015158 30.1049 F=0.00020985337 L1=65.951631 L2=0.069594944 L3=4.5909412
64 596.608 40 F=0.054326841 L1=0.062825395 L2=0.062825087 L3=0.0041609282
inf 179.004 0.0001 F=0.99999152 L1=0.084828531 L2=0.08482853 L3=0.014235209
31364 0.112403 2.21066 F=0.045923887 L1=8.9222681 L2=0.43771377 L3=3.9121314
7452 258.935 0.000112066 F=0.99999051 L1=0.084698569 L2=0.084698569 L3=0.014506396 acc=4.9e-70
53222 4.59165 63.99 F=0.0020368266 L1=0.21745365 L2=0.078291646 L3=0.017154785
289 0.0200245 0.0553925 F=0.26457688 L1=50.002697 L2=13.321402 L3=666.14958
64 0.0929801 0.000426861 F=0.99540257 L1=10.819782 L2=10.770618 L3=116.58017
445594 64.01 1.49308 F=0.88453258 L1=0.07923504 L2=0.079167976 L3=0.0095876839
inf 0.137609 14.2065 F=0.0077494049 L1=7.2685611 L2=0.10218865 L3=0.74271025
131 43.6972 24.3508 F=0.13237335 L1=0.086507259 L2=0.08283857 L3=0.0077558734
64 84.5223 700 F=3.3934866e-21 L1=0.071356811 L2=0.068571744 L3=0.0048910245
inf 0.126827 681.978 F=4.2659961e-24 L1=7.8597925 L2=0.070726674 L3=0.55589803
40 2.22211 1.49478 F=0.58475405 L1=0.46718438 L2=0.27981205 L3=0.13346068
1912 0.001 40 F=4.8443723e-6 L1=999.98864 L2=0.087422611 L3=87.422072 acc=3.1e-69
86 336.449 89.7793 F=0.0020624252 L1=0.065177146 L2=0.065101604 L3=0.0042244472
41805 0.815816 157.648 F=4.6016718e-7 L1=1.2055116 L2=0.073031574 L3=0.08805811
9624 3.02964 0.00242709 F=0.99916885 L1=0.34273258 L2=0.3424528 L3=0.11386204
97 1.18215 45.2254 F=0.0040280304 L1=0.82925282 L2=0.073811334 L3=0.061511727
27021 48.1558 3 F=0.78455759 L1=0.077485288 L2=0.077169661 L3=0.0073332568
inf 1.06771 0.1 F=0.91116881 L1=0.97178988 L2=0.8896892 L3=0.8790673
inf 0.00293874 0.298285 F=0.0095955709 L1=340.33696 L2=3.3659136 L3=1145.577
64 2.43969 64.01 F=0.002369729 L1=0.39191676 L2=0.066384864 L3=0.026056011
inf 0.001 0.0730406 F=0.013443472 L1=1000.0633 L2=13.566834 L3=13567.736
828 72.9881 515 F=8.5007052e-17 L1=0.075916341 L2=0.070043584 L3=0.0053173334 acc=1.7e-63
60 0.5 40 F=0.0029754628 L1=1.9796693 L2=0.070049486 L3=0.13909139
48 45.2512 0.0167667 F=0.99850977 L1=0.088899934 L2=0.088899243 L3=0.013558371
5579 0.00736887 1.34292 F=0.0052166361 L1=135.74034 L2=0.7558081 L3=102.60554
64539 1.18498 0.00828786 F=0.99277229 L1=0.87820917 L2=0.87219052 L3=0.77989951
41 0.25 55.9851 F=0.00064656993 L1=3.9727577 L2=0.061167945 L3=0.24304066
45522 1.5 240.232 F=2.0016131e-9 L1=0.64814473 L2=0.072011674 L3=0.046681182
inf 0.902485 23.6921 F=0.018167017 L1=1.1079467 L2=0.098444196 L3=0.1095823
37 0.0167155 0.987083 F=0.015993319 L1=59.865254 L2=1.0189825 L3=61.018451
41 76.498 512.1 F=2.1256258e-15 L1=0.070217244 L2=0.068047355 L3=0.0047742868
inf 2.5757 3.13693 F=0.43440302 L1=0.4020603 L2=0.18713829 L3=0.07630216 acc=3.1e-62
154004 73.9997 0.000286754 F=0.99997548 L1=0.085510071 L2=0.085510066 L3=0.013057699
inf 1932.53 0.0486102 F=0.99591497 L1=0.08401922 L2=0.084019219 L3=0.014812988
711 2.10829 30.7672 F=0.019287266 L1=0.47336998 L2=0.092488763 L3=0.04432439
inf 500 63.6099 F=0.007805644 L1=0.072159304 L2=0.072050023 L3=0.0052881882
559 44.9085 0.011558 F=0.99900097 L1=0.086453999 L2=0.086453482 L3=0.011922082
40 660.125 1375.9 F=3.4883508e-41 L1=0.069273205 L2=0.069273204 L3=0.0047982487
40 1154.82 700 F=6.2658879e-21 L1=0.068571429 L2=0.068571429 L3=0.0047000001
16102 115.207 0.0001 F=0.99999149 L1=0.085101164 L2=0.085101163 L3=0.013780093
40 0.5 0.0860852 F=0.84943147 L1=2.0502353 L2=1.7541914 L3=3.6243264
40964 1.71312 41.2767 F=0.0062475884 L1=0.57732958 L2=0.086941208 L3=0.050601512 acc=3.7e-63
inf 0.465839 20.0066 F=0.014121066 L1=2.1473294 L2=0.10013745 L3=0.21546419
9192 0.348773 8.36 F=0.035973206 L1=2.8736222 L2=0.12803814 L3=0.37277651
2473 0.967757 0.0409973 F=0.95786219 L1=1.0714618 L2=1.0286088 L3=1.1194685
387 0.0174029 26.5649 F=0.0002905765 L1=57.456987 L2=0.095112582 L3=5.46555
107516 2.72334 2.999 F=0.45940495 L1=0.38099787 L2=0.18700977 L3=0.072200722
486 10.9079 0.00471072 F=0.99947675 L1=0.11113087 L2=0.11110583 L3=0.0071756003
4652 8 596.639 F=6.7105537e-20 L1=0.1360715 L2=0.070668001 L3=0.0096163809
4883 45.3269 67.9429 F=0.0039454368 L1=0.081429939 L2=0.075100632 L3=0.0061788405
150 0.0158498 47.1979 F=4.7797796e-5 L1=63.074353 L2=0.076831485 L3=4.8464082
152106 107.545 39.8251 F=0.040485088 L1=0.080555913 L2=0.079366332 L3=0.0067317767 acc=2.8e-63
67489 89.2525 27.8737 F=0.10541131 L1=0.085734429 L2=0.084501481 L3=0.0075457833
100 64.01 0.00334732 F=0.99970888 L1=0.086974343 L2=0.086974274 L3=0.013640857
373938 64 997.652 F=8.1367097e-32 L1=0.077686492 L2=0.070469403 L3=0.0054745207
1284 0.33009 0.000145999 F=0.9995498 L1=3.0849393 L2=3.0835954 L3=9.5478012
258465 0.001 0.266452 F=0.0036829529 L1=1000.056 L2=3.7869311 L3=3787.1766
840219 1.69771 3 F=0.34749344 L1=0.60455393 L2=0.22213245 L3=0.13644302
130 2950.24 13.8738 F=0.35675808 L1=0.079014299 L2=0.079014299 L3=0.0056420402
79 1.17266 0.221526 F=0.83510856 L1=0.88557805 L2=0.74641408 L3=0.67296336
37 21.48 0.00233283 F=0.99978288 L1=0.093078613 L2=0.093077448 L3=0.010970358
inf 1.26455 0.00921997 F=0.99246149 L1=0.82362066 L2=0.81772927 L3=0.6860822 acc=5.5e-65
41 66.1379 1 F=0.917684 L1=0.083264989 L2=0.083235764 L3=0.011500656
103 0.00852568 0.136365 F=0.058347654 L1=117.35405 L2=6.9585732 L3=816.6565
47 7.09816 1 F=0.86503819 L1=0.15480491 L2=0.13984753 L3=0.018664806
534 118.636 0.000120509 F=0.99998972 L1=0.085311157 L2=0.085311156 L3=0.013990693
inf 107.817 16 F=0.29358154 L1=0.083903972 L2=0.083380906 L3=0.0062670243
528 0.58569 81.4094 F=0.00010671427 L1=1.6881644 L2=0.074534567 L3=0.12590231
267001 6.32747 2.999 F=0.64613877 L1=0.17420806 L2=0.13031411 L3=0.021962422
197211 2.999 3.75 F=0.42454122 L1=0.346562 L2=0.16342097 L3=0.057135359
inf 1467.55 16 F=0.31040929 L1=0.079654173 L2=0.079650957 L3=0.0056171701
166011 0.687032 3.001 F=0.17747251 L1=1.4742299 L2=0.27752997 L3=0.41284436 acc=3.6e-62
50 0.25 0.0450156 F=0.84519129 L1=4.0581902 L2=3.4464257 L3=14.022749
41 99.1176 0.108867 F=0.99044117 L1=0.087828979 L2=0.087828315 L3=0.014902138
38 42.3919 0.292834 F=0.97426137 L1=0.088271774 L2=0.088255137 L3=0.012930325
1020 1.02375 0.38676 F=0.71701621 L1=1.0091301 L2=0.73515681 L3=0.75330077
100106 239.204 0.0272131 F=0.99770009 L1=0.084513696 L2=0.084513655 L3=0.014352819
inf 29.9441 2.999 F=0.77740339 L1=0.082156265 L2=0.081318151 L3=0.0074763436
64 8.71197 0.0288596 F=0.9963063 L1=0.12845526 L2=0.12816567 L3=0.010624919
20952 100 2.67435 F=0.81008421 L1=0.074157977 L2=0.074093833 L3=0.0077462369
14966 500 0.114235 F=0.99043863 L1=0.083676173 L2=0.08367613 L3=0.014367701
inf 0.58949 3 F=0.1562642 L1=1.7154705 L2=0.28469026 L3=0.49225365 acc=2.8e-62
1364 155.138 0.001 F=0.99991501 L1=0.084988956 L2=0.084988952 L3=0.01417528
40 0.65177 69.6937 F=0.00071393635 L1=1.5075949 L2=0.061775174 L3=0.093131979
41 0.5 399.425 F=2.2999252e-13 L1=1.9748204 L2=0.067478026 L3=0.13325368
132 0.0270476 0.0013303 F=0.95303785 L1=37.038236 L2=35.305018 L3=1307.6824
38 1.80172 64.8196 F=0.0025154886 L1=0.53111406 L2=0.060971731 L3=0.032359501
inf 8 388.905 F=1.5564949e-13 L1=0.13635919 L2=0.071256958 L3=0.0097176691
100 1.5 15.999 F=0.060828891 L1=0.67007884 L2=0.10156705 L3=0.068464539
1505 2.22667 700 F=2.4106869e-23 L1=0.43231862 L2=0.070248083 L3=0.030370316
100 1.5 64 F=0.0012856675 L1=0.64798615 L2=0.070115518 L3=0.045522312
134922 1.94855 511.9 F=9.482438e-18 L1=0.49570228 L2=0.07095937 L3=0.035176256 acc=3.3e-63
2429 1.56407 0.000908233 F=0.99939431 L1=0.6672839 L2=0.66689882 L3=0.45330792
11350 93.9162 0.000403495 F=0.99996559 L1=0.085271846 L2=0.085271842 L3=0.013489444
187 0.00449432 16 F=0.00021257177 L1=222.50416 L2=0.10189503 L3=22.672439
100 1.74741 0.074053 F=0.95754941 L1=0.59783121 L2=0.57357714 L3=0.34909991
138 0.00159624 0.00108341 F=0.59564642 L1=626.53911 L2=373.25014 L3=233855.86
323098 64.01 0.135908 F=0.9884699 L1=0.08497418 L2=0.08497094 L3=0.01241739
inf 0.00360037 0.10556 F=0.032766266 L1=277.81139 L2=9.2190767 L3=2561.2057
459169 8 67.7963 F=0.0020708449 L1=0.1390337 L2=0.077410987 L3=0.010852289
49844 42.9503 413.226 F=5.9974645e-14 L1=0.081349644 L2=0.071083449 L3=0.0057826135
inf 2.37514 0.152619 F=0.93716633 L1=0.43884448 L2=0.41208828 L3=0.18124382 acc=3.8e-63
inf 1 0.2875 F=0.76931381 L1=1.0338369 L2=0.80559223 L3=0.84568695
214888 91.0624 20.8122 F=0.19293535 L1=0.086610908 L2=0.085690716 L3=0.0073174912
223 2.56608 0.000453553 F=0.99981582 L1=0.40615064 L2=0.40607785 L3=0.16412601
1287 20.1004 45.4122 F=0.018017858 L1=0.097160876 L2=0.081130855 L3=0.008149032
64 0.0134281 499.133 F=3.9788405e-18 L1=74.444374 L2=0.067992086 L3=5.0616264
154652 40.2223 0.239558 F=0.97959779 L1=0.085603897 L2=0.085587606 L3=0.011014104
813 2.77598 26.667 F=0.035074768 L1=0.36392046 L2=0.09554851 L3=0.035284254
89830 0.001 34.0169 F=8.2332743e-6 L1=999.99194 L2=0.091878643 L3=91.878439
19510 79.0334 0.007794 F=0.99933446 L1=0.08539699 L2=0.085396881 L3=0.013168791
4415 0.215392 511.9 F=1.3351881e-18 L1=4.6181767 L2=0.070798633 L3=0.32696243 acc=1.3e-64
inf 1.81927 0.000321864 F=0.99981532 L1=0.57389698 L2=0.57379545 L3=0.33450359
37 2.04354 142.381 F=2.2432781e-5 L1=0.46723416 L2=0.063719659 L3=0.02975754
24659 1.70478 3 F=0.34843093 L1=0.60209452 L2=0.22183081 L3=0.13570639
271678 100 0.00166868 F=0.99985783 L1=0.085197339 L2=0.085197324 L3=0.013573552
inf 23.164 26.9884 F=0.090057806 L1=0.10115609 L2=0.090645316 L3=0.0094414984
inf 0.0872374 396.101 F=1.8906365e-15 L1=11.438399 L2=0.071243039 L3=0.81490942
51 0.184084 0.212378 F=0.45894113 L1=5.4866959 L2=2.5706498 L3=14.135801
194000 0.632163 5.95331 F=0.089206331 L1=1.5942467 L2=0.16447895 L3=0.26335636
7560 64.01 152.573 F=8.9741478e-6 L1=0.077588949 L2=0.072221007 L3=0.0056035996
37 0.00514287 0.118212 F=0.041375706 L1=194.508 L2=8.1665429 L3=1588.4995 acc=1.7e-63
inf 0.247698 0.272437 F=0.46982998 L1=4.0864749 L2=1.9647681 L3=8.0558438
60 0.0182249 33.0288 F=0.00018807064 L1=54.852914 L2=0.075872419 L3=4.1625809
50 82.3811 24.9243 F=0.14118715 L1=0.071169966 L2=0.070197835 L3=0.006192037
100 5.87904 0.230987 F=0.96043906 L1=0.17863505 L2=0.17240763 L3=0.024950864
39 119.688 0.0810533 F=0.9928583 L1=0.088122597 L2=0.088122343 L3=0.015209495
inf 1.14051 0.00970283 F=0.99122646 L1=0.91194655 L2=0.90436147 L3=0.83942061
1252 0.465602 512 F=3.445941e-18 L1=2.1238796 L2=0.07040669 L3=0.14953708
122481 216.138 0.000206706 F=0.99998248 L1=0.084746984 L2=0.084746983 L3=0.014379157
40 2.26569 27.8704 F=0.029793732 L1=0.42853526 L2=0.073983987 L3=0.032883705
29828 0.0137036 2.999 F=0.0042905497 L1=72.995296 L2=0.33627538 L3=24.551523 acc=2.1e-65
306400 0.780555 64 F=0.00048128895 L1=1.2654917 L2=0.078531554 L3=0.099539943
40 0.00253311 0.30671 F=0.0080477966 L1=394.82775 L2=3.2814765 L3=1295.651
41 100 0.534511 F=0.95469165 L1=0.084998869 L2=0.084994622 L3=0.013314387
64 16 29.2368 F=0.074345834 L1=0.094811841 L2=0.075823046 L3=0.0079686916
2758 64.9289 0.975184 F=0.92199676 L1=0.081103813 L2=0.08106796 L3=0.010607026
592200 0.21462 68.5155 F=9.8134286e-5 L1=4.641351 L2=0.07770356 L3=0.36078462
159 0.0080344 700 F=7.0309831e-25 L1=124.4383 L2=0.068681468 L3=8.5466048
822 0.00101612 15.999 F=4.8275561e-5 L1=984.13356 L2=0.10161672 L3=100.00467
24218 0.01 0.01 F=0.49967074 L1=100.06583 L2=50.065455 L3=5009.8878
71513 63.99 64.01 F=0.0057553462 L1=0.078802848 L2=0.075050173 L3=0.0060006406 acc=2.2e-63
inf 0.377986 16 F=0.017312162 L1=2.6473994 L2=0.10147213 L3=0.26880562
inf 101.78 0.00619873 F=0.99947218 L1=0.085153057 L2=0.085153006 L3=0.013585686
53043 172.496 0.000295982 F=0.99997489 L1=0.084847531 L2=0.08484753 L3=0.014204929
inf 82.4909 66.1221 F=0.0052042564 L1=0.076943315 L2=0.074343655 L3=0.0057946393
40 500 57.5261 F=0.022242372 L1=0.058302212 L2=0.058302178 L3=0.0032403151
3937 0.496452 0.0171368 F=0.9658053 L1=2.0642875 L2=1.9966015 L3=4.1507552
inf 0.0579986 48.542 F=0.0001334153 L1=17.227627 L2=0.083484543 L3=1.4385649
40 51.8266 515 F=1.6609822e-15 L1=0.072609686 L2=0.068058325 L3=0.0049379248
73 80.4423 0.01 F=0.99912835 L1=0.087169621 L2=0.087169499 L3=0.014357642
202 16 0.00045199 F=0.99995675 L1=0.095693845 L2=0.0956931 L3=0.0078076589 acc=1.6e-68
inf 0.5 0.709465 F=0.40320411 L1=2.0359963 L2=0.85092859 L3=1.746293
6364 16 512 F=3.6384923e-17 L1=0.099246824 L2=0.070831876 L3=0.0070299782
956307 51.4074 40.9909 F=0.032591432 L1=0.08510291 L2=0.081040033 L3=0.0072224335
64 16 1 F=0.9082912 L1=0.097015686 L2=0.09535943 L3=0.0094522328
978862 8 65.1904 F=0.0025349896 L1=0.13928605 L2=0.077844115 L3=0.010946403
237 0.00407649 0.226553 F=0.017443574 L1=245.3667 L2=4.3865491 L3=1076.3484
191903 500 2.14855 F=0.84574993 L1=0.072907479 L2=0.072905576 L3=0.0087946324
487 1.89478 26.9372 F=0.025391788 L1=0.52789077 L2=0.094918995 L3=0.050682254
113 0.191123 92.5734 F=2.3948335e-5 L1=5.2082676 L2=0.069224163 L3=0.36058223
181181 40 57.2791 F=0.0084917206 L1=0.084045984 L2=0.077056985 L3=0.006613651 acc=2.5e-63
733926 1596.67 0.257731 F=0.97872884 L1=0.082463932 L2=0.082463921 L3=0.014039759
518378 100 1.53469 F=0.88304852 L1=0.077554301 L2=0.077525517 L3=0.009775337
310043 66.4258 0.0127784 F=0.99890664 L1=0.085574981 L2=0.085574726 L3=0.012798815
647 8 0.00627093 F=0.99915126 L1=0.13546658 L2=0.13538568 L3=0.011100528
inf 63.99 3 F=0.78754155 L1=0.075582381 L2=0.075400934 L3=0.0072985016
501 0.01 64 F=7.1934102e-6 L1=99.98093 L2=0.07669425 L3=7.6681166
72 0.207887 0.209984 F=0.49191125 L1=4.8636346 L2=2.4404933 L3=11.900296
777813 108.125 0.01 F=0.99914925 L1=0.085078639 L2=0.085078565 L3=0.013659687
31764 2.91717 0.016469 F=0.99416731 L1=0.35624368 L2=0.35420657 L3=0.12324932
inf 0.174953 512.1 F=9.8561561e-19 L1=5.6912701 L2=0.070964857 L3=0.40388202 acc=8.8e-65
64 97.1874 26.3422 F=0.12792602 L1=0.072566126 L2=0.071768617 L3=0.0061488883
84928 2.45385 3.48829 F=0.39608717 L1=0.42108377 L2=0.18077359 L3=0.07716605
76315 1.5 61.0544 F=0.0010915451 L1=0.65397442 L2=0.079142089 L3=0.051931841
7605 0.25 0.289868 F=0.45653772 L1=4.048787 L2=1.89364 L3=7.6932209
12317 43.7195 0.0575507 F=0.99505025 L1=0.086100924 L2=0.086098084 L3=0.011590332
164059 0.00468767 2.999 F=0.001471869 L1=213.34756 L2=0.33724444 L3=71.955299
621 0.230053 8.36 F=0.024077556 L1=4.3535098 L2=0.12964464 L3=0.5692328
492 1 0.278812 F=0.77470007 L1=1.034102 L2=0.81124757 L3=0.85196423
4933 0.509999 0.00284246 F=0.99431601 L1=2.0108173 L2=1.9998703 L3=4.0507154
41 76.8828 0.000296647 F=0.99997366 L1=0.08880201 L2=0.088802007 L3=0.015033544 acc=4.0e-69
210293 0.672639 67.4408 F=0.00032017389 L1=1.4701743 L2=0.077870223 L3=0.11462049
126515 357.872 0.0045997 F=0.99961105 L1=0.084558248 L2=0.084558245 L3=0.01463788
1089 100 16.5285 F=0.27935218 L1=0.084443232 L2=0.083821976 L3=0.0064979762
56151 1.04571 55.6766 F=0.001219784 L1=0.94309378 L2=0.080658269 L3=0.076296639
8418 63.99 416.825 F=5.6921015e-14 L1=0.077601134 L2=0.070953745 L3=0.0055060899
71988 1.96232 0.1 F=0.949456 L1=0.53163224 L2=0.50577028 L3=0.27235769
inf 3.001 40 F=0.010876601 L1=0.33221138 L2=0.087487848 L3=0.02947237
41 57.4168 0.179986 F=0.98419109 L1=0.08797406 L2=0.08796932 L3=0.0138678
33643 500 0.208175 F=0.98271627 L1=0.082990228 L2=0.082990143 L3=0.014035109
37 0.00202796 110.139 F=2.0509886e-7 L1=493.07686 L2=0.062763368 L3=30.947159 acc=8.7e-69
6249 138.674 0.285076 F=0.97632475 L1=0.083136147 L2=0.083134548 L3=0.013124719
inf 128.68 88.6271 F=0.0010976841 L1=0.074009136 L2=0.072465485 L3=0.0053759999
155 1.34184 0.00953404 F=0.99264231 L1=0.77724339 L2=0.77181933 L3=0.61159862
64386 0.25 181.356 F=2.6427248e-8 L1=3.9773953 L2=0.072653047 L3=0.28898414
12383 336.902 639.271 F=1.5753722e-20 L1=0.071419566 L2=0.070452775 L3=0.005031706
120189 89.3616 60.5735 F=0.0080037448 L1=0.076986779 L2=0.074812023 L3=0.0058695944
179714 76.8213 511.9 F=6.9975849e-17 L1=0.076418596 L2=0.070846572 L3=0.0054139956
170 52.5626 0.105489 F=0.99092002 L1=0.086197747 L2=0.086194107 L3=0.012536182
100 2.999 0.01 F=0.99654171 L1=0.34703014 L2=0.34585618 L3=0.11730397
2056 1503.47 0.0757981 F=0.99363969 L1=0.083885136 L2=0.083885133 L3=0.014732582 acc=2.4e-64
434053 0.5 0.00050638 F=0.99896279 L1=2.0503605 L2=2.0483228 L3=4.2295133
4828 2.01933 123.716 F=1.2523101e-5 L1=0.48031055 L2=0.073692815 L3=0.035420638
182 0.5 26.2969 F=0.0082150823 L1=1.9950979 L2=0.093282535 L3=0.186852
272 3.001 3.001 F=0.48279175 L1=0.34663726 L2=0.17956157 L3=0.062962464
91613 3 7.98093 F=0.24057979 L1=0.33910163 L2=0.10883943 L3=0.039970404
699 1.5 0.000568356 F=0.99960475 L1=0.69569084 L2=0.69542923 L3=0.49302701
46 0.513675 0.123577 F=0.80124645 L1=1.9953363 L2=1.6146655 L3=3.2479476
inf 3.001 0.0917657 F=0.96919955 L1=0.34634423 L2=0.33589218 L3=0.11336385
15810 19.9213 39.0931 F=0.029888512 L1=0.10011507 L2=0.084763763 L3=0.0088315709
48 92.5492 3.75 F=0.74206513 L1=0.075236169 L2=0.075146891 L3=0.0061897982 acc=3.8e-62
57 40 1353.4 F=8.3941913e-41 L1=0.077586661 L2=0.069261119 L3=0.0053731931
inf 1 8.36 F=0.095487512 L1=1.005268 L2=0.12059739 L3=0.1258213
30644 3.001 0.0113921 F=0.99607283 L1=0.34609299 L2=0.3447588 L3=0.11597683
37 0.0015616 16 F=7.2234724e-5 L1=640.36703 L2=0.10284917 L3=65.862331
inf 0.888283 511.9 F=4.7458017e-18 L1=1.1038437 L2=0.070965175 L3=0.078336181
37 0.00251061 21.7615 F=6.6822134e-5 L1=398.30146 L2=0.088365149 L3=35.197633
28418 0.77735 0.158988 F=0.82497335 L1=1.3263532 L2=1.1045397 L3=1.4835743
2278 2.64303 1095.48 F=2.1216707e-35 L1=0.36340763 L2=0.070150841 L3=0.025493647
89293 1 43.751 F=0.0031500472 L1=0.99024475 L2=0.085692636 L3=0.085238028
289 0.381068 0.1 F=0.7880893 L1=2.6752202 L2=2.126949 L3=5.7195686 acc=4.4e-62
41360 0.00165128 0.026587 F=0.058374822 L1=605.65753 L2=35.477327 L3=21487.156
6115 2172.44 0.01 F=0.9991566 L1=0.084336468 L2=0.084336468 L3=0.014981916
inf 0.01 0.000399114 F=0.96159492 L1=100.06627 L2=96.228293 L3=9629.2539
4615 8 25.3277 F=0.074924229 L1=0.15014691 L2=0.0957265 L3=0.014663832
inf 0.154377 0.103802 F=0.59439309 L1=6.5347618 L2=3.9271201 L3=25.698821
inf 2.75879 700 F=2.0447159e-23 L1=0.34848549 L2=0.070707786 L3=0.024641386
inf 1.52459 50.7885 F=0.0025314172 L1=0.64561255 L2=0.082363178 L3=0.053454217
144418 16 15.1415 F=0.25040963 L1=0.10858445 L2=0.094992504 L3=0.0094566035
inf 1.89391 51.7609 F=0.0028062997 L1=0.51878106 L2=0.081945491 L3=0.042775803
inf 3.73206 8.03944 F=0.27629464 L1=0.27418974 L2=0.10464441 L3=0.030838173 acc=1.3e-62
873827 2.263 40 F=0.0087653203 L1=0.43803004 L2=0.087623928 L3=0.038799735
4571 1513.5 0.249486 F=0.97938751 L1=0.082552275 L2=0.082552264 L3=0.014082002
890 166.154 62.8996 F=0.0078090641 L1=0.07318143 L2=0.072386007 L3=0.0053796723
409021 40 4.09802 F=0.7179504 L1=0.078246008 L2=0.07755527 L3=0.0063819892
856 0.457548 0.453235 F=0.49320333 L1=2.2264262 L2=1.1295667 L3=2.5332431
inf 221.19 790.359 F=3.0816916e-25 L1=0.072250236 L2=0.070494781 L3=0.0050932645
64 86.4875 0.283249 F=0.97580215 L1=0.085553921 L2=0.085550374 L3=0.013650275
100 79.6728 3.90588 F=0.73600481 L1=0.07419668 L2=0.074033915 L3=0.0061148606
203004 0.00108691 353.442 F=4.9822881e-16 L1=920.01689 L2=0.07138675 L3=65.67702
23173 2.51354 66.5094 F=0.0010896995 L1=0.38822239 L2=0.077917277 L3=0.030378074 acc=3.4e-63
311693 76.187 0.2882 F=0.97589592 L1=0.083872686 L2=0.083867283 L3=0.012366446
inf 0.00385623 0.1 F=0.036899228 L1=259.38254 L2=9.6873309 L3=2512.766
125450 5.09752 48.5308 F=0.0075151358 L1=0.20107709 L2=0.082808219 L3=0.016925646
16372 2.35555 0.00196315 F=0.99913188 L1=0.44258747 L2=0.44221474 L3=0.19607969
374646 0.0388788 4.89827 F=0.0073691458 L1=25.735957 L2=0.20835375 L3=5.3644502
37 0.366909 1.99582 F=0.14799402 L1=2.7511271 L2=0.43155307 L3=1.1947387
3585 46.1466 68.156 F=0.0039165069 L1=0.081163585 L2=0.07498099 L3=0.0061475146
501 2.62672 29.0112 F=0.0270444 L1=0.38217099 L2=0.093195885 L3=0.036168615
2270 65.7298 2.999 F=0.78777106 L1=0.075454348 L2=0.075282203 L3=0.0072959719
96 0.143724 10.7662 F=0.011508854 L1=6.9584743 L2=0.10694042 L3=0.74396433 acc=2.3e-64
41 6.1186 0.1 F=0.98307871 L1=0.17222064 L2=0.16970409 L3=0.02354574
inf 0.119309 290.729 F=4.7926164e-12 L1=8.3575439 L2=0.071683996 L3=0.59910785
100 0.0124905 5.64524 F=0.0020573402 L1=80.074016 L2=0.18440881 L3=14.76787
64 1.03314 56.0631 F=0.0019238996 L1=0.94593769 L2=0.06679978 L3=0.063286278
48 0.5 63.99 F=0.00068907893 L1=1.9741829 L2=0.063409233 L3=0.12521242
109866 73.504 38.9299 F=0.041155254 L1=0.082962913 L2=0.080741345 L3=0.0070457626
inf 1.44288 20.6876 F=0.037113351 L1=0.69573758 L2=0.099874565 L3=0.069870168
inf 2.90143 0.00745771 F=0.9973359 L1=0.35818309 L2=0.3572476 L3=0.12505845
76 2.999 514.071 F=1.9223632e-16 L1=0.31826813 L2=0.068068961 L3=0.021661941
inf 0.25 0.101645 F=0.70701434 L1=4.0543284 L2=2.8950722 L3=11.770672 acc=8.4e-62
64 1 852.717 F=8.2441601e-27 L1=0.97706893 L2=0.068823141 L3=0.067244194
111 661.544 0.0001037 F=0.9999911 L1=0.085869631 L2=0.085869631 L3=0.015295113
47968 85.9 700 F=1.234622e-22 L1=0.075736553 L2=0.070621428 L3=0.0053486235
40 2.65981 0.0677781 F=0.97403324 L1=0.39316094 L2=0.38327801 L3=0.15074897
833 63.99 803.453 F=1.3940596e-25 L1=0.076888474 L2=0.069822852 L3=0.0053684579
523334 3.001 0.109064 F=0.96359993 L1=0.34639507 L2=0.33404588 L3=0.11281773
2281 4.7358 28.0021 F=0.044241668 L1=0.22221708 L2=0.0947448 L3=0.021492136
inf 1.79142 0.000402786 F=0.9997653 L1=0.58281778 L2=0.58268682 L3=0.34511214
433 78.0284 2.999 F=0.78886241 L1=0.07467227 L2=0.07454939 L3=0.0072765988
inf 17.6196 0.000386034 F=0.99996415 L1=0.092877868 L2=0.092877414 L3=0.007744 acc=1.0e-68
41159 3.48422 0.000551075 F=0.99983628 L1=0.29715011 L2=0.29710215 L3=0.083094223
51 87.8651 64.01 F=0.012518744 L1=0.06315342 L2=0.061608856 L3=0.0037988169
100 0.587656 25.9905 F=0.0099494281 L1=1.6951872 L2=0.090413451 L3=0.15416312
510901 541.982 1 F=0.92213678 L1=0.07797208 L2=0.077971544 L3=0.011574388
25807 61.5387 26.0177 F=0.11802399 L1=0.088671847 L2=0.086457645 L3=0.0079061274
10806 0.00294473 0.13389 F=0.021344598 L1=339.65025 L2=7.3643363 L3=2501.3384
8106 1.64392 2.04278 F=0.43238476 L1=0.62639726 L2=0.28085055 L3=0.17880821
64 1891.5 0.0592473 F=0.99487416 L1=0.086507568 L2=0.086507568 L3=0.015226963
209416 2.09365 33.3354 F=0.014983294 L1=0.47621712 L2=0.091998508 L3=0.044306277
112885 1.10894 0.0255617 F=0.97658305 L1=0.93728532 L2=0.91646762 L3=0.87397956 acc=5.3e-64
20358 43.5067 0.00261703 F=0.99977406 L1=0.08633808 L2=0.086337956 L3=0.011670267
58616 8 515 F=2.0036413e-17 L1=0.1362406 L2=0.070941665 L3=0.0096657828
2002 2.40095 725.041 F=4.0595211e-24 L1=0.40057256 L2=0.070331588 L3=0.028173613
4290 1.26487 623.907 F=2.5917297e-21 L1=0.76991402 L2=0.070622975 L3=0.054374731
7730 64.01 0.00101766 F=0.99991278 L1=0.085704972 L2=0.085704951 L3=0.012756915
417 0.0141287 328.447 F=6.6328172e-14 L1=70.752396 L2=0.069929158 L3=4.9476596
2470 0.62067 0.0083557 F=0.98632969 L1=1.6580805 L2=1.6364609 L3=2.7394751
476536 0.692895 1008.37 F=2.1775164e-33 L1=1.4200995 L2=0.070491301 L3=0.10010512
64 3 15.999 F=0.10461969 L1=0.34017224 L2=0.10070756 L3=0.034832164
1039 8 66.6224 F=0.0023682512 L1=0.13841079 L2=0.076733563 L3=0.01070919 acc=3.0e-63
inf 8 0.01 F=0.99864803 L1=0.13538962 L2=0.13526063 L3=0.01098708
37 8 51.7869 F=0.015851976 L1=0.12233968 L2=0.059583924 L3=0.0071705985
19070 2.999 512 F=1.3466893e-17 L1=0.32074981 L2=0.070925148 L3=0.022750581
188 49.1287 778.113 F=3.1545951e-24 L1=0.077498053 L2=0.068834231 L3=0.0053333329
383435 117.712 64.1014 F=0.0064730075 L1=0.075327101 L2=0.073881127 L3=0.0056512723
inf 0.181288 55.4613 F=0.00023350659 L1=5.5003224 L2=0.080820538 L3=0.44477792
inf 0.185124 59.7659 F=0.00016879501 L1=5.3850703 L2=0.079563766 L3=0.42865374
50 96.1185 0.0639164 F=0.99440643 L1=0.087529241 L2=0.087528771 L3=0.014818682
87831 109.151 1.96165 F=0.85487039 L1=0.075817897 L2=0.075783419 L3=0.0089704018
53086 64 0.00589269 F=0.99949524 L1=0.085664885 L2=0.085664759 L3=0.012733848 acc=1.0e-66
980 0.715553 63.99 F=0.00046311718 L1=1.3810615 L2=0.077571197 L3=0.10728419
38 0.713299 0.01 F=0.98571172 L1=1.4488704 L2=1.4292383 L3=2.0957145
59 500 61.9234 F=0.014328076 L1=0.06195185 L2=0.06195074 L3=0.0037668515
322613 0.85549 0.0319316 F=0.96276703 L1=1.2096113 L2=1.1668351 L3=1.4312366
41 2.62541 0.000267842 F=0.99989332 L1=0.39832872 L2=0.39828759 L3=0.15868871
146 1 6.50069 F=0.12289365 L1=1.0112733 L2=0.14973205 L3=0.15271408
1739 0.671993 50.6467 F=0.0012424889 L1=1.4746463 L2=0.081881042 L3=0.12103269
inf 0.447621 0.174677 F=0.71341867 L1=2.280998 L2=1.6495098 L3=3.7876858
37 1.56 62.6368 F=0.0025949553 L1=0.61614162 L2=0.060471469 L3=0.037234409
18637 1.04407 40 F=0.0045372482 L1=0.949679 L2=0.087780172 L3=0.083798665 acc=3.5e-63
50 64 55.6136 F=0.020166214 L1=0.063824942 L2=0.061107156 L3=0.0037978088
272 1.84985 30.0756 F=0.018718162 L1=0.53778052 L2=0.091017888 L3=0.049559909
1011 0.00414127 0.00018038 F=0.95824991 L1=241.53837 L2=231.45968 L3=55906.44
inf 118.738 0.0734498 F=0.99378849 L1=0.084594146 L2=0.084593668 L3=0.013587313
2473 1.74862 79.3254 F=0.00030858584 L1=0.55771534 L2=0.075902078 L3=0.042409975
1834 196.623 146 F=2.0558829e-5 L1=0.072127869 L2=0.071063302 L3=0.0051256932
40 0.5 0.0936694 F=0.83827625 L1=2.0500252 L2=1.7319976 L3=3.5782122
1280 1.08219 40.0778 F=0.0047060489 L1=0.9155071 L2=0.086903441 L3=0.079998171
50 1.1537 40 F=0.0068420158 L1=0.8459237 L2=0.066732599 L3=0.05681891
257 64 87.077 F=0.0013169604 L1=0.07495623 L2=0.070651684 L3=0.005299101 acc=1.7e-63
12488 0.0333372 0.00938981 F=0.77976056 L1=30.061546 L2=23.46907 L3=705.56225
645 2.51195 511.9 F=2.0138302e-17 L1=0.38242302 L2=0.069954282 L3=0.02675337
49700 3 21.7715 F=0.059765235 L1=0.34044722 L2=0.09922934 L3=0.034106181
45170 58.8022 0.00271156 F=0.99976735 L1=0.085803516 L2=0.085803447 L3=0.012539244
197 261.043 0.00728311 F=0.99937867 L1=0.0853101 L2=0.085310092 L3=0.014895077
inf 684.798 0.0196246 F=0.998345 L1=0.084327716 L2=0.084327712 L3=0.014781432
308600 858.961 512 F=1.5114976e-16 L1=0.070578991 L2=0.070362545 L3=0.0049661174
64 306.308 0.0235393 F=0.99795677 L1=0.086797592 L2=0.086797588 L3=0.015353531
2664 97.3647 0.000221298 F=0.99998113 L1=0.085276896 L2=0.085276894 L3=0.013573947
4131 3.001 8.36 F=0.23103926 L1=0.3379796 L2=0.10581118 L3=0.03803485 acc=1.5e-62
3259 0.001 15.999 F=4.7550952e-5 L1=1000.0013 L2=0.10155112 L3=101.55148
37 0.0123182 24.4094 F=0.00026163388 L1=81.167827 L2=0.081443346 L3=6.6121296
30382 1.88356 0.0131797 F=0.99274688 L1=0.55423616 L2=0.55037863 L3=0.30951131
191 2.74385 32.0982 F=0.021577621 L1=0.36243497 L2=0.08754291 L3=0.032324093
81815 0.25 1 F=0.19315303 L1=4.0356204 L2=0.81991483 L3=3.3219637
64 0.01 9.51561 F=0.00093223038 L1=100.00234 L2=0.11628834 L3=11.632168
inf 0.00764144 851.187 F=1.6716779e-30 L1=130.83988 L2=0.070583253 L3=9.2351047
558562 64.01 0.0297273 F=0.99745817 L1=0.08553438 L2=0.085533731 L3=0.012674135
122 2.999 59.2114 F=0.0029712676 L1=0.32167386 L2=0.072055157 L3=0.023289996
inf 2.30348 31.1428 F=0.019810166 L1=0.43455413 L2=0.093483983 L3=0.041125387 acc=3.9e-63
288 113.185 65.1917 F=0.0068889366 L1=0.072388953 L2=0.070860694 L3=0.0051770092
2197 118.722 0.237619 F=0.98015356 L1=0.083614655 L2=0.083612894 L3=0.013135805
40 108.917 26.5963 F=0.12998979 L1=0.064004451 L2=0.063596762 L3=0.005272669
38 52.4247 118.24 F=0.00049355053 L1=0.067018104 L2=0.062898559 L3=0.0041756106
714856 116.183 66.5866 F=0.0053761942 L1=0.075187351 L2=0.073671903 L3=0.0056111
29907 0.390213 0.00131933 F=0.99655998 L1=2.616221 L2=2.6075462 L3=6.8549596
64 1.87779 320.153 F=8.363527e-11 L1=0.51190831 L2=0.06700844 L3=0.034298
38 115.362 11.178 F=0.41165169 L1=0.083117635 L2=0.082972825 L3=0.0065371252
775 0.0855486 40 F=0.00041569699 L1=11.677606 L2=0.08654615 L3=1.0111082
inf 3 118.729 F=2.4256319e-5 L1=0.32291259 L2=0.073998975 L3=0.023919756 acc=3.3e-63
inf 122.276 4.13466 F=0.72995345 L1=0.071266985 L2=0.071186999 L3=0.0058605261
38725 0.0474617 0.188249 F=0.19917441 L1=21.126939 L2=4.2939296 L3=90.753134
55470 204.796 189.572 F=8.7580184e-7 L1=0.072415987 L2=0.071257585 L3=0.0051601902
2367 0.001 65.0286 F=6.2349469e-7 L1=999.98162 L2=0.077958593 L3=77.957316
3010 3.001 52.6877 F=0.0037736177 L1=0.32785799 L2=0.081125123 L3=0.02683807
16969 0.854368 0.111292 F=0.88091279 L1=1.2096723 L2=1.0724267 L3=1.3153744
784 55.6628 32.9574 F=0.065099303 L1=0.085912657 L2=0.082802369 L3=0.0075137121
inf 1.5 45.8494 F=0.0037690378 L1=0.65781884 L2=0.084553367 L3=0.055966122
inf 1.65971 0.000672471 F=0.99957721 L1=0.62897108 L2=0.62871722 L3=0.40250095
38 0.00505567 0.0914179 F=0.052092654 L1=197.8625 L2=10.427274 L3=2063.2095 acc=2.7e-63
121109 0.25 99.6179 F=1.0735659e-5 L1=3.9795245 L2=0.074787467 L3=0.29766773
inf 207.598 0.0181725 F=0.998462 L1=0.084633788 L2=0.084633752 L3=0.014288749
223 0.01 2.05239 F=0.0045969108 L1=100.02767 L2=0.49285763 L3=49.30724
408844 63.1444 0.178924 F=0.9848645 L1=0.084776595 L2=0.084772063 L3=0.012286614
21508 1.11167 3.001 F=0.25871014 L1=0.91671527 L2=0.25074953 L3=0.23286537
64 2.82615 63.99 F=0.002661308 L1=0.33728687 L2=0.066386858 L3=0.02242531
38 2.999 0.197371 F=0.93561108 L1=0.34845407 L2=0.32669686 L3=0.11286065
262 0.00248657 64.01 F=1.9233511e-6 L1=402.14098 L2=0.075064461 L3=30.18664
9769 0.00126071 42.7462 F=4.7784988e-6 L1=793.18933 L2=0.08629027 L3=68.444931
87964 1.49471 0.000205527 F=0.99985656 L1=0.69801722 L2=0.69792194 L3=0.49638251 acc=2.0e-68
50 125.515 0.000562639 F=0.99995058 L1=0.08784451 L2=0.087844508 L3=0.015315694
48 2.999 33.2993 F=0.024279453 L1=0.32043751 L2=0.070359774 L3=0.023224372
396708 75.877 0.1443 F=0.98779965 L1=0.084662686 L2=0.084660231 L3=0.012727187
inf 2.94131 512 F=1.3009912e-17 L1=0.32704433 L2=0.07096433 L3=0.023209845
inf 0.429825 8.36 F=0.043899475 L1=2.3327881 L2=0.12704176 L3=0.3011981
237565 0.0059987 0.183553 F=0.031303978 L1=166.76149 L2=5.3284475 L3=888.61691
24640 0.25 3.001 F=0.072818109 L1=4.02057 L2=0.31267839 L3=1.2616613
178286 2108.28 44.9891 F=0.031573104 L1=0.074594953 L2=0.074590218 L3=0.005840874
40 0.762626 0.0393122 F=0.94930122 L1=1.3561771 L2=1.2909639 L3=1.7736828
40 0.400783 0.001 F=0.99745561 L1=2.5507338 L2=2.5444938 L3=6.5241595 acc=6.3e-66
2894 0.599111 2.01151 F=0.21993156 L1=1.6928224 L2=0.39184701 L3=0.6690298
6332 0.00384542 64.2823 F=2.513333e-6 L1=260.03156 L2=0.078361527 L3=20.376632
2725 0.0432661 0.125769 F=0.25402818 L1=23.172589 L2=5.9715927 L3=138.41597
330 1 26.8363 F=0.014784153 L1=0.99707787 L2=0.094451139 L3=0.094816875
279721 0.303597 4 F=0.066520515 L1=3.3104964 L2=0.23760813 L3=0.78960378
123 66.8194 0.00173497 F=0.99984962 L1=0.086679767 L2=0.086679734 L3=0.013582308
2925 0.173961 0.0444717 F=0.79432371 L1=5.8071375 L2=4.6353411 L3=26.956351
8262 107.524 0.215341 F=0.98197186 L1=0.083819683 L2=0.083817767 L3=0.013058699
792 1.60146 0.406628 F=0.78993668 L1=0.64917452 L2=0.51805183 L3=0.34193397
669 1.14388 0.845721 F=0.56296958 L1=0.90097302 L2=0.51998329 L3=0.47561773 acc=1.9e-61
100 64.01 8.81498 F=0.50455581 L1=0.079663749 L2=0.078957384 L3=0.0048322065
18167 84.0916 5.92933 F=0.63815243 L1=0.072840345 L2=0.07257148 L3=0.0046955599
218 2.696 0.0230969 F=0.9911553 L1=0.38633044 L2=0.38299775 L3=0.14646794
508977 0.0395746 57.5809 F=4.3574601e-5 L1=25.25211 L2=0.080176969 L3=2.0248564
inf 55.1407 0.284845 F=0.97601901 L1=0.084545545 L2=0.08453531 L3=0.011757306
inf 47.8056 835.555 F=6.5344248e-27 L1=0.080235828 L2=0.070566661 L3=0.0056619746
59 85.8949 64 F=0.011530828 L1=0.06461765 L2=0.062834872 L3=0.0039904484
32142 0.01 0.00478437 F=0.67617606 L1=100.06607 L2=67.704882 L3=6775.0084
968 2803.53 3.75 F=0.75614795 L1=0.068589179 L2=0.068589108 L3=0.0061187819
132437 2.68514 2.999 F=0.45597736 L1=0.38626081 L2=0.18806896 L3=0.073633247 acc=3.1e-62
40 2.66975 3.001 F=0.45440306 L1=0.38751783 L2=0.18741745 L3=0.073937557
inf 2.45646 0.001 F=0.99957599 L1=0.42418494 L2=0.42401007 L3=0.17950046
38 100 88.2894 F=0.0035074837 L1=0.062254999 L2=0.061358723 L3=0.0037542933
inf 0.717838 0.0154509 F=0.97826031 L1=1.4373291 L2=1.4075974 L3=2.046571
26862 63.99 38.5551 F=0.04145496 L1=0.084042844 L2=0.081277078 L3=0.0071815799
250 0.921857 0.551543 F=0.61503164 L1=1.1169119 L2=0.70255882 L3=0.7957835
37 0.0565931 35.3092 F=0.0005534381 L1=17.645515 L2=0.063262437 L3=1.1168922
32591 122.047 72.5282 F=0.0035118634 L1=0.074613385 L2=0.073133414 L3=0.0055026732
393480 88.7154 0.19836 F=0.983335 L1=0.084140349 L2=0.084137782 L3=0.012837861
66670 3.001 3.001 F=0.48277701 L1=0.34678476 L2=0.17971842 L3=0.063000599 acc=2.8e-62
100 100 3 F=0.78880117 L1=0.074292967 L2=0.074223092 L3=0.0072376629
47 1.20886 34.4672 F=0.01056985 L1=0.80846475 L2=0.069332385 L3=0.056700275
41 0.0123407 0.136807 F=0.082029478 L1=81.09511 L2=6.7627843 L3=548.46893
inf 0.002017 55.8837 F=2.5548311e-6 L1=495.76885 L2=0.08069992 L3=40.008743
37 1.86479 0.00115517 F=0.99935112 L1=0.56207078 L2=0.56172345 L3=0.32198329
121251 1.5 0.293276 F=0.83019288 L1=0.69323672 L2=0.58037107 L3=0.40932206
inf 0.402066 24.4882 F=0.0078655612 L1=2.4854123 L2=0.098015777 L3=0.24416234
37 554.249 4.65672 F=0.69239529 L1=0.075424033 L2=0.075424033 L3=0.0052219053
1768 64 30.1654 F=0.083530957 L1=0.086592897 L2=0.084271417 L3=0.0076640281
218 63.99 0.00398789 F=0.99965602 L1=0.086259482 L2=0.086259397 L3=0.013166737 acc=5.1e-67
1336 2.63736 3.75 F=0.39469951 L1=0.39233954 L2=0.17040677 L3=0.06763456
2155 64.01 57.6843 F=0.0094353869 L1=0.079041754 L2=0.075497523 L3=0.0060959041
inf 69.7011 0.0283302 F=0.99758059 L1=0.085424904 L2=0.085424385 L3=0.012862138
inf 3.001 59.4426 F=0.0021702449 L1=0.32670503 L2=0.079445645 L3=0.026131201
28946 0.0735704 0.0046223 F=0.94060845 L1=13.656182 L2=12.852511 L3=175.56057
inf 85.2527 0.43395 F=0.96416336 L1=0.082900767 L2=0.082893646 L3=0.012162428
695921 16 31.0819 F=0.056219428 L1=0.10899881 L2=0.090003058 L3=0.010169178
inf 2.999 45.6008 F=0.0067188457 L1=0.33035131 L2=0.08444969 L3=0.028230315
2875 2.33451 0.0458562 F=0.97992408 L1=0.44661873 L2=0.43792527 L3=0.19616038
inf 16 0.0322765 F=0.99693343 L1=0.095208555 L2=0.095154723 L3=0.007450395 acc=9.4e-65
14181 2.40187 27.0328 F=0.030236315 L1=0.41913023 L2=0.096218595 L3=0.040816436
50 16 40 F=0.037302555 L1=0.085619556 L2=0.064553736 L3=0.0056776432
320 3.77519 2.21223 F=0.61527489 L1=0.27812545 L2=0.180224 L3=0.05001816
2057 102.578 55.8739 F=0.011876072 L1=0.076406173 L2=0.074755875 L3=0.0058565673
320825 417.734 3.81487 F=0.75148186 L1=0.069186681 L2=0.069180412 L3=0.0060838203
2714 1.47777 58.7283 F=0.0013129555 L1=0.66411805 L2=0.079375876 L3=0.052907463
inf 2.73672 0.0148177 F=0.99439846 L1=0.38015019 L2=0.37806848 L3=0.14169392
100 1.0532 63.99 F=0.00094020899 L1=0.92937495 L2=0.070119024 L3=0.065260614
62092 1.40834 67.8092 F=0.0006085974 L1=0.69600937 L2=0.077765113 L3=0.054255069
inf 8.95476 0.00958632 F=0.99880464 L1=0.12484659 L2=0.12475678 L3=0.0087553988 acc=1.8e-65
40 16 0.000170316 F=0.99998332 L1=0.097922926 L2=0.097922657 L3=0.0095030045
13333 129.244 6.08364 F=0.63627474 L1=0.071031266 L2=0.070910596 L3=0.0044191952
50 97.3027 0.00100262 F=0.99991179 L1=0.087976589 L2=0.087976582 L3=0.0150773
37 0.0525406 512.1 F=1.4053223e-17 L1=19.006834 L2=0.068033972 L3=1.2931084
41 1.6722 64 F=0.0023348035 L1=0.57427195 L2=0.061744984 L3=0.035449094
inf 0.001 64 F=6.6411427e-7 L1=999.98202 L2=0.078573011 L3=78.571764
40 63.99 6.2919 F=0.60544944 L1=0.079258845 L2=0.078865347 L3=0.0048660633
260362 646.004 0.00064056 F=0.99994588 L1=0.084481674 L2=0.084481674 L3=0.014838714
1888 60.823 3.25441 F=0.7720044 L1=0.075549837 L2=0.075325272 L3=0.0069957515
37 0.01 0.234574 F=0.040315982 L1=100.05923 L2=4.1407001 L3=414.35103 acc=1.7e-63
100 64.01 52.9798 F=0.018098329 L1=0.070840963 L2=0.067665881 L3=0.0048413441
377 3 71.9682 F=0.00092687063 L1=0.32354515 L2=0.074828412 L3=0.024295142
411375 1.22575 2.999 F=0.27798817 L1=0.8326414 L2=0.2446251 L3=0.20650989
37 62.3633 15.999 F=0.26918237 L1=0.082325075 L2=0.081253349 L3=0.0081765789
278075 115.037 0.000224014 F=0.99998094 L1=0.085094048 L2=0.085094046 L3=0.013772061
inf 0.01 0.0979307 F=0.092088082 L1=100.06196 L2=9.3237982 L3=932.99886
64 2.5044 0.0595998 F=0.97573325 L1=0.41711407 L2=0.40731165 L3=0.17027468
750346 0.0244951 0.00273713 F=0.89932773 L1=40.890095 L2=36.786698 L3=1504.2581
2523 1.48318 40.5424 F=0.0059275077 L1=0.66706464 L2=0.08698924 L3=0.058450353
35207 114.472 0.106336 F=0.99102757 L1=0.084419351 L2=0.084418585 L3=0.013446465 acc=4.0e-64
474422 0.110343 59.5043 F=0.00010347789 L1=9.0458059 L2=0.079635488 L3=0.7205674
65 16.3814 2.999 F=0.75480686 L1=0.095690558 L2=0.091280172 L3=0.0087819547
2663 112.382 8.36 F=0.53813049 L1=0.074102027 L2=0.073866317 L3=0.0040570626
100 52.8806 0.0873822 F=0.99242379 L1=0.086795103 L2=0.086792211 L3=0.012939417
inf 0.001 47.4654 F=2.5313926e-6 L1=999.98604 L2=0.083983758 L3=83.982925
inf 3 4 F=0.40785256 L1=0.34633437 L2=0.1589593 L3=0.055488777
111 64.01 2.999 F=0.78591458 L1=0.076206985 L2=0.076029907 L3=0.007275014
37 0.01 0.18056 F=0.051893651 L1=100.06123 L2=5.3030663 L3=530.66953
30862 40 30.243 F=0.076183248 L1=0.091583647 L2=0.086622879 L3=0.0082831765
inf 0.0343916 0.197605 F=0.14655373 L1=29.134273 L2=4.3616072 L3=127.10779 acc=2.2e-62
100 0.890077 512 F=5.3313128e-17 L1=1.0997659 L2=0.068125299 L3=0.074920391
2611 90.5545 0.051156 F=0.99565159 L1=0.085032231 L2=0.085031667 L3=0.013313804
50 0.00223855 10.2673 F=0.00019167706 L1=446.71832 L2=0.11085698 L3=49.52261
inf 40 22.1614 F=0.15539953 L1=0.093423771 L2=0.089417686 L3=0.0083663112
102546 83.4817 0.1 F=0.99152792 L1=0.08478843 L2=0.084787076 L3=0.013010468
5582 1171.98 0.107142 F=0.99103667 L1=0.08362523 L2=0.083625223 L3=0.014564919
524075 52.2771 0.000346315 F=0.99997022 L1=0.08599925 L2=0.085999239 L3=0.012231693
662628 3 40 F=0.0108742 L1=0.33231728 L2=0.08748632 L3=0.029481148
776638 58.1549 50.7645 F=0.015433869 L1=0.081421218 L2=0.077606977 L3=0.0065239885
437 2.999 3 F=0.48271209 L1=0.34691693 L2=0.17969501 L3=0.063045078 acc=2.8e-62
104731 1.32339 23.8702 F=0.025119692 L1=0.75657375 L2=0.098323444 L3=0.074879245
50 60.4989 927.98 F=6.5892276e-28 L1=0.073051835 L2=0.06892239 L3=0.0050337458
197313 70.6215 0.501147 F=0.95867393 L1=0.082940055 L2=0.082927576 L3=0.011731814
6609 500 6.19743 F=0.6387953 L1=0.068444911 L2=0.06843635 L3=0.0040784442
inf 93.1037 511.9 F=7.5741254e-17 L1=0.075312048 L2=0.070827809 L3=0.0053341874
555843 92.6899 43.347 F=0.030026483 L1=0.080169392 L2=0.078536587 L3=0.0065937768
inf 0.0221618 572.907 F=1.6986194e-21 L1=45.097539 L2=0.070863546 L3=3.195773
1381 64.01 255.452 F=6.2072211e-9 L1=0.077156943 L2=0.071045061 L3=0.0054815761
11467 10.4008 37.6833 F=0.026976572 L1=0.1254235 L2=0.087221087 L3=0.011309611
213039 1 512 F=5.2596371e-18 L1=0.97851273 L2=0.070961452 L3=0.069438386 acc=3.2e-63
964 1.60557 0.1 F=0.93890027 L1=0.64944143 L2=0.61151502 L3=0.40424267
40 8 700 F=2.7151282e-21 L1=0.13149123 L2=0.068569579 L3=0.0090146098
2131 0.740202 8.36 F=0.072853464 L1=1.3566693 L2=0.12346743 L3=0.17224129
89872 107.513 0.000547665 F=0.99995337 L1=0.085145199 L2=0.085145195 L3=0.013681369
671 59.1759 77.9995 F=0.0021586466 L1=0.07746773 L2=0.072841936 L3=0.0056657063
inf 2.82785 0.1 F=0.96451313 L1=0.36789291 L2=0.35512936 L3=0.12847382
184139 2.40554 55.67 F=0.0024784179 L1=0.40750385 L2=0.080550402 L3=0.033040656
100 2.12807 0.206921 F=0.90764146 L1=0.49058025 L2=0.44689979 L3=0.22184951
41 100.436 51.0049 F=0.031092256 L1=0.058635241 L2=0.057831918 L3=0.0032389534
205295 16 0.0530927 F=0.99496069 L1=0.095242115 L2=0.095153475 L3=0.007496509 acc=2.5e-64
50 0.001 5.76091 F=0.00016174528 L1=1000.0128 L2=0.18127507 L3=181.27871
inf 0.0124758 16.4633 F=0.000565461 L1=80.156084 L2=0.10136137 L3=8.1249884
64 0.823892 0.254995 F=0.75622989 L1=1.2523555 L2=0.96050646 L3=1.2196128
201527 0.339753 71.3638 F=0.00012312937 L1=2.9252682 L2=0.077245477 L3=0.22608315
143 100 0.0321158 F=0.99724144 L1=0.085904796 L2=0.085904522 L3=0.014101944
186160 500 8.36 F=0.54978605 L1=0.070713237 L2=0.070700624 L3=0.0036184357
40 20.8735 15.999 F=0.23635601 L1=0.097025856 L2=0.088193519 L3=0.0098286584
226 8 512.1 F=9.7076484e-17 L1=0.13421894 L2=0.068803297 L3=0.0092340753
814 128.405 6.24143 F=0.62875537 L1=0.071309841 L2=0.0711837 L3=0.0043483288
348 2509.02 0.298571 F=0.97532205 L1=0.082577911 L2=0.082577911 L3=0.014030221 acc=3.7e-63
197594 2.999 51.4974 F=0.0041160221 L1=0.32861606 L2=0.081911582 L3=0.027174146
38 0.00593526 0.00756182 F=0.43951517 L1=168.55345 L2=74.158535 L3=12499.725
37 8 41.2237 F=0.029682484 L1=0.12166033 L2=0.059572113 L3=0.0072928463
inf 0.01 512 F=5.7640887e-20 L1=99.974892 L2=0.070965043 L3=7.0947244
42981 2.42346 0.00303804 F=0.99869521 L1=0.43003775 L2=0.42949258 L3=0.18457223
37 0.00871775 59.5044 F=2.0049021e-5 L1=114.67989 L2=0.06004561 L3=6.8860305
59 0.01 0.000743539 F=0.93074496 L1=100.06795 L2=93.14712 L3=9321.0892
12728 63.99 0.01 F=0.99914359 L1=0.085650467 L2=0.085650253 L3=0.012729162
116757 0.001 0.0142744 F=0.065407165 L1=1000.066 L2=65.534264 L3=65538.634
inf 64.01 330.388 F=2.5718253e-11 L1=0.077687315 L2=0.071270979 L3=0.005536851 acc=1.8e-63
274306 0.014289 0.001 F=0.93453156 L1=70.050183 L2=65.472719 L3=4586.423
121 1.65146 14.2992 F=0.078636785 L1=0.60967648 L2=0.10251603 L3=0.062510045
1295 0.0590583 1.27329 F=0.042457623 L1=16.967049 L2=0.76668416 L3=13.020492
8829 2.18787 0.00219196 F=0.99895583 L1=0.47685201 L2=0.47637086 L3=0.22883432
58 2.54419 0.0906149 F=0.96410412 L1=0.41063534 L2=0.39635901 L3=0.16305855
227781 107.948 54.5729 F=0.012984577 L1=0.076859455 L2=0.075366485 L3=0.0059559102
355253 2014.7 121.176 F=0.00014091869 L1=0.070255324 L2=0.070241477 L3=0.0049356599
24296 60.4223 0.271705 F=0.97714843 L1=0.084405975 L2=0.084397936 L3=0.01198479
4317 6.74331 3.93654 F=0.58575874 L1=0.16529341 L2=0.11918662 L3=0.02006708
inf 1.94244 0.599292 F=0.75569635 L1=0.5354674 L2=0.40903367 L3=0.22193804 acc=5.8e-62
836 48.6909 0.376945 F=0.96831686 L1=0.084595829 L2=0.084577312 L3=0.011377043
37 2.65786 0.0452571 F=0.98249345 L1=0.3936011 L2=0.38693452 L3=0.15242799
inf 2067.89 0.024985 F=0.99789603 L1=0.084200084 L2=0.084200083 L3=0.014906492
443 9.80172 0.243583 F=0.97171063 L1=0.11933945 L2=0.11762053 L3=0.0089331338
59472 105.285 0.165718 F=0.98607093 L1=0.084131611 L2=0.08413013 L3=0.013166409
55484 163.568 0.0146248 F=0.99876021 L1=0.084775029 L2=0.084774982 L3=0.014110418
100 0.953179 20.7325 F=0.025481713 L1=1.0481317 L2=0.0968306 L3=0.10234727
138244 1 284.277 F=5.8809934e-11 L1=0.97920501 L2=0.071715764 L3=0.070229887
inf 0.285362 0.112918 F=0.71220049 L1=3.5572719 L2=2.5604793 L3=9.1398978
50 16 0.00447654 F=0.99956427 L1=0.097361032 L2=0.097353892 L3=0.0090916323 acc=9.9e-67
1932 0.00106221 15.999 F=5.0498858e-5 L1=941.43042 L2=0.10156644 L3=95.617962
291442 73.6815 0.26878 F=0.97747506 L1=0.084033776 L2=0.084028457 L3=0.012359603
inf 0.00204231 0.126173 F=0.015805547 L1=489.70317 L2=7.8562103 L3=3847.2512
392167 2.0975 0.0274693 F=0.98651473 L1=0.49747719 L2=0.49100668 L3=0.24668139
217 2.35192 0.283967 F=0.88794746 L1=0.44339796 L2=0.3952688 L3=0.17620562
inf 0.01 0.200424 F=0.046968117 L1=100.05799 L2=4.8039824 L3=480.713
393 100 511.9 F=1.8352835e-16 L1=0.073337198 L2=0.069337282 L3=0.0050845053
1647 2.37344 0.204444 F=0.91750184 L1=0.43917589 L2=0.40402952 L3=0.17794884
338 45.4536 0.000140797 F=0.9999878 L1=0.086630188 L2=0.086630181 L3=0.01209334
343 0.555229 1.06438 F=0.33211459 L1=1.8323117 L2=0.63480591 L3=1.173253 acc=1.2e-61
111762 69.3216 0.00564575 F=0.99951698 L1=0.085559573 L2=0.08555947 L3=0.012909626
33923 0.0149204 0.127215 F=0.10416032 L1=67.08315 L2=7.0919053 L3=475.78695
84 11.2233 4 F=0.65685231 L1=0.11413613 L2=0.098690335 L3=0.011396379
50 0.5 64 F=0.00066972039 L1=1.9744482 L2=0.063847119 L3=0.12609911
64 568.815 0.282193 F=0.97605323 L1=0.084848422 L2=0.084848421 L3=0.014346482
204136 8 63.99 F=0.0027841019 L1=0.13941193 L2=0.078058649 L3=0.010993405
221412 102.702 0.0160433 F=0.9986351 L1=0.085083538 L2=0.085083405 L3=0.013569905
66 91.3905 0.00380997 F=0.99966739 L1=0.087300964 L2=0.08730093 L3=0.014679451
41 56.2922 5.66475 F=0.63433957 L1=0.079134184 L2=0.078667175 L3=0.005061527
100 0.01 31.3951 F=0.00011170432 L1=99.987884 L2=0.084302292 L3=8.4299648 acc=3.1e-67
767283 64 0.0401612 F=0.99656867 L1=0.085478726 L2=0.085477841 L3=0.012648252
717556 2.999 54.2317 F=0.003294131 L1=0.32795979 L2=0.080955136 L3=0.026775916
369618 64 0.000306346 F=0.99997375 L1=0.085693009 L2=0.085693003 L3=0.01274602
18706 0.918889 0.001 F=0.99887307 L1=1.1281611 L2=1.1269559 L3=1.2905791
119694 0.25 23.2328 F=0.0056181744 L1=3.9986121 L2=0.098678394 L3=0.39512142
40 1.05258 44.6807 F=0.0051293925 L1=0.92510674 L2=0.060992159 L3=0.056577628
38 64.9382 0.00117396 F=0.99989524 L1=0.089235992 L2=0.089235973 L3=0.014870494
152733 0.453465 27.7082 F=0.0064567957 L1=2.2018065 L2=0.096068082 L3=0.21209073
inf 64.01 46.3883 F=0.022161804 L1=0.081676649 L2=0.078559787 L3=0.0066755397
64 110.522 0.01 F=0.99912813 L1=0.087188222 L2=0.087188166 L3=0.014920814 acc=4.4e-66
inf 72.2941 1.83527 F=0.86162492 L1=0.077637961 L2=0.07756716 L3=0.00905373
106082 5.24363 60.0468 F=0.0030152143 L1=0.19382916 L2=0.079106507 L3=0.015487544
37 621.545 64 F=0.015894173 L1=0.058659585 L2=0.058659585 L3=0.0032906979
472 107.815 15.999 F=0.29283879 L1=0.083572786 L2=0.083052107 L3=0.0063598467
inf 16 0.0598489 F=0.99432129 L1=0.095252142 L2=0.095152188 L3=0.0075107413
5505 69.0626 0.74241 F=0.93977044 L1=0.08188853 L2=0.081866673 L3=0.011166254
448 1.94439 63.507 F=0.0012255993 L1=0.50147227 L2=0.076490169 L3=0.038496132
77204 19.7542 39.0824 F=0.029812731 L1=0.10037378 L2=0.084851563 L3=0.0088622178
409943 1.98861 0.00222729 F=0.99883217 L1=0.5249235 L2=0.5243339 L3=0.27869127
171 40 1.42968 F=0.8861729 L1=0.082307548 L2=0.082145747 L3=0.0094235833 acc=2.4e-62
40 64.01 64.01 F=0.013908092 L1=0.062322816 L2=0.059803283 L3=0.0035922566
363 0.502421 29.9247 F=0.0058393134 L1=1.9843308 L2=0.092246108 L3=0.18367559
3355 100 0.509257 F=0.95826691 L1=0.082255309 L2=0.082248969 L3=0.012179627
322686 1.25078 0.001 F=0.99916799 L1=0.83267963 L2=0.83202254 L3=0.70573471
124 64 9.73641 F=0.47009009 L1=0.080632681 L2=0.079832963 L3=0.0050218447
40 834.854 64 F=0.015201301 L1=0.059257519 L2=0.059257519 L3=0.0033765596
40 0.0150334 0.000521579 F=0.96643409 L1=66.587107 L2=64.356632 L3=4285.37
76099 7.31057 0.154886 F=0.97783589 L1=0.1465115 L2=0.14402517 L3=0.014293697
349049 1.4539 40 F=0.0060717894 L1=0.68106213 L2=0.087766897 L3=0.060204061
inf 2.999 45.0356 F=0.0070478842 L1=0.33054127 L2=0.084727987 L3=0.028346027 acc=3.9e-63
2954 43.9842 32.6828 F=0.063153564 L1=0.089297938 L2=0.084801614 L3=0.007951338
64 356.745 40 F=0.054282329 L1=0.062854007 L2=0.062840853 L3=0.0041637167
224 10.1731 2.999 F=0.7161537 L1=0.12132453 L2=0.10537205 L3=0.012899356
188255 0.716447 1.21654 F=0.35905627 L1=1.4238639 L2=0.53208384 L3=0.7655943
694478 627.23 0.001 F=0.99991552 L1=0.084482531 L2=0.08448253 L3=0.01483019
2532 0.137855 0.0881103 F=0.60693552 L1=7.3122285 L2=4.4808557 L3=32.802391
24267 0.00197288 0.120934 F=0.015932392 L1=506.93368 L2=8.1934147 L3=4153.5582
948 1.07599 7.21988 F=0.11796572 L1=0.93918767 L2=0.13783824 L3=0.13239092
12887 16 700 F=5.9025582e-23 L1=0.099283577 L2=0.070641292 L3=0.0070135959
306 0.474936 0.0480844 F=0.90588305 L1=2.1555158 L2=1.9606204 L3=4.2549499 acc=8.6e-63
inf 1.26689 512.1 F=6.4443971e-18 L1=0.76892921 L2=0.070964736 L3=0.054568511
573 0.201245 4.37437 F=0.041348011 L1=4.9848753 L2=0.22379931 L3=1.1183068
119705 0.01 52.1209 F=1.7192532e-5 L1=99.984619 L2=0.082002133 L3=8.1992306
526 76.6262 2.82907 F=0.79888089 L1=0.075039563 L2=0.074922269 L3=0.007513778
41644 80.8369 512 F=7.1511349e-17 L1=0.076089839 L2=0.070826856 L3=0.0053892041
40 10.7527 1.73936 F=0.82353711 L1=0.11727309 L2=0.10872097 L3=0.012056201
1591 0.465843 0.00021746 F=0.99952224 L1=2.1980427 L2=2.1970349 L3=4.8599457
93251 1.18908 8.36 F=0.11111081 L1=0.84599873 L2=0.11867303 L3=0.10483529
3744 941.043 0.0254757 F=0.99785266 L1=0.084281346 L2=0.084281343 L3=0.014844173
64 3.001 512.1 F=2.8187725e-16 L1=0.31793413 L2=0.06804657 L3=0.021631949 acc=3.2e-63
6914 0.001 0.0805439 F=0.012200922 L1=1000.063 L2=12.323516 L3=12324.336
74949 463.861 40.0951 F=0.044284177 L1=0.076927205 L2=0.076845748 L3=0.0062470593
1302 3.001 0.0440466 F=0.98497884 L1=0.34624984 L2=0.34114953 L3=0.11498236
171 7.09078 0.296688 F=0.95704205 L1=0.15148112 L2=0.14645701 L3=0.016364161
849 128.459 0.000121096 F=0.99998969 L1=0.085166497 L2=0.085166496 L3=0.014021147
18722 64 0.144296 F=0.98776493 L1=0.084936753 L2=0.084933288 L3=0.012401461
853938 1.7037 72.6014 F=0.0004942663 L1=0.57346046 L2=0.077031261 L3=0.04427837
193 0.00834256 64 F=6.8104472e-6 L1=119.84656 L2=0.073897811 L3=8.8565339
48 645.782 8.81132 F=0.50880703 L1=0.078410329 L2=0.078410327 L3=0.0048024008
617 64 20.7311 F=0.18790806 L1=0.088060529 L2=0.086345065 L3=0.0076019489 acc=1.1e-63
50995 58.5377 0.0346387 F=0.99703468 L1=0.085645793 L2=0.085644882 L3=0.012453582
2110 118.572 3.001 F=0.79167478 L1=0.072920962 L2=0.072866892 L3=0.0072585739
38 104.206 0.136905 F=0.98797257 L1=0.087883908 L2=0.087883225 L3=0.014918399
911381 69.5554 0.144287 F=0.98778405 L1=0.084793797 L2=0.08479087 L3=0.012565165
129752 16 229.802 F=1.90937e-8 L1=0.09944029 L2=0.072033588 L3=0.0071637197
379 118.397 2.25055 F=0.83637546 L1=0.074854378 L2=0.074818804 L3=0.0084852154
277 0.01 1 F=0.0095214084 L1=100.03921 L2=1.0115983 L3=101.21519
989 0.144495 0.148858 F=0.48845551 L1=6.9765515 L2=3.4602372 L3=24.174861
64 80.7743 15.999 F=0.28080607 L1=0.082939627 L2=0.082174708 L3=0.0072843556

samples: 6000, violations: 0
('core', '101-10^4') L1>=0.073686 (n=111, a=63.99, d=477)  L2>=0.068039 (n=126, a=52.15, d=117.6)  L3>=0.004849 (n=8107, a=45.79, d=8.36)  aL1>=0.95749 (n=258, a=3.001, d=511.9)  aL3>=0.066032 (n=258, a=3.001, d=511.9)
('core', '37-100') L1>=0.059247 (n=40, a=63.99, d=40)  L2>=0.056706 (n=38, a=51.13, d=43.08)  L3>=0.0033086 (n=38, a=51.13, d=43.08)  aL1>=0.93942 (n=37, a=3, d=64)  aL3>=0.056856 (n=37, a=3, d=64)
('core', '>10^4') L1>=0.074465 (n=13904, a=63.99, d=4)  L2>=0.070921 (n=19296, a=8, d=511.9)  L3>=0.0047774 (n=17841, a=55.19, d=6.596)  aL1>=0.9626 (n=40045, a=3, d=393.5)  aL3>=0.068469 (n=42906, a=3.499, d=481.3)
('core', 'inf') L1>=0.075323 (n=None, a=63.99, d=3.171)  L2>=0.070901 (n=None, a=53, d=502.7)  L3>=0.0044992 (n=None, a=63.99, d=7.311)  aL1>=0.96202 (n=None, a=3.001, d=511.9)  aL3>=0.068273 (n=None, a=3.001, d=511.9)
('d-strip', '101-10^4') L1>=0.075613 (n=1815, a=63.99, d=3)  L2>=0.075431 (n=1815, a=63.99, d=3)  L3>=0.0068987 (n=1230, a=12.66, d=0.001)  aL1>=1.0317 (n=1518, a=4.421, d=0.0004266)  aL3>=0.077416 (n=3360, a=11.09, d=0.006329)
('d-strip', '37-100') L1>=0.080003 (n=67, a=63.99, d=1.602)  L2>=0.079933 (n=67, a=63.99, d=1.602)  L3>=0.0073276 (n=41, a=40, d=2.999)  aL1>=1.0388 (n=100, a=4.158, d=0.1722)  aL3>=0.091566 (n=93, a=9.957, d=0.1897)
('d-strip', '>10^4') L1>=0.075585 (n=21164, a=63.99, d=3)  L2>=0.075403 (n=21164, a=63.99, d=3)  L3>=0.0068176 (n=408602, a=12.5, d=0.0001)  aL1>=1.0314 (n=16247, a=4.684, d=0.0002058)  aL3>=0.074605 (n=246234, a=9.879, d=0.0004315)
('d-strip', 'inf') L1>=0.075582 (n=None, a=63.99, d=3)  L2>=0.075401 (n=None, a=63.99, d=3)  L3>=0.0068123 (n=None, a=12.36, d=0.0001044)  aL1>=1.0328 (n=None, a=4.267, d=0.03298)  aL3>=0.076642 (n=None, a=9.178, d=0.0001)
('far d>=512', '101-10^4') L1>=0.07005 (n=620, a=453, d=512)  L2>=0.068153 (n=107, a=41.37, d=512.1)  L3>=0.0048696 (n=620, a=453, d=512)  aL1>=0.96019 (n=597, a=3.396, d=729.4)  aL3>=0.066901 (n=597, a=3.396, d=729.4)
('far d>=512', '37-100') L1>=0.068059 (n=52, a=712.6, d=515)  L2>=0.068043 (n=60, a=3, d=512)  L3>=0.0046283 (n=52, a=712.6, d=515)  aL1>=0.95357 (n=50, a=3, d=515)  aL3>=0.064884 (n=50, a=3, d=515)
('far d>=512', '>10^4') L1>=0.070382 (n=31023, a=1231, d=515)  L2>=0.070203 (n=11622, a=795.5, d=1085)  L3>=0.0049452 (n=31023, a=1231, d=515)  aL1>=0.96171 (n=33671, a=3, d=585.7)  aL3>=0.068113 (n=33671, a=3, d=585.7)
('far d>=512', 'inf') L1>=0.070538 (n=None, a=928.5, d=700)  L2>=0.070296 (n=None, a=500, d=1189)  L3>=0.0049593 (n=None, a=928.5, d=700)  aL1>=0.97316 (n=None, a=4.417, d=1068)  aL3>=0.068575 (n=None, a=4.417, d=1068)
('strip a<3', '101-10^4') L1>=0.31803 (n=103, a=2.999, d=273.3)  L2>=0.067407 (n=103, a=2.999, d=273.3)  L3>=0.021436 (n=103, a=2.999, d=273.3)  aL1>=0.95376 (n=103, a=2.999, d=273.3)  aL3>=0.064287 (n=103, a=2.999, d=273.3)
('strip a<3', '37-100') L1>=0.31412 (n=41, a=2.999, d=64)  L2>=0.059438 (n=37, a=2.605, d=45.64)  L3>=0.019189 (n=37, a=2.917, d=53.67)  aL1>=0.9389 (n=37, a=2.917, d=53.67)  aL3>=0.055979 (n=37, a=2.917, d=53.67)
('strip a<3', '>10^4') L1>=0.32034 (n=105973, a=2.999, d=1334)  L2>=0.070325 (n=23794, a=1.5, d=1397)  L3>=0.022541 (n=105973, a=2.999, d=1334)  aL1>=0.96064 (n=315979, a=2.877, d=1337)  aL3>=0.067598 (n=25980, a=2.67, d=1301)
('strip a<3', 'inf') L1>=0.32077 (n=None, a=2.999, d=515)  L2>=0.070385 (n=None, a=0.2365, d=1294)  L3>=0.022763 (n=None, a=2.999, d=515)  aL1>=0.9614 (n=None, a=2.759, d=700)  aL3>=0.06798 (n=None, a=2.759, d=700)
('tail a>=64', '101-10^4') L1>=0.066829 (n=120, a=500, d=49.62)  L2>=0.066807 (n=120, a=500, d=49.62)  L3>=0.0038549 (n=7705, a=174.3, d=8.36)  aL1>=4.7671 (n=4457, a=64.01, d=4)  aL3>=0.28724 (n=996, a=64.01, d=8.36)
('tail a>=64', '37-100') L1>=0.055336 (n=38, a=1095, d=40.79)  L2>=0.055336 (n=38, a=1095, d=40.79)  L3>=0.0030403 (n=38, a=1095, d=40.79)  aL1>=3.9346 (n=37, a=64, d=64)  aL3>=0.22296 (n=37, a=64, d=64)
('tail a>=64', '>10^4') L1>=0.068821 (n=341396, a=772.1, d=3.75)  L2>=0.068819 (n=341396, a=772.1, d=3.75)  L3>=0.0036184 (n=186160, a=500, d=8.36)  aL1>=4.7515 (n=12851, a=64, d=5.296)  aL3>=0.28587 (n=30105, a=64.01, d=8.36)
('tail a>=64', 'inf') L1>=0.068799 (n=None, a=500, d=4)  L2>=0.068794 (n=None, a=500, d=4)  L3>=0.0036603 (n=None, a=374.6, d=8.36)  aL1>=4.7779 (n=None, a=64, d=3.75)  aL3>=0.3086 (n=None, a=70.68, d=8.061)
