inf 86.064 0.000545169 F=0.99995347 L1=0.085343708 L2=0.085343701 L3=0.013336463 acc=3.3e-58
50 77.8553 110.956 F=0.00065192994 L1=0.065991745 L2=0.063627423 L3=0.0041692667
5543 0.719492 0.01 F=0.98585444 L1=1.4342312 L2=1.4149326 L3=2.0528578
inf 0.817464 8.25848 F=0.080735232 L1=1.2293248 L2=0.12417483 L3=0.15736579
316 2.93975 59.9417 F=0.0023124071 L1=0.33116683 L2=0.076289946 L3=0.025412867
6987 16 511.9 F=3.6450401e-17 L1=0.099256697 L2=0.070842292 L3=0.0070317117
41 8 15.999 F=0.18112356 L1=0.14687561 L2=0.095907053 L3=0.015167896
2750 1.75736 0.0350227 F=0.97961042 L1=0.59393163 L2=0.58233905 L3=0.35160824
78108 84.1928 0.00717875 F=0.99938749 L1=0.085327814 L2=0.085327726 L3=0.013280973
471064 86.6189 3.001 F=0.78989051 L1=0.074060365 L2=0.073960025 L3=0.0072745247
156314 2.44871 14.0431 F=0.11173448 L1=0.41431137 L2=0.10128609 L3=0.041614263 acc=1.6e-61
158 318.529 63.99 F=0.0093602187 L1=0.067680811 L2=0.067508759 L3=0.0045948276
54303 2188.96 40.104 F=0.045640534 L1=0.076071163 L2=0.076067259 L3=0.006121969
9942 102.849 0.076633 F=0.99351089 L1=0.084713664 L2=0.084712997 L3=0.013402203
100 0.0998112 1.93236 F=0.046671311 L1=10.046908 L2=0.50093801 L3=5.0410477
7683 122.936 44.2785 F=0.029121408 L1=0.078450589 L2=0.077424967 L3=0.0063591569
169682 4.10378 92.5174 F=0.00021377369 L1=0.23906592 L2=0.075143658 L3=0.018004817
100 500 66.0985 F=0.0091990504 L1=0.06529381 L2=0.06527786 L3=0.0042500617
41 1.26908 3.75 F=0.24098224 L1=0.80187006 L2=0.20661401 L3=0.16799136
1616 64 0.0001 F=0.99999142 L1=0.085772194 L2=0.085772192 L3=0.012806119
inf 89.1931 2.38988 F=0.82688171 L1=0.075257191 L2=0.075188817 L3=0.0081827064 acc=3.0e-56
37 107.667 6.2669 F=0.61061172 L1=0.077727171 L2=0.077637099 L3=0.0046576573
179 1.7494 655.88 F=2.2957736e-21 L1=0.55161658 L2=0.06868911 L3=0.037889529
57702 3 0.0394518 F=0.98652272 L1=0.34630127 L2=0.34172289 L3=0.11513467
43393 1.25363 1 F=0.54394859 L1=0.8223544 L2=0.4588681 L3=0.38315511
420115 1.23641 0.539249 F=0.6864053 L1=0.8367543 L2=0.58422271 L3=0.49681354
37 0.332548 15.999 F=0.014871492 L1=3.007565 L2=0.10254387 L3=0.30952657
512756 0.00146453 0.20487 F=0.0070129758 L1=682.86895 L2=4.8981149 L3=3344.8068
415598 81.9925 0.00167958 F=0.99985659 L1=0.085387156 L2=0.085387135 L3=0.013248167
305 81.2936 0.01 F=0.99914242 L1=0.085764148 L2=0.085764017 L3=0.013518394
52 55.6028 479.326 F=1.3821457e-14 L1=0.07279545 L2=0.067915979 L3=0.0049396585 acc=1.7e-40
inf 14.1541 0.203623 F=0.98005374 L1=0.099447122 L2=0.09893802 L3=0.0075977706
inf 59.6851 262.932 F=3.0883635e-9 L1=0.078234562 L2=0.071554642 L3=0.0055980461
inf 0.0160243 46.6505 F=4.3379648e-5 L1=62.391677 L2=0.084369284 L3=5.2642924
1846 1.5 44.8801 F=0.0041386453 L1=0.65776328 L2=0.08441898 L3=0.055885849
2574 69.321 0.0361197 F=0.99691518 L1=0.085437057 L2=0.085436383 L3=0.012867738
125622 310.282 0.01 F=0.99915444 L1=0.084554927 L2=0.084554918 L3=0.014554654
26898 2.35005 6.4691 F=0.24313224 L1=0.43633703 L2=0.13350743 L3=0.060390383
1342 2.999 3.75 F=0.42455409 L1=0.34652872 L2=0.16339269 L3=0.057119638
12179 8 6.45932 F=0.47324868 L1=0.14152596 L2=0.098362425 L3=0.014721299
inf 0.00421302 25.3018 F=7.9210967e-5 L1=237.35632 L2=0.097555159 L3=23.155915 acc=2.8e-53
inf 2.40705 0.000579378 F=0.99974919 L1=0.43300372 L2=0.43289824 L3=0.18743077
50 0.0767497 33.0429 F=0.00081115567 L1=13.010385 L2=0.072473212 L3=0.94367481
inf 2.69421 0.0943393 F=0.9648234 L1=0.38637783 L2=0.37311447 L3=0.14262622
inf 0.001 24.6935 F=1.9959469e-5 L1=999.99728 L2=0.097897643 L3=97.897955
885464 0.10968 0.187756 F=0.3648976 L1=9.1729397 L2=3.4119258 L3=31.331059
54 1.82355 0.114263 F=0.9383939 L1=0.5733775 L2=0.53961156 L3=0.31514254
125 1.50403 0.00638769 F=0.9955837 L1=0.69433735 L2=0.69142338 L3=0.48955884
100 2.20629 21.1832 F=0.050073312 L1=0.45501649 L2=0.095823975 L3=0.044418305
710 151.594 40 F=0.04257695 L1=0.077582069 L2=0.076932118 L3=0.0063063767
37 70.8235 15.0949 F=0.29203672 L1=0.082861311 L2=0.082108412 L3=0.0080613314 acc=2.7e-59
inf 50.6455 15.999 F=0.27670819 L1=0.088978571 L2=0.086921161 L3=0.007003122
761593 1.2746 40 F=0.0054141275 L1=0.7772245 L2=0.087799849 L3=0.068672172
425 0.659086 511.9 F=8.0496398e-18 L1=1.4935372 L2=0.069546393 L3=0.10387146
inf 3.20823 240.211 F=3.6822997e-9 L1=0.30078762 L2=0.072025434 L3=0.021670237
380 100 67.9239 F=0.005346304 L1=0.073521785 L2=0.0715863 L3=0.0053066345
inf 48.0502 0.001 F=0.99991386 L1=0.086144501 L2=0.086144463 L3=0.011984431
673773 63.8701 25.9771 F=0.11901592 L1=0.088424707 L2=0.086348464 L3=0.007871565
64 11.6604 0.001 F=0.99989133 L1=0.1086815 L2=0.10867718 L3=0.0081539763
37846 1013.39 0.0730792 F=0.99386858 L1=0.083878645 L2=0.083878638 L3=0.014656753
606514 3.001 30.049 F=0.026823482 L1=0.33676477 L2=0.094102252 L3=0.03217421 acc=3.9e-65
24621 82.6656 1.46654 F=0.88722906 L1=0.078380004 L2=0.07834064 L3=0.0098113765
64 1.45483 15.999 F=0.058880137 L1=0.69035075 L2=0.1016362 L3=0.070801061
185788 141.803 0.000402049 F=0.99996584 L1=0.08495239 L2=0.084952388 L3=0.014016009
64251 0.5 0.000135425 F=0.9997224 L1=2.0503728 L2=2.0498275 L3=4.2326384
100 0.096962 16 F=0.0045223431 L1=10.314324 L2=0.10213655 L3=1.0539786
686528 97.9642 64.01 F=0.0063043899 L1=0.076176075 L2=0.074230894 L3=0.005741213
inf 63.99 33.0722 F=0.065109024 L1=0.086095939 L2=0.08361122 L3=0.007570672
inf 110.852 4 F=0.73628259 L1=0.071731646 L2=0.071639027 L3=0.0060238296
40 2.91828 515 F=4.4408104e-16 L1=0.32663935 L2=0.068049871 L3=0.022225349
inf 83.2011 60.6064 F=0.0078689847 L1=0.077395685 L2=0.074960473 L3=0.0059115159 acc=2.3e-63
807297 0.0127892 0.053969 F=0.19091517 L1=78.254528 L2=15.041245 L3=1177.0893
197 2.16604 4.14125 F=0.32668966 L1=0.47454605 L2=0.17154428 L3=0.082371025
inf 1.10431 1 F=0.51240118 L1=0.93155821 L2=0.49094122 L3=0.46399038
465 16 0.262206 F=0.975309 L1=0.095725796 L2=0.095286099 L3=0.0080651435
1809 98.2791 65.475 F=0.005800354 L1=0.075539035 L2=0.07357665 L3=0.0056307891
inf 114.578 0.186992 F=0.98432362 L1=0.083911711 L2=0.083910278 L3=0.013206018
85 0.00370787 0.0936767 F=0.037847382 L1=269.76008 L2=10.328797 L3=2786.3395
371 1.51906 65.3553 F=0.00088085771 L1=0.64338823 L2=0.075769846 L3=0.048877189
233005 0.530641 0.00380159 F=0.99270031 L1=1.9339252 L2=1.9204157 L3=3.7426427
1296 0.450481 0.0547765 F=0.88913579 L1=2.2700589 L2=2.0278831 L3=4.6325375 acc=4.0e-54
64 106.25 36.4487 F=0.064974999 L1=0.065639206 L2=0.064798199 L3=0.0046186588
inf 2.60041 47.2558 F=0.005250478 L1=0.37933538 L2=0.083728433 L3=0.032075276
40 4.32123 4 F=0.4908509 L1=0.24453855 L2=0.14103851 L3=0.03408105
23679 1.64943 40.483 F=0.0064866276 L1=0.59996376 L2=0.087398261 L3=0.05285573
inf 1.60004 3.48632 F=0.30093495 L1=0.63972278 L2=0.20610183 L3=0.1337831
90309 78.1993 0.000269644 F=0.99997696 L1=0.085447855 L2=0.085447851 L3=0.013165415
216 2.10523 512 F=4.1658688e-17 L1=0.45662308 L2=0.068751573 L3=0.031393684
2545 1.20987 0.0269697 F=0.97730985 L1=0.86015973 L2=0.84163872 L3=0.73719308
inf 0.5 575.257 F=3.1000926e-20 L1=1.9765056 L2=0.070860044 L3=0.1400567
100 64.01 0.186885 F=0.98397623 L1=0.085891969 L2=0.085887483 L3=0.013097021 acc=3.5e-58
10745 0.001 0.00131289 F=0.43232137 L1=1000.0666 L2=432.42569 L3=432454.53
559477 1.5 0.000402547 F=0.99972008 L1=0.69557187 L2=0.69538656 L3=0.49283653
7598 51.9927 40 F=0.035490276 L1=0.085176746 L2=0.081243387 L3=0.0072567998
inf 86.2084 64 F=0.0061510957 L1=0.076858861 L2=0.074478046 L3=0.0058109685
1203 1.82002 64.163 F=0.0010416375 L1=0.53692006 L2=0.077660173 L3=0.041841481
53 41.9597 0.0066324 F=0.99941082 L1=0.088841646 L2=0.088841319 L3=0.013193482
281 2.52682 30.9147 F=0.022241232 L1=0.39480106 L2=0.090252402 L3=0.036214856
inf 0.194131 5.55319 F=0.031493709 L1=5.1646361 L2=0.18275396 L3=0.94539553
91681 1.44805 64.01 F=0.0008387099 L1=0.6772208 L2=0.078487025 L3=0.053306383
16173 99.4502 23.9034 F=0.14927523 L1=0.08604495 L2=0.085154884 L3=0.0074634728 acc=1.3e-69
127193 1752.47 0.615072 F=0.95073541 L1=0.080012974 L2=0.080012947 L3=0.012846044
23048 2211.46 3.001 F=0.79662382 L1=0.069886444 L2=0.069886285 L3=0.0072357485
50 0.00659572 3.75 F=0.001650765 L1=151.63136 L2=0.26870057 L3=40.747491
55346 16 52.5438 F=0.0091872884 L1=0.10244251 L2=0.080004557 L3=0.0083842544
61144 1 0.000874802 F=0.99909263 L1=1.0381339 L2=1.0372413 L3=1.094311
30186 0.01 34.9671 F=7.542018e-5 L1=99.991445 L2=0.091214117 L3=9.1211556
153 30.7839 2.999 F=0.77680315 L1=0.082217725 L2=0.081431881 L3=0.0074501087
37 25.3493 51.14 F=0.025483585 L1=0.069533875 L2=0.058391949 L3=0.0038701374
647733 1.54398 0.000457217 F=0.99969106 L1=0.67588809 L2=0.67568921 L3=0.4652356
2349 0.0087774 0.141304 F=0.057983932 L1=113.98921 L2=6.7186552 L3=765.89327 acc=4.4e-53
inf 2.5316 72.8112 F=0.00067137091 L1=0.38477876 L2=0.076975304 L3=0.029715901
37 2.999 0.000442827 F=0.99984581 L1=0.3482398 L2=0.34818759 L3=0.11953908
283 0.036456 0.353991 F=0.091626326 L1=27.48292 L2=2.6039845 L3=71.594527
8770 46.8505 0.109021 F=0.99067167 L1=0.085728496 L2=0.085723667 L3=0.011708461
40 79.6429 2.25465 F=0.82983562 L1=0.078449583 L2=0.078392127 L3=0.0085552498
inf 61.2257 0.01 F=0.99914307 L1=0.085703204 L2=0.08570297 L3=0.012618412
37799 0.00556956 40 F=2.6772346e-5 L1=179.53625 L2=0.08798112 L3=15.796251
41 1 360.229 F=6.1547015e-12 L1=0.97623082 L2=0.067206148 L3=0.065604512
692 0.0290599 0.266032 F=0.09702172 L1=34.46699 L2=3.4362073 L3=118.46854
5391 1 908.762 F=3.8793534e-30 L1=0.97804423 L2=0.070411309 L3=0.068865865 acc=7.3e-7
18413 123.766 0.0219387 F=0.99813746 L1=0.084904243 L2=0.084904117 L3=0.013800503
64 64.01 61.2976 F=0.012460299 L1=0.066917692 L2=0.063790759 L3=0.0042104364
8287 3.001 24.0271 F=0.047858984 L1=0.33946829 L2=0.097968689 L3=0.033666646
inf 80.7194 515 F=5.725612e-17 L1=0.076116594 L2=0.070840733 L3=0.0053921553
661002 88.6705 8.36 F=0.53452716 L1=0.07518218 L2=0.074810805 L3=0.0041970053
inf 0.25 3.75 F=0.05896997 L1=4.0176303 L2=0.25480067 L3=1.0270845
inf 0.25 0.546263 F=0.30668839 L1=4.0429234 L2=1.2871627 L3=5.2237255
231230 0.460122 0.00545343 F=0.98800999 L1=2.2246769 L2=2.1990639 L3=4.9229099
4418 3 0.254546 F=0.91886201 L1=0.3469013 L2=0.31942377 L3=0.10851971
5434 79.4671 1.66809 F=0.87323902 L1=0.077815526 L2=0.07776433 L3=0.0094052232 acc=2.9e-64
5105 2.999 21.7021 F=0.060162677 L1=0.34052168 L2=0.099192332 L3=0.034106009
154 500 58.3493 F=0.013984909 L1=0.067443928 L2=0.06740282 L3=0.0045980218
13809 2.60862 64.01 F=0.0013651484 L1=0.37443113 L2=0.078362494 L3=0.029485119
inf 0.650798 2.999 F=0.16979931 L1=1.5554204 L2=0.28026697 L3=0.43970075
140601 164.194 68.8214 F=0.0048238315 L1=0.073794421 L2=0.072922934 L3=0.0054422502
37 2.4013 0.27366 F=0.89322204 L1=0.43563535 L2=0.39079231 L3=0.17215732
inf 0.01 515 F=4.6588111e-20 L1=99.974886 L2=0.070959488 L3=7.0941686
11491 3.63472 63.99 F=0.0017468796 L1=0.27053743 L2=0.078289661 L3=0.021316417
7124 1579.12 875.435 F=1.4956483e-27 L1=0.070213887 L2=0.070101955 L3=0.0049221291
744008 0.25 0.01 F=0.960985 L1=4.0575507 L2=3.9033828 L3=15.875511 acc=1.5e-61
37 1.93923 0.0778766 F=0.95958445 L1=0.54010439 L2=0.51925307 L3=0.28571661
62123 500 0.00510302 F=0.99956885 L1=0.084487522 L2=0.08448752 L3=0.014755755
9306 63.99 0.0727619 F=0.99379731 L1=0.085318496 L2=0.085316846 L3=0.012578472
inf 0.268577 0.00190862 F=0.99283521 L1=3.7805859 L2=3.7542518 L3=14.23036
50 16 69.1785 F=0.0058521378 L1=0.087093733 L2=0.063633437 L3=0.0054666873
4393 0.25 0.000860959 F=0.99651829 L1=4.0579162 L2=4.0441602 L3=16.448672
246263 213.381 0.208062 F=0.98267037 L1=0.083304716 L2=0.083304251 L3=0.013677109
993 50.3833 16 F=0.27621243 L1=0.088867899 L2=0.086791736 L3=0.0070519689
inf 11.9083 0.026909 F=0.99714567 L1=0.10634025 L2=0.10622842 L3=0.0069295925
86 0.00136805 25.7791 F=2.5085876e-5 L1=730.95973 L2=0.089749844 L3=65.604493 acc=3.2e-57
561112 91.8626 0.00194586 F=0.99983408 L1=0.085271938 L2=0.085271918 L3=0.013441263
41 1.5 1.71094 F=0.45327185 L1=0.68660154 L2=0.32154667 L3=0.22518402
41 0.0107339 493.722 F=8.6973398e-18 L1=93.136738 L2=0.067960364 L3=6.3296046
73 500 40.3856 F=0.051880691 L1=0.064229665 L2=0.06422673 L3=0.0043551398
41 125.356 51.2676 F=0.031075206 L1=0.058139697 L2=0.057723642 L3=0.0032030921
127 16 23.4128 F=0.11578639 L1=0.10585048 L2=0.088747914 L3=0.0099669872
604 51.8562 0.00631805 F=0.99945548 L1=0.086193345 L2=0.086193138 L3=0.012353827
2438 0.939792 512.1 F=5.7431242e-18 L1=1.0421466 L2=0.070667925 L3=0.073648036
298 0.0807783 1384.54 F=8.4426702e-45 L1=12.353494 L2=0.069324764 L3=7.2905863e+37
64 0.0118688 16 F=0.00055514211 L1=84.255006 L2=0.10245309 L3=8.6328874 acc=2.2e-55
inf 1.60973 511.9 F=8.051236e-18 L1=0.60225298 L2=0.070965027 L3=0.042740492
50 74.0233 63.2819 F=0.012911363 L1=0.063729319 L2=0.061559179 L3=0.0038263771
222 2.20494 0.0142881 F=0.99327978 L1=0.47344947 L2=0.47037734 L3=0.224493
34524 63.99 7.69715 F=0.55520691 L1=0.076333904 L2=0.075708653 L3=0.0044643243
68932 2.12909 100.511 F=7.1985171e-5 L1=0.45606964 L2=0.074726808 L3=0.034120615
64 88.1385 618.81 F=8.9037205e-19 L1=0.070966569 L2=0.068385109 L3=0.0048504605
64 9.52137 69.4996 F=0.003909286 L1=0.11480452 L2=0.066087926 L3=0.0075598434
7911 500 51.1407 F=0.019426688 L1=0.073761824 L2=0.073672718 L3=0.0056335911
225725 4.18884 63.1796 F=0.0020432771 L1=0.23673428 L2=0.078496385 L3=0.018721064
49 1.5 0.11814 F=0.923804 L1=0.69615365 L2=0.64571382 L3=0.45876908 acc=4.0e-51
184 73.6595 0.294553 F=0.97517636 L1=0.084494569 L2=0.084488704 L3=0.012712509
inf 1.37237 45.7964 F=0.0035054865 L1=0.71940111 L2=0.084598038 L3=0.06120746
101 8 0.000494335 F=0.99993278 L1=0.13600012 L2=0.13599375 L3=0.011794155
inf 0.452467 0.000518008 F=0.9988297 L1=2.2618184 L2=2.2592761 L3=5.1412057
inf 459.368 0.305858 F=0.97481003 L1=0.082323082 L2=0.082322924 L3=0.013676804
131 0.44862 0.25646 F=0.62886077 L1=2.27468 L2=1.4578084 L3=3.3392468
inf 142.428 67.3619 F=0.0052524589 L1=0.074353955 L2=0.073262988 L3=0.0055153413
inf 0.549673 0.148028 F=0.78258599 L1=1.8644393 L2=1.4748574 L3=2.7733483
inf 107.246 0.0842076 F=0.9928779 L1=0.084614788 L2=0.084614109 L3=0.01342698
74 2.47665 37.5038 F=0.014116658 L1=0.39188008 L2=0.074483611 L3=0.029675144 acc=3.6e-55
100 8 60.0766 F=0.0055102099 L1=0.13250696 L2=0.07026023 L3=0.0093524777
44431 2.25738 51.6873 F=0.0032583534 L1=0.43514408 L2=0.081907328 L3=0.035902752
20240 2.5736 0.0169884 F=0.99317242 L1=0.4046343 L2=0.4019419 L3=0.16156262
17730 64 47.7759 F=0.019908389 L1=0.081268174 L2=0.078093284 L3=0.006587474
41 2.21551 0.00310553 F=0.99853397 L1=0.47274491 L2=0.47207945 L3=0.22605231
62198 1.07379 0.285807 F=0.7825922 L1=0.96395453 L2=0.76345535 L3=0.74780512
100 40.1742 512.1 F=5.6189816e-16 L1=0.077913389 L2=0.068127568 L3=0.0053048411
40 1653.67 8.36 F=0.52208151 L1=0.079338785 L2=0.079338785 L3=0.0048869327
2809 73.8703 15.999 F=0.28619732 L1=0.085926654 L2=0.084876952 L3=0.0065878526
928200 0.857874 38.8705 F=0.0041898373 L1=1.1575243 L2=0.088566754 L3=0.10297259 acc=3.5e-67
inf 2.2066 41.1237 F=0.0077882127 L1=0.44865477 L2=0.086971759 L3=0.039423557
inf 0.132537 4 F=0.030179785 L1=7.5622415 L2=0.24650274 L3=1.8673352
9597 16 39.1966 F=0.027653525 L1=0.10592249 L2=0.085293246 L3=0.0093802741
616012 0.619116 3.001 F=0.1627903 L1=1.6341701 L2=0.2824191 L3=0.46534227
64 2.60837 0.187606 F=0.93006951 L1=0.40033067 L2=0.37319006 L3=0.14946848
8833 44.8925 40 F=0.034386934 L1=0.086654315 L2=0.081729488 L3=0.0074189289
64 758.828 0.000327667 F=0.9999715 L1=0.086968582 L2=0.086968582 L3=0.015469028
66962 0.411214 1.07619 F=0.26727578 L1=2.4644933 L2=0.69008181 L3=1.7116866
inf 0.072347 0.989142 F=0.065646298 L1=13.860536 L2=0.96326699 L3=13.366406
3337 0.48502 515 F=2.4184426e-18 L1=2.0381757 L2=0.070740499 L3=0.14418333 acc=2.3e-40
8799 104.428 512 F=8.2350855e-17 L1=0.07465706 L2=0.070728087 L3=0.00528035
4859 53.2237 0.1 F=0.99146145 L1=0.085512899 L2=0.085509525 L3=0.012084913
2970 2.22123 0.0453082 F=0.9791585 L1=0.46958836 L2=0.46012234 L3=0.2174825
100 0.081553 0.00243951 F=0.97080272 L1=12.326527 L2=11.970298 L3=147.59675
1448 357.993 512 F=1.5768443e-16 L1=0.070902244 L2=0.070094895 L3=0.0049698458
621 16 35.1818 F=0.039873121 L1=0.10578535 L2=0.085827759 L3=0.0094737981
166182 3 0.104382 F=0.96509793 L1=0.34649892 L2=0.33465326 L3=0.11304671
150 3.001 0.0632637 F=0.97853722 L1=0.34670732 L2=0.33942785 L3=0.11499284
4519 1.5 0.250804 F=0.85116408 L1=0.69355377 L2=0.59467616 L3=0.41968848
16076 65.8288 0.683153 F=0.94429339 L1=0.082276463 L2=0.082254936 L3=0.011222788 acc=2.9e-64
1252 45.2601 0.27656 F=0.97656097 L1=0.085186805 L2=0.085171948 L3=0.011353848
174 120.047 13.2329 F=0.36692551 L1=0.080970554 L2=0.080634687 L3=0.0056635276
37 2.03376 43.9386 F=0.0099365555 L1=0.4682852 L2=0.059558965 L3=0.02800477
38 35.267 441.387 F=2.3705377e-13 L1=0.075975779 L2=0.067734691 L3=0.0051410712
41 2.999 530.888 F=1.4839359e-16 L1=0.31781729 L2=0.068108577 L3=0.021643797
inf 0.0203599 0.0192676 F=0.51313733 L1=49.181227 L2=25.299307 L3=1244.2966
50 26.5431 0.184704 F=0.98347484 L1=0.089948837 L2=0.089907196 L3=0.011139671
inf 5.36511 0.205586 F=0.9617116 L1=0.19408146 L2=0.18723041 L3=0.029889169
69 456.872 3.75 F=0.74838423 L1=0.072139944 L2=0.072139648 L3=0.0061031554
7833 3.02104 3.69312 F=0.43023509 L1=0.34415028 L2=0.1640823 L3=0.056968161 acc=2.2e-56
114001 2.80008 512.1 F=1.2486464e-17 L1=0.34352155 L2=0.070957638 L3=0.024376865
inf 100 55.6883 F=0.011785177 L1=0.07704901 L2=0.075331823 L3=0.005956485
1398 0.5 3.001 F=0.13572631 L1=2.0194407 L2=0.29142796 L3=0.59257637
633 0.001 64.01 F=7.0746227e-7 L1=999.98113 L2=0.077076208 L3=77.074911
215 1330.63 3 F=0.79479057 L1=0.07083014 L2=0.070830105 L3=0.0072227124
802 1.29268 41.8057 F=0.0047849955 L1=0.76465534 L2=0.085313351 L3=0.065643516
92 1.10435 511.9 F=7.3550976e-17 L1=0.88254749 L2=0.068097785 L3=0.060097853
12792 1.4853 1050.36 F=2.3877026e-34 L1=0.65330353 L2=0.070415423 L3=-1383.7603  VIOLATION
100 120.86 0.256751 F=0.97828773 L1=0.084623096 L2=0.08462144 L3=0.013776372
248 59.8551 476.287 F=2.5805362e-15 L1=0.075838296 L2=0.068856182 L3=0.0052207981 acc=4.5e-44
4321 125.096 14.8335 F=0.32566857 L1=0.082293936 L2=0.081928058 L3=0.0058336108
44070 64.8293 0.215021 F=0.98186712 L1=0.084546117 L2=0.084540814 L3=0.012256677
73 1.57618 35.7213 F=0.011146668 L1=0.62068996 L2=0.075874219 L3=0.047674201
inf 0.0652449 0.553195 F=0.10279742 L1=15.373327 L2=1.6505202 L3=25.396852
inf 176.133 647.709 F=6.6196712e-21 L1=0.07282256 L2=0.07060765 L3=0.0051418298
64 2.03877 1.14772 F=0.62784592 L1=0.50942084 L2=0.32607009 L3=0.16907625
41 2.95175 1372.5 F=9.8713324e-42 L1=0.32369592 L2=0.069270215 L3=1.6692185e+41
inf 63.9303 20.395 F=0.19335242 L1=0.088827757 L2=0.087131551 L3=0.0075938972
95 2.26571 19.9765 F=0.057435403 L1=0.44411742 L2=0.097067482 L3=0.04389601
inf 0.001 0.000203272 F=0.83105623 L1=1000.0666 L2=831.1341 L3=831189.52 acc=6.9e-43
38 100 0.0001 F=0.99999111 L1=0.088914195 L2=0.088914194 L3=0.015446507
111 0.0193792 0.00131348 F=0.93644234 L1=51.668527 L2=48.393031 L3=2500.4438
38 64.01 0.001 F=0.99991075 L1=0.089252676 L2=0.089252659 L3=0.014844515
50 102.448 0.000491603 F=0.99995676 L1=0.087947941 L2=0.087947938 L3=0.015135868
52178 656.426 31.9147 F=0.084796577 L1=0.079574808 L2=0.079541711 L3=0.0066964326
inf 0.001 3.001 F=0.00031414127 L1=1000.0218 L2=0.3374165 L3=337.42888
61 1.88979 0.0001 F=0.99994462 L1=0.5537863 L2=0.553757 L3=0.31205965
41 64.01 192.625 F=4.029543e-6 L1=0.068173993 L2=0.065056752 L3=0.0044137453
1155 2.44274 0.001 F=0.99957352 L1=0.42666387 L2=0.42648705 L3=0.1817549
inf 0.515006 0.01 F=0.98046547 L1=1.9913888 L2=1.9541279 L3=3.9203475 acc=3.7e-46
101793 0.812602 8.36 F=0.079301359 L1=1.236174 L2=0.12261483 L3=0.15627924
17499 1.5 64.01 F=0.00086631944 L1=0.65346312 L2=0.078439936 L3=0.05141024
inf 0.017078 0.251938 F=0.062583487 L1=58.610837 L2=3.7656484 L3=220.74149
39880 64 511.9 F=6.5147394e-17 L1=0.077669723 L2=0.070850952 L3=0.0055029738
147 118.926 368.207 F=9.2371526e-12 L1=0.070586321 L2=0.068018596 L3=0.0047982895
465528 1.12058 32.9892 F=0.0090829986 L1=0.88792812 L2=0.092416643 L3=0.082579562
65 2.90038 0.000491764 F=0.99982329 L1=0.35940889 L2=0.35934695 L3=0.1271785
112985 128.868 1.49575 F=0.88627162 L1=0.077093346 L2=0.077076595 L3=0.0099671885
50 0.0078473 700 F=3.6485135e-24 L1=127.40624 L2=0.068564283 L3=8.7355164
49904 0.672944 1423.18 F=4.4663314e-46 L1=1.4626684 L2=0.070334877 L3=5.4335731e+32 acc=2.2e+24
173 5.11123 145.14 F=8.8384125e-6 L1=0.19159284 L2=0.069545677 L3=0.013333841
218 120.385 11.3041 F=0.42875012 L1=0.07874617 L2=0.07846058 L3=0.0048878097
64 8 2.999 F=0.68379374 L1=0.14408162 L2=0.11731767 L3=0.01648439
569650 0.00145719 52.7004 F=2.3906883e-6 L1=686.23597 L2=0.081792615 L3=56.129306
1531 2.63114 0.780802 F=0.76301423 L1=0.39606173 L2=0.30519392 L3=0.12112269
34696 0.89625 43.128 F=0.0030090496 L1=1.1059075 L2=0.086025966 L3=0.09552857
160123 1 28.9014 F=0.012035839 L1=0.99736172 L2=0.095229344 L3=0.095523871
321151 2.83729 0.23831 F=0.91956266 L1=0.36692503 L2=0.33813422 L3=0.12233586
135436 0.366777 64.01 F=0.00023506085 L1=2.7095116 L2=0.07854617 L3=0.21298401
inf 6.44861 0.00179787 F=0.99970866 L1=0.16210045 L2=0.16205977 L3=0.018413246 acc=1.6e-49
40 1.36836 1 F=0.56479611 L1=0.75539458 L2=0.43756804 L3=0.33686757
41 29.3181 65.0657 F=0.010738223 L1=0.070760879 L2=0.060972804 L3=0.0041888308
38 8 178.182 F=5.4757072e-6 L1=0.12809485 L2=0.064705035 L3=0.0082685573
52 40 0.001 F=0.99991098 L1=0.089021869 L2=0.089021814 L3=0.013074871
287071 1810.16 389.86 F=8.9416606e-13 L1=0.070273455 L2=0.070224763 L3=0.0049349367
77 55.2145 0.008671 F=0.9992409 L1=0.087552888 L2=0.087552647 L3=0.013516617
40 16 0.000179349 F=0.99998244 L1=0.097922927 L2=0.097922644 L3=0.0095030128
29701 0.00126824 3.75 F=0.00031789742 L1=788.51236 L2=0.2703722 L3=213.19557
41 2.999 495.36 F=1.6644548e-15 L1=0.31773022 L2=0.06797243 L3=0.021594269
inf 0.469895 27.9177 F=0.0065466485 L1=2.1246263 L2=0.095936616 L3=0.20439594 acc=3.2e-49
56239 1 0.00628814 F=0.99351355 L1=1.0380395 L2=1.0316581 L3=1.0883061
inf 59.0129 0.0001 F=0.99999142 L1=0.085808938 L2=0.085808936 L3=0.012552116
144 500 51.8284 F=0.021945937 L1=0.067616247 L2=0.067583206 L3=0.004673094
1697 0.5 0.000867458 F=0.99822444 L1=2.0504056 L2=2.0469175 L3=4.2267376
38 157.786 9.2505 F=0.48389282 L1=0.081177783 L2=0.081141356 L3=0.0054258766
100 130.582 0.118758 F=0.9898478 L1=0.085501123 L2=0.085500546 L3=0.014331317
37 2.72761 39.3729 F=0.016552851 L1=0.34594693 L2=0.060522131 L3=0.02119487
691 1 0.122741 F=0.88674819 L1=1.0362618 L2=0.9245638 L3=0.9734101
75 9.50501 3.21404 F=0.6909879 L1=0.12715432 L2=0.10771196 L3=0.01373419
499 76.3525 63.99 F=0.0065380725 L1=0.075777922 L2=0.072914541 L3=0.0055925843 acc=2.1e-67
inf 75.214 15.999 F=0.2867112 L1=0.085865579 L2=0.084849702 L3=0.006555814
40 72.8053 0.171293 F=0.98498081 L1=0.087766812 L2=0.087764321 L3=0.014337651
inf 2.08799 64.01 F=0.0011406907 L1=0.4679821 L2=0.078461844 L3=0.036867027
114611 0.0120134 0.145297 F=0.075698825 L1=83.300662 L2=6.4120669 L3=534.16819
inf 122.986 32.731 F=0.072778053 L1=0.082565199 L2=0.08176473 L3=0.0071218177
16509 0.00195151 2.999 F=0.00061327687 L1=512.44617 L2=0.33753634 L3=172.97423
inf 0.732862 0.000821793 F=0.9988436 L1=1.4087456 L2=1.407197 L3=2.0058311
900378 1.23664 49.6344 F=0.0023202585 L1=0.79768034 L2=0.08286649 L3=0.066398042
83 3.45169 0.157247 F=0.95476315 L1=0.30144304 L2=0.28813677 L3=0.083410076
inf 0.0409405 60.2976 F=3.6285362e-5 L1=24.408462 L2=0.079435292 L3=1.9390873 acc=2.8e-55
inf 119.718 36.6116 F=0.052991433 L1=0.081233396 L2=0.080311061 L3=0.0068892144
958400 47.9594 512 F=5.6425958e-17 L1=0.080202947 L2=0.070893737 L3=0.0056858867
112398 0.0676796 64.01 F=4.4639936e-5 L1=14.757702 L2=0.078559137 L3=1.159517
203 100 0.01 F=0.99914225 L1=0.085778893 L2=0.085778808 L3=0.014001718
134390 0.00866483 0.00748135 F=0.53638392 L1=115.47501 L2=61.999841 L3=7159.4792
41 44.6069 68.7785 F=0.0095472555 L1=0.065995424 L2=0.060863363 L3=0.0039051342
100 0.188565 0.131766 F=0.58430164 L1=5.3592558 L2=3.1738262 L3=17.043468
134538 0.497238 40 F=0.0022767253 L1=2.0013964 L2=0.087923796 L3=0.17641408
371165 0.475274 54.9387 F=0.00062085534 L1=2.0892418 L2=0.080963103 L3=0.16939316
334 2775.76 52.1168 F=0.020017926 L1=0.070354143 L2=0.070354092 L3=0.005103024 acc=2.0e-355
30408 1.9247 0.000283711 F=0.99984613 L1=0.5424213 L2=0.54234115 L3=0.29827257
13139 0.0252358 40 F=0.00012115848 L1=39.615264 L2=0.087922074 L3=3.4835076
6744 0.0104176 0.219014 F=0.044833485 L1=96.048299 L2=4.4091289 L3=423.52465
inf 126.602 512 F=8.5241651e-17 L1=0.073917928 L2=0.070784188 L3=0.0052322205
41 0.001 6.43114 F=0.00014404937 L1=1000.0119 L2=0.16650708 L3=166.50998
93201 1.84762 4 F=0.30091489 L1=0.55477548 L2=0.18252533 L3=0.10258966
41 1.62853 0.140918 F=0.9168189 L1=0.64183746 L2=0.5909954 L3=0.38720254
2288 0.451773 0.000177046 F=0.9995991 L1=2.2652854 L2=2.2644132 L3=5.1607306
57040 2.99088 4 F=0.40715518 L1=0.34734877 L2=0.1591093 L3=0.0557077
604364 0.098565 0.122099 F=0.4434947 L1=10.203752 L2=4.5860383 L3=46.831796 acc=2.1e-59
23860 2.21817 0.000158728 F=0.99992536 L1=0.4702834 L2=0.47024946 L3=0.22257313
53071 2.7151 0.291574 F=0.89931465 L1=0.38363442 L2=0.34602472 L3=0.13168233
inf 0.00259664 0.118784 F=0.021236085 L1=385.17433 L2=8.2958766 L3=3195.3992
64 2.999 0.468613 F=0.85956409 L1=0.34811234 L2=0.30075827 L3=0.10396241
18518 109.999 0.104874 F=0.9911461 L1=0.084468108 L2=0.084467291 L3=0.013403563
43 16 609.493 F=1.6356223e-18 L1=0.092991406 L2=0.068358863 L3=0.0063541956
862 0.5 532.517 F=9.9165826e-19 L1=1.976072 L2=0.070147196 L3=0.13861746
64 1 0.000227236 F=0.99976383 L1=1.039549 L2=1.0393169 L3=1.0987536
40 107.136 2.39675 F=0.82161421 L1=0.077398464 L2=0.077371223 L3=0.0082961724
585034 3.65577 0.247688 F=0.93432735 L1=0.28414453 L2=0.26594368 L3=0.071357771 acc=6.5e-62
667 62.4651 4 F=0.73023189 L1=0.074727172 L2=0.074443788 L3=0.00619089
41 59.3945 48.3133 F=0.034144023 L1=0.06074925 L2=0.058097468 L3=0.003393546
958 0.506605 67.3006 F=0.00025919834 L1=1.9563233 L2=0.076950083 L3=0.15067371
inf 63.8969 0.000121054 F=0.99998963 L1=0.085695864 L2=0.085695861 L3=0.012742502
852542 105.943 46.0966 F=0.024717689 L1=0.078738675 L2=0.077374512 L3=0.0063551088
3209 0.0077995 46.6613 F=2.1259413e-5 L1=128.19946 L2=0.0840095 L3=10.770323
100 2.9826 0.10589 F=0.96433891 L1=0.34920523 L2=0.3370492 L3=0.11547269
37 75.9048 64 F=0.015043387 L1=0.060592474 L2=0.058983306 L3=0.0034236954
46 65.7967 39.289 F=0.056077581 L1=0.061781875 L2=0.059721804 L3=0.0038237481
30478 99.0924 63.99 F=0.0063361617 L1=0.076091762 L2=0.074182256 L3=0.0057310723 acc=2.1e-75
403372 0.0273101 3.75 F=0.0068009484 L1=36.634923 L2=0.26864283 L3=9.8454184
3418 500 4.85448 F=0.70004576 L1=0.068223676 L2=0.068217538 L3=0.0049689055
inf 3.001 40 F=0.010876601 L1=0.33221138 L2=0.087487848 L3=0.02947237
388838 3.001 40 F=0.010877046 L1=0.33220934 L2=0.087484921 L3=0.029471232
911 0.00476651 61.0181 F=4.1729244e-6 L1=209.77915 L2=0.078174009 L3=16.399459
161236 53.6026 0.000622808 F=0.99994647 L1=0.085956875 L2=0.085956856 L3=0.012300732
inf 2.28937 46.5735 F=0.0050332074 L1=0.43059375 L2=0.084089869 L3=0.036535146
163 32.8552 23.8847 F=0.13048494 L1=0.091461437 L2=0.085706603 L3=0.008329679
935615 0.00120894 0.0805823 F=0.014705525 L1=827.23601 L2=12.286402 L3=10163.797
64 210.598 2.999 F=0.78944577 L1=0.073647336 L2=0.073639815 L3=0.0072050431 acc=4.0e-72
327887 95.3513 0.686211 F=0.94447653 L1=0.081389308 L2=0.081378993 L3=0.011658142
1765 86.0497 1.62965 F=0.87607406 L1=0.077694509 L2=0.077652222 L3=0.0095280119
33321 81.2555 4.43829 F=0.71052043 L1=0.072836198 L2=0.072640221 L3=0.0056976963
40 0.0349417 68.2399 F=4.4232481e-5 L1=28.591051 L2=0.061644944 L3=1.7625022
50 64 0.162256 F=0.98584924 L1=0.087321182 L2=0.087317714 L3=0.013862511
6222 63.99 0.00750412 F=0.99935715 L1=0.085674286 L2=0.085674125 L3=0.012743232
50 84.0207 64.9007 F=0.011912819 L1=0.063246892 L2=0.061559895 L3=0.0038002526
64 2.46243 0.01 F=0.99577442 L1=0.42431979 L2=0.42258467 L3=0.17986961
3398 9.9277 8.36 F=0.42305501 L1=0.12286933 L2=0.093659963 L3=0.010265886
50 82.7718 0.152053 F=0.98677254 L1=0.087052575 L2=0.087050818 L3=0.01430515 acc=4.3e-60
1161 1.42532 0.1 F=0.93174213 L1=0.73082785 L2=0.68327422 L3=0.5086246
245286 91.8365 0.00342308 F=0.99970814 L1=0.085263385 L2=0.08526335 L3=0.013436777
8332 0.25 181.532 F=2.6455001e-8 L1=3.9773435 L2=0.072572507 L3=0.28866001
100 3.001 0.1 F=0.96646033 L1=0.3470219 L2=0.33565723 L3=0.11415386
inf 84.9034 0.0568066 F=0.99517233 L1=0.085021144 L2=0.085020428 L3=0.013156385
97737 2484.75 0.0921267 F=0.99228844 L1=0.083673897 L2=0.083673895 L3=0.014668837
151 3.001 69.2831 F=0.0013529214 L1=0.32143065 L2=0.072039935 L3=0.023229138
349238 1.44774 2.999 F=0.31251352 L1=0.70690092 L2=0.23343695 L3=0.167515
585 139.148 61.2076 F=0.0088167846 L1=0.073369127 L2=0.072316997 L3=0.005393067
2577 1.5 66.5597 F=0.00072005663 L1=0.65289378 L2=0.077637969 L3=0.050823661 acc=3.2e-63
176453 236.414 512 F=1.0762215e-16 L1=0.072101697 L2=0.070664725 L3=0.0050950466
inf 679.96 64.01 F=0.0076967523 L1=0.071860415 L2=0.071799136 L3=0.0052461247
inf 1.84985 43.7286 F=0.0053889725 L1=0.53373459 L2=0.085583875 L3=0.046050228
389825 16 0.05535 F=0.99474702 L1=0.095245404 L2=0.095152985 L3=0.0075012172
64 127.957 67.5755 F=0.009295606 L1=0.064049209 L2=0.063239807 L3=0.0039944848
inf 0.0852558 15.999 F=0.0040210922 L1=11.730798 L2=0.10151597 L3=1.1910663
82 127.862 0.00195481 F=0.99983059 L1=0.086664054 L2=0.086664046 L3=0.014883019
21588 3.20038 66.5306 F=0.0013058191 L1=0.30570485 L2=0.077874366 L3=0.023930261
67 46.7056 0.0388701 F=0.9965839 L1=0.08793108 L2=0.087929506 L3=0.013124637
100639 1.74128 36.1741 F=0.0099468546 L1=0.57025621 L2=0.090136794 L3=0.051875589 acc=3.8e-63
inf 2.03993 515 F=7.8805927e-18 L1=0.47311792 L2=0.070959158 L3=0.033573549
inf 63.99 38.2419 F=0.042498712 L1=0.084195438 L2=0.081444912 L3=0.0072106512
100 1.5 3.75 F=0.27258863 L1=0.68065811 L2=0.19950281 L3=0.13772359
7658 1.5 8.36 F=0.13535169 L1=0.67135186 L2=0.11576841 L3=0.081852623
100 500 3.001 F=0.79222621 L1=0.07211837 L2=0.072117842 L3=0.0072084634
567 16 1.77761 F=0.84541959 L1=0.096087024 L2=0.09309316 L3=0.0091573827
43866 1 63.99 F=0.00060499442 L1=0.98506683 L2=0.078503571 L3=0.077488325
400 1.67829 3.75 F=0.29513406 L1=0.609862 L2=0.19433966 L3=0.12020074
40 1.0502 293.066 F=5.9620023e-10 L1=0.92825667 L2=0.066577305 L3=0.061794703
100 0.216615 19.0656 F=0.0073328445 L1=4.6155585 L2=0.0989871 L3=0.45769562 acc=2.6e-55
16311 3.14916 0.22755 F=0.93012894 L1=0.33024081 L2=0.30768599 L3=0.098690068
41 2.999 0.151449 F=0.94987544 L1=0.34828197 L2=0.33133128 L3=0.11413997
inf 40 40 F=0.033426158 L1=0.088081011 L2=0.082228038 L3=0.0075792235
929 76.6347 57.7798 F=0.0099649498 L1=0.077182577 L2=0.074494603 L3=0.0058702227
135828 109.743 0.249314 F=0.97919112 L1=0.083579941 L2=0.083577758 L3=0.012975983
inf 1.74389 537.198 F=1.4321085e-18 L1=0.55500049 L2=0.070920073 L3=0.039362102
40 102.2 0.218233 F=0.98099941 L1=0.087125803 L2=0.087124506 L3=0.014525001
48 0.01 0.28845 F=0.032954178 L1=100.05682 L2=3.3989202 L3=340.11842
372 2.46094 44.6791 F=0.0066194068 L1=0.39938581 L2=0.081954641 L3=0.033074789
2722 41.0102 0.001 F=0.99991349 L1=0.086512278 L2=0.086512223 L3=0.011501146 acc=1.9e-62
64 1.5 33.7781 F=0.012643752 L1=0.65265571 L2=0.075663706 L3=0.050059999
205 0.00460954 64.7398 F=3.5214136e-6 L1=216.92088 L2=0.074039309 L3=16.060805
27042 80.2411 5.53896 F=0.65582052 L1=0.072907366 L2=0.072637854 L3=0.0049215972
652683 0.25 0.152541 F=0.61605892 L1=4.0526975 L2=2.5325505 L3=10.294689
100 57.4924 2.999 F=0.78469762 L1=0.076933121 L2=0.07671467 L3=0.007284916
66916 0.784287 0.1 F=0.88330325 L1=1.3159536 L2=1.1695504 L3=1.5587965
37 1.49689 242.15 F=2.6571074e-8 L1=0.64521244 L2=0.065880312 L3=0.042497882
inf 1.13529 0.115514 F=0.90414323 L1=0.91460443 L2=0.83117225 L3=0.77335056
475039 124.468 40 F=0.040640386 L1=0.079880983 L2=0.078955121 L3=0.0066435272
33014 1.04655 0.129654 F=0.88575281 L1=0.99069303 L2=0.88293383 L3=0.88907768 acc=7.6e-57
inf 517.626 8.36 F=0.54990646 L1=0.070679296 L2=0.07066752 L3=0.0036140577
13338 0.284282 700 F=2.7381013e-24 L1=3.4931803 L2=0.070652388 L3=0.24680251
527877 2.23615 36.4667 F=0.011879695 L1=0.44479289 L2=0.089857119 L3=0.040430186
41 0.0257768 4 F=0.0060177656 L1=38.81137 L2=0.25083093 L3=9.7387562
84258 2.00708 0.00227572 F=0.99881782 L1=0.52007613 L2=0.51948454 L3=0.2734512
107533 0.284907 0.000732638 F=0.99739361 L1=3.5666948 L2=3.557669 L3=12.725696
170184 100 0.271005 F=0.97739385 L1=0.083563953 L2=0.083561049 L3=0.012802136
37 707.76 25.5995 F=0.1408747 L1=0.062896981 L2=0.062896981 L3=0.0053350599
37 1.51204 64.01 F=0.0023240757 L1=0.63636734 L2=0.060591304 L3=0.03853459
694 19.4733 4.29474 F=0.68404538 L1=0.089766924 L2=0.086026462 L3=0.007476514 acc=1.0e-54
inf 100 59.9705 F=0.0085481954 L1=0.076480185 L2=0.074675928 L3=0.0058260077
594537 0.264217 16.1904 F=0.012005344 L1=3.7863611 L2=0.10142652 L3=0.38423914
1025 2.25783 40 F=0.0088844159 L1=0.43828313 L2=0.086519772 L3=0.038342454
62 0.01 0.00182216 F=0.84576472 L1=100.06782 L2=84.654673 L3=8471.256
246 58.7415 41.3422 F=0.035260353 L1=0.079270607 L2=0.075978095 L3=0.0063300792
18859 63.99 0.294488 F=0.97530119 L1=0.084174822 L2=0.084166941 L3=0.01204735
41 1.70298 64.01 F=0.0023700704 L1=0.56355673 L2=0.061747171 L3=0.034788255
932877 2.999 503.98 F=2.3333785e-17 L1=0.3207887 L2=0.070978645 L3=0.022770544
42516 1.07678 216.69 F=8.1593532e-9 L1=0.90866574 L2=0.072224872 L3=0.065637493
inf 1.92556 3.75 F=0.32409251 L1=0.53312126 L2=0.18738456 L3=0.10131177 acc=3.1e-46
683033 98.0307 0.859936 F=0.93132169 L1=0.080480388 L2=0.08046714 L3=0.011259883
10157 2.93031 37.9262 F=0.01284744 L1=0.3407682 L2=0.088668505 L3=0.030650867
inf 100 163.404 F=4.6797018e-6 L1=0.074949714 L2=0.071905678 L3=0.0053893297
38 0.299358 43.9009 F=0.0016755 L1=3.3136319 L2=0.060076582 L3=0.19925182
8687 0.646857 512.1 F=3.6401517e-18 L1=1.5230317 L2=0.070879343 L3=0.10795325
708 64.01 79.1326 F=0.0020217227 L1=0.076888008 L2=0.072724371 L3=0.0056126812
4999 100 1.7405 F=0.86911439 L1=0.076821019 L2=0.076786512 L3=0.0093688915
634159 63.99 0.0115407 F=0.99901187 L1=0.085632485 L2=0.085632237 L3=0.012717953
64 1.93579 0.267097 F=0.87363743 L1=0.53935098 L2=0.47388019 L3=0.25981066
769 5.1449 0.840355 F=0.8531737 L1=0.20515399 L2=0.17820814 L3=0.033081447 acc=3.0e-54
136519 0.0498522 26.6504 F=0.00081843741 L1=20.05552 L2=0.096751615 L3=1.9409885
1220 3.001 24.5268 F=0.045618329 L1=0.33895051 L2=0.097252219 L3=0.03341545
inf 0.691104 0.00881382 F=0.98701517 L1=1.4920355 L2=1.4735939 L3=2.2229001
50 64.01 0.01 F=0.99911709 L1=0.088297511 L2=0.088297323 L3=0.014387989
9578 110.741 66.4088 F=0.0054261954 L1=0.075314646 L2=0.073679264 L3=0.0056210568
inf 0.661473 0.0001 F=0.99984424 L1=1.5578171 L2=1.557586 L3=2.4517051
37 16 0.0110034 F=0.99892066 L1=0.098152335 L2=0.098135045 L3=0.0096792758
1554 40 512.1 F=6.5564957e-17 L1=0.081717052 L2=0.070451776 L3=0.0057570775
22364 0.870059 0.173759 F=0.82811532 L1=1.1871667 L2=0.99236528 L3=1.1946932
5183 0.25 0.1 F=0.71039641 L1=4.0544009 L2=2.9085569 L3=11.825633 acc=8.2e-54
inf 0.00732421 15.674 F=0.00035983954 L1=136.53488 L2=0.10164771 L3=13.878634
inf 0.803518 189.699 F=4.3899853e-8 L1=1.2237656 L2=0.072551211 L3=0.088798005
134 64 511.9 F=4.6439032e-16 L1=0.074188215 L2=0.068265605 L3=0.0050619636
181855 0.0130332 0.0332729 F=0.28085162 L1=76.791748 L2=21.658879 L3=1663.2682
289 0.396115 0.0287628 F=0.930888 L1=2.5773026 L2=2.4055625 L3=6.2317142
895 64.01 62.7658 F=0.0066205953 L1=0.077889331 L2=0.074180236 L3=0.0058611096
inf 1.5 515 F=6.0808039e-18 L1=0.64722542 L2=0.070959316 L3=0.045928267
inf 2.68354 0.0001 F=0.99996122 L1=0.38778003 L2=0.38776534 L3=0.14858463
916885 12.5693 11.6426 F=0.33054366 L1=0.11401605 L2=0.094827857 L3=0.009371395
1081 1.56733 0.000220444 F=0.99985321 L1=0.66595406 L2=0.66586093 L3=0.45172146 acc=4.3e-57
40 0.192379 0.11301 F=0.62581138 L1=5.2560464 L2=3.3290054 L3=17.53287
476 0.5 16 F=0.022575992 L1=2.001903 L2=0.10158 L3=0.20357239
215448 2.999 8.36 F=0.23094213 L1=0.338191 L2=0.10578842 L3=0.038054799
741718 0.0381786 0.1 F=0.27461022 L1=26.253619 L2=7.2945756 L3=191.54923
118246 0.0208689 0.713786 F=0.027524045 L1=47.962077 L2=1.3898662 L3=66.680943
inf 0.0125479 50.4837 F=2.4673876e-5 L1=79.679924 L2=0.082658273 L3=6.586504
799 475.706 3.001 F=0.79537362 L1=0.070595701 L2=0.070592373 L3=0.0072345456
41 0.00978784 511.9 F=2.3043771e-18 L1=102.14134 L2=0.068033216 L3=6.9490019
445 0.142168 1.10003 F=0.11010449 L1=7.0697865 L2=0.82374748 L3=5.836869
413144 2.91561 0.021222 F=0.99249233 L1=0.35644964 L2=0.35382631 L3=0.12321344 acc=1.2e-63
inf 0.219203 195.506 F=8.3060412e-9 L1=4.5390964 L2=0.072478049 L3=0.32899719
inf 0.5 44.3171 F=0.0015741335 L1=1.9885254 L2=0.085480206 L3=0.17035891
inf 63.7115 8.36 F=0.52779575 L1=0.077280846 L2=0.076586463 L3=0.0044698389
4088 64 0.000620227 F=0.99994683 L1=0.085721926 L2=0.085721912 L3=0.012768699
37484 50.2842 196.753 F=3.3492346e-7 L1=0.079721907 L2=0.07201223 L3=0.0057409534
669 1.87713 0.00678975 F=0.99623679 L1=0.5562834 L2=0.55427584 L3=0.31298057
inf 0.161832 0.00931219 F=0.94505577 L1=6.2397486 L2=5.9032096 L3=36.875134
inf 107.269 828.089 F=1.5947378e-26 L1=0.07461733 L2=0.070535127 L3=0.0052631428
64 0.0994646 131.252 F=1.4154702e-6 L1=10.026892 L2=0.065647729 L3=0.65825284
15484 46.0655 47.2844 F=0.019244144 L1=0.084304497 L2=0.07910476 L3=0.0069159929 acc=2.8e-65
13612 8 31.6567 F=0.041374111 L1=0.14795818 L2=0.091646384 L3=0.013961323
64 127.88 700 F=3.6791376e-21 L1=0.069775295 L2=0.068571725 L3=0.0047825759
1167 0.00262946 512 F=2.0758893e-20 L1=380.28123 L2=0.07036918 L3=26.76008
925 3 0.0738866 F=0.97504072 L1=0.34647965 L2=0.33800611 L3=0.11413213
37 0.103551 0.0550391 F=0.6506732 L1=9.7202439 L2=6.3668839 L3=61.929027
inf 100 0.000146885 F=0.99998748 L1=0.085206485 L2=0.085206484 L3=0.013577691
41 0.438052 12.1037 F=0.029289206 L1=2.2850094 L2=0.10725149 L3=0.24462012
inf 0.00133967 0.0209595 F=0.059994365 L1=746.51898 L2=44.909593 L3=33525.91
41 79.3394 14.0278 F=0.32296976 L1=0.083502944 L2=0.082932746 L3=0.0076143128
1244 0.5 63.99 F=0.00032736359 L1=1.9829977 L2=0.077784593 L3=0.1544034 acc=2.9e-61
inf 107.617 4 F=0.73605551 L1=0.071844241 L2=0.071746081 L3=0.006030769
174208 0.0685412 0.000253243 F=0.99630266 L1=14.653892 L2=14.600175 L3=213.99421
12227 0.25 0.000455206 F=0.99815617 L1=4.0579173 L2=4.0506325 L3=16.474955
50 46.1026 56.6979 F=0.017670454 L1=0.066577044 L2=0.061691301 L3=0.0040038326
inf 87.0248 3.46234 F=0.76356816 L1=0.073323038 L2=0.07320136 L3=0.0066834565
400414 95.6196 2.999 F=0.79065437 L1=0.073657828 L2=0.073575289 L3=0.0072720142
17382 0.287791 54.8088 F=0.00038749567 L1=3.4593852 L2=0.080964245 L3=0.28033107
35163 92.4511 0.197177 F=0.98344127 L1=0.084096687 L2=0.084094341 L3=0.012903217
40 1 0.001 F=0.99896066 L1=1.0403809 L2=1.0393604 L3=1.100123
4387 35.4042 44.2201 F=0.023107771 L1=0.088042758 L2=0.080682287 L3=0.0073887764 acc=2.9e-63
855943 0.01 511.9 F=5.8077179e-20 L1=99.974892 L2=0.070964353 L3=7.0946554
38 0.819776 1 F=0.43776311 L1=1.2498294 L2=0.56729969 L3=0.71868032
706647 0.00188994 0.058823 F=0.031011811 L1=529.1817 L2=16.532754 L3=8748.8746
612 0.5 30.7519 F=0.0053533423 L1=1.9940712 L2=0.092591955 L3=0.18522793
inf 64.47 0.000346447 F=0.99997032 L1=0.085682527 L2=0.085682519 L3=0.012762425
40 0.00170055 28.2813 F=2.656898e-5 L1=588.02751 L2=0.074680886 L3=43.9156
10591 16 0.124346 F=0.98823697 L1=0.095357606 L2=0.095149356 L3=0.0076534663
220149 63.99 0.0115225 F=0.99901342 L1=0.085632955 L2=0.085632708 L3=0.012718284
3002 64 0.291767 F=0.97551536 L1=0.084217871 L2=0.084210079 L3=0.012076416
30233 49.8495 0.1 F=0.99145148 L1=0.085624301 L2=0.085620439 L3=0.01189448 acc=2.4e-64
396655 0.432956 36.9586 F=0.0026139458 L1=2.3012346 L2=0.089859377 L3=0.20727604
38 2.76145 0.000246638 F=0.99990663 L1=0.37859784 L2=0.37856357 L3=0.14271614
64 1.99091 0.0363318 F=0.98125827 L1=0.52541369 L2=0.51597672 L3=0.27535911
887 100 0.537399 F=0.9560068 L1=0.082181215 L2=0.082174423 L3=0.012161382
70348 1 0.0259272 F=0.97377691 L1=1.0377013 L2=1.0118908 L3=1.0670491
1995 0.0220914 1.64863 F=0.012591861 L1=45.297533 L2=0.60997178 L3=27.639831
48163 0.0107439 0.0455751 F=0.19020917 L1=93.14051 L2=17.818536 L3=1659.6719
18282 0.00307161 511.9 F=1.8217009e-20 L1=325.53751 L2=0.070924396 L3=23.088553
41 0.01 0.00161105 F=0.86115335 L1=100.06865 L2=86.193451 L3=8625.3105
9810 1.58747 28.5424 F=0.018683405 L1=0.62921555 L2=0.095313922 L3=0.060500717 acc=3.6e-61
128555 0.00770992 0.276897 F=0.026671924 L1=129.75853 L2=3.560816 L3=462.07916
14277 95.5858 0.00195921 F=0.99983299 L1=0.085243805 L2=0.085243787 L3=0.013510722
21416 0.01 0.000526503 F=0.94994995 L1=100.06627 L2=95.064561 L3=9512.8034
inf 129.228 0.183744 F=0.98460993 L1=0.083818179 L2=0.083817076 L3=0.01334747
439019 64 0.00044135 F=0.99996218 L1=0.085692226 L2=0.085692216 L3=0.012745646
59925 3.001 0.00370401 F=0.99871982 L1=0.34606602 L2=0.34563105 L3=0.11623096
190837 9.57095 6.90956 F=0.47969979 L1=0.12461733 L2=0.094473597 L3=0.011663358
50060 2.93096 0.101977 F=0.96508505 L1=0.3547762 L2=0.34265135 L3=0.11893476
51 0.84317 140.234 F=7.9687982e-6 L1=1.1605881 L2=0.064716959 L3=0.075108886
563 3 0.997526 F=0.7416459 L1=0.34782142 L2=0.26131633 L3=0.090594969 acc=6.4e-54
inf 0.015406 0.114055 F=0.11816842 L1=64.970799 L2=7.7815769 L3=505.61556
789 68.3387 63.99 F=0.0061801063 L1=0.077177639 L2=0.07378091 L3=0.0057686546
91913 3 0.0164198 F=0.99434732 L1=0.34622576 L2=0.34430485 L3=0.1158928
1943 61.0578 0.185862 F=0.98426425 L1=0.084862297 L2=0.084857231 L3=0.012243292
244176 8 3.001 F=0.68443102 L1=0.1440979 L2=0.11695099 L3=0.016597454
1342 1.53414 64.01 F=0.00090865298 L1=0.63832311 L2=0.077785793 L3=0.049800595
inf 105.661 40 F=0.039831228 L1=0.080585712 L2=0.079355171 L3=0.0067314033
79 109.852 0.0001 F=0.99999132 L1=0.086836632 L2=0.086836631 L3=0.014759089
38 0.0570857 63.99 F=9.759601e-5 L1=17.489243 L2=0.060779903 L3=1.0629981
37 2.70396 0.000159998 F=0.99993812 L1=0.3868102 L2=0.38678702 L3=0.14936069 acc=1.4e-53
336849 0.001 36.243 F=6.7209813e-6 L1=999.99078 L2=0.090397212 L3=90.396886
752 2133.45 44.2844 F=0.034125364 L1=0.073437313 L2=0.073434921 L3=0.0056700907
778818 1.19306 0.453968 F=0.71520117 L1=0.86740324 L2=0.63008403 L3=0.55547806
50 0.214544 15.5801 F=0.010216164 L1=4.6620825 L2=0.10312162 L3=0.48151841
inf 2.80217 4 F=0.39224795 L1=0.36986445 L2=0.16233533 L3=0.060606093
64 0.5 0.226601 F=0.68102131 L1=2.0458294 L2=1.4167273 L3=2.9216573
inf 1.00786 59.7473 F=0.00085112343 L1=0.9780444 L2=0.079513874 L3=0.077958248
64 64 0.289243 F=0.97518981 L1=0.085996201 L2=0.085989071 L3=0.013175153
79 16 8.36 F=0.46428179 L1=0.10119039 L2=0.091540553 L3=0.0076517513
237145 97.6252 7.19359 F=0.58422634 L1=0.073181589 L2=0.072924251 L3=0.0042085517 acc=2.0e-70
79384 63.99 0.166966 F=0.98586695 L1=0.084815138 L2=0.084811058 L3=0.012343477
2584 128.004 215.484 F=1.2850031e-7 L1=0.073588623 L2=0.071174482 L3=0.0052376198
1674 2.22201 0.001 F=0.99953071 L1=0.46950343 L2=0.46929038 L3=0.22175784
651 47.6836 0.102496 F=0.99121188 L1=0.085887891 L2=0.085883541 L3=0.0118992
inf 0.0656456 64.2828 F=4.2373372e-5 L1=15.215468 L2=0.078510282 L3=1.1947336
464936 0.0966017 0.063848 F=0.5997399 L1=10.412254 L2=6.290802 L3=65.541468
6069 2.42599 63.99 F=0.0012970484 L1=0.40249121 L2=0.078289427 L3=0.031655518
1041 115.229 309.509 F=1.7708939e-10 L1=0.073609037 L2=0.070499524 L3=0.0051893255
41 3.03863 0.001 F=0.99965668 L1=0.34343612 L2=0.34332132 L3=0.11586439
532269 3.001 376.742 F=1.9889284e-13 L1=0.32081257 L2=0.071303126 L3=0.022877424 acc=3.1e-61
88 0.058987 0.000286989 F=0.99513953 L1=17.018503 L2=16.936411 L3=288.27803
4258 500 12.1956 F=0.41455328 L1=0.076356033 L2=0.076336137 L3=0.0044923274
323 1.60031 45.0368 F=0.0045584949 L1=0.61441565 L2=0.081453203 L3=0.050393003
37 61.217 0.00176282 F=0.99984241 L1=0.089399259 L2=0.089399226 L3=0.014801539
14420 122.46 31.6772 F=0.079361813 L1=0.082898918 L2=0.082114614 L3=0.0071737626
492792 228.58 0.0657048 F=0.99446399 L1=0.084255439 L2=0.084255325 L3=0.014192224
22405 0.106669 0.060315 F=0.6364721 L1=9.4350572 L2=6.0468483 L3=57.092221
inf 72.9716 0.0212458 F=0.99818584 L1=0.085406361 L2=0.085406008 L3=0.012973954
inf 16 0.362031 F=0.96615281 L1=0.095636111 L2=0.09502429 L3=0.0080765428
219 0.00857479 0.000677946 F=0.9266883 L1=116.68769 L2=108.14288 L3=12618.99 acc=1.2e-50
6077 0.01 0.035771 F=0.21797312 L1=100.06466 L2=21.911272 L3=2192.589
543 117.566 5.77183 F=0.64901926 L1=0.071431854 L2=0.071296756 L3=0.0045962555
123 103.278 50.5375 F=0.022041967 L1=0.069855078 L2=0.068458881 L3=0.0048840848
496 2.999 0.0001 F=0.99996536 L1=0.34643146 L2=0.34641968 L3=0.11674722
810 100.578 512.1 F=1.202324e-16 L1=0.07406657 L2=0.069994591 L3=0.0051841347
64 0.629184 1 F=0.3746357 L1=1.6210073 L2=0.63219936 L3=1.0353611
92430 78.3133 0.0279168 F=0.99761969 L1=0.085284655 L2=0.08528425 L3=0.013093344
44476 76.6023 58.705 F=0.0089331369 L1=0.078101076 L2=0.075382993 L3=0.0060122482
inf 9.00372 44.4834 F=0.014167396 L1=0.13319339 L2=0.084000463 L3=0.011489561
inf 3 0.00182254 F=0.99936948 L1=0.34617609 L2=0.34596178 L3=0.11637772 acc=1.1e-49
194520 1577.85 65.6429 F=0.0070203458 L1=0.071304681 L2=0.071292411 L3=0.0051604588
50 0.598911 0.000162451 F=0.99972078 L1=1.719253 L2=1.7187959 L3=2.9829204
193304 60.211 17.7342 F=0.24222693 L1=0.088501411 L2=0.086835506 L3=0.0072187345
274 0.0563867 0.0212479 F=0.72532053 L1=17.798672 L2=12.944087 L3=230.43173
inf 2.20878 36.1894 F=0.012060791 L1=0.4503653 L2=0.090047515 L3=0.041020183
inf 0.00111987 11.1028 F=8.8083251e-5 L1=892.96253 L2=0.10488016 L3=93.653719
112 59.1385 32.4727 F=0.073884815 L1=0.077572571 L2=0.074877585 L3=0.0063442204
100 0.57941 782.642 F=3.2119512e-25 L1=1.7013663 L2=0.068722996 L3=0.11692216
159 106.585 0.270639 F=0.97723861 L1=0.084201562 L2=0.084199101 L3=0.013357907
41 2.89526 61.7389 F=0.0041965099 L1=0.3256315 L2=0.061659657 L3=0.020051486 acc=2.6e-57
50 1.5 0.0113358 F=0.99215689 L1=0.69715472 L2=0.69197194 L3=0.49255669
3938 0.00131446 30.1638 F=1.5514589e-5 L1=760.76207 L2=0.094282996 L3=71.727508
38 108.052 20.6309 F=0.19442219 L1=0.072279569 L2=0.071961253 L3=0.0070078265
1046 1.76475 0.0156342 F=0.99083293 L1=0.59160925 L2=0.58641971 L3=0.35272013
38 61.2991 0.000157162 F=0.99998596 L1=0.089306957 L2=0.089306954 L3=0.014764225
101 2.68334 0.0168127 F=0.99350926 L1=0.38855972 L2=0.38610451 L3=0.14890321
521577 64 32.4021 F=0.068870718 L1=0.086341263 L2=0.08389374 L3=0.0076129113
37 1.55569 244.489 F=2.3547812e-8 L1=0.62018319 L2=0.065917569 L3=0.040872135
inf 0.0513041 0.00807438 F=0.86356891 L1=19.556026 L2=16.905229 L3=330.64415
inf 0.288655 0.0447331 F=0.86368768 L1=3.5194475 L2=3.0532438 L3=10.78011 acc=9.0e-46
inf 103.534 3.001 F=0.79101659 L1=0.07335472 L2=0.073284075 L3=0.007265553
inf 0.285286 36.169 F=0.0018765174 L1=3.4967898 L2=0.090404888 L3=0.31662899
inf 149.523 40 F=0.041448243 L1=0.079220264 L2=0.078551011 L3=0.0065593422
inf 3 0.01 F=0.99654997 L1=0.34620361 L2=0.34503111 L3=0.11610489
inf 0.775388 25.6262 F=0.013078878 L1=1.2882203 L2=0.097346964 L3=0.12594835
80208 0.00439791 4 F=0.0010317426 L1=227.39846 L2=0.25369535 L3=57.693323
304 63.99 0.00657862 F=0.99943377 L1=0.086077438 L2=0.086077298 L3=0.013040979
64 63.2077 51.5444 F=0.023129525 L1=0.06655139 L2=0.063618222 L3=0.0042116852
37 0.0253425 0.00126417 F=0.95240455 L1=39.527766 L2=37.652879 L3=1488.3818
912046 0.5 26.5779 F=0.0079024071 L1=1.9973209 L2=0.096781805 L3=0.19386744 acc=3.1e-65
64 0.174137 250.928 F=9.1799675e-10 L1=5.7158065 L2=0.066436197 L3=0.37973319
7362 789.908 56.3979 F=0.013469829 L1=0.072489431 L2=0.072448791 L3=0.0053956665
989112 47.8453 0.179263 F=0.98474546 L1=0.085360565 L2=0.085352554 L3=0.011622239
76347 111.862 0.239688 F=0.97998363 L1=0.083617033 L2=0.083615028 L3=0.013026232
362567 8 64 F=0.0027816749 L1=0.13941252 L2=0.078058787 L3=0.010993425
464656 2216.68 53.3006 F=0.017136012 L1=0.072714872 L2=0.072709774 L3=0.0054637042
5865 128.612 0.26756 F=0.97773233 L1=0.083318215 L2=0.08331649 L3=0.01310657
5901 0.698598 0.00763975 F=0.98884299 L1=1.4763709 L2=1.4606958 L3=2.180631
48 4.94185 700 F=1.5967312e-21 L1=0.19588578 L2=0.068568186 L3=0.013430055
27476 77.918 230.26 F=3.5701365e-8 L1=0.076306318 L2=0.071600467 L3=0.0054635679 acc=2.7e-77
40 2.94199 2.999 F=0.4781421 L1=0.35260119 L2=0.18028276 L3=0.064569741
57479 0.0387633 65.6037 F=2.2635715e-5 L1=25.779447 L2=0.078227109 L3=2.0168057
37 1.61545 0.034538 F=0.97808872 L1=0.6480944 L2=0.63462142 L3=0.42015746
27764 100 0.01 F=0.99914856 L1=0.085148859 L2=0.085148772 L3=0.013552095
337 0.0127244 3 F=0.0039832755 L1=78.6108 L2=0.33611172 L3=26.42709
46983 2.28646 22.6161 F=0.044778371 L1=0.44177641 L2=0.098904319 L3=0.044094077
8047 0.926451 59.0732 F=0.00083558885 L1=1.0650113 L2=0.079570753 L3=0.084939737
87609 87.1425 74.4035 F=0.0028567111 L1=0.076157615 L2=0.073600867 L3=0.0056451679
40 79.2704 511.9 F=2.228805e-15 L1=0.069988054 L2=0.068046568 L3=0.0047586324
211 16 0.239172 F=0.97739056 L1=0.095945186 L2=0.095546611 L3=0.0082175887 acc=6.3e-54
101 13.8028 0.0142566 F=0.99856347 L1=0.10087069 L2=0.10083296 L3=0.0078370616
175 0.00166971 33.1346 F=1.5583044e-5 L1=598.89412 L2=0.086847555 L3=52.01313
234783 137.998 0.605859 F=0.95093314 L1=0.081234391 L2=0.08123022 L3=0.012188281
89 52.1332 8.36 F=0.5172519 L1=0.080864168 L2=0.0798835 L3=0.0049843789
683153 24.854 7.17542 F=0.54719822 L1=0.086873669 L2=0.083486829 L3=0.0059235297
92779 0.344792 38.6757 F=0.0018014301 L1=2.8907731 L2=0.088763778 L3=0.25706163
50 3.001 85.3538 F=0.0008255006 L1=0.315519 L2=0.064202958 L3=0.020257679
50 0.095769 44.5696 F=0.00046167931 L1=10.417415 L2=0.065099179 L3=0.67841107
22853 0.839818 64.01 F=0.00051540307 L1=1.1752532 L2=0.078487516 L3=0.092400824
7591 0.25 1000.95 F=1.521681e-33 L1=3.9751895 L2=0.070399886 L3=0.24330687 acc=0.13
2135 1822.8 0.0274802 F=0.99768458 L1=0.084247542 L2=0.084247541 L3=0.014928528
inf 205.91 16 F=0.30184303 L1=0.081728231 L2=0.081575176 L3=0.0059388462
410072 40 0.0306159 F=0.99735625 L1=0.086408023 L2=0.08640621 L3=0.011329808
2574 64.01 118.504 F=0.00010822131 L1=0.077408215 L2=0.072476161 L3=0.0056111529
3364 1.83625 0.000249435 F=0.99985819 L1=0.56861337 L2=0.5685361 L3=0.32831405
364 16 0.821169 F=0.92481478 L1=0.09613956 L2=0.094747197 L3=0.0087891376
100 0.755576 0.0405847 F=0.94734409 L1=1.3671867 L2=1.2987612 L3=1.7979512
40607 2.80032 0.922984 F=0.74342168 L1=0.37230215 L2=0.28004291 L3=0.10422445
240 2.94068 37.9551 F=0.013593977 L1=0.33645635 L2=0.084124135 L3=0.028765625
38 78.973 515 F=1.9111282e-15 L1=0.069885202 L2=0.068058289 L3=0.0047524978 acc=8.1e-41
42 1.5 0.000176207 F=0.99987709 L1=0.69759323 L2=0.69751206 L3=0.49703809
18529 124.223 43.9968 F=0.029750771 L1=0.078576322 L2=0.077574049 L3=0.0063846199
44869 0.001 0.00231727 F=0.301406 L1=1000.0665 L2=301.5189 L3=301539.01
1509 0.040396 20.3066 F=0.0012393396 L1=24.754531 L2=0.099851378 L3=2.4722848
704798 2804.12 0.1 F=0.9916357 L1=0.083607941 L2=0.08360794 L3=0.014645423
130 1.6347 68.9435 F=0.0008897224 L1=0.594206 L2=0.071315089 L3=0.042456921
53485 19.0856 0.017145 F=0.99843436 L1=0.091398709 L2=0.091383828 L3=0.0081047178
74 53.0142 0.0001 F=0.99999123 L1=0.087736878 L2=0.087736875 L3=0.013478273
9063 0.001 4 F=0.00023478717 L1=1000.0176 L2=0.25388563 L3=253.89351
532 0.25 512 F=2.7180051e-18 L1=3.9749685 L2=0.069777871 L3=0.27736639 acc=7.0e-38
84 1.47603 0.01 F=0.99297099 L1=0.70769882 L2=0.7029773 L3=0.50753967
100 0.0812203 0.00422717 F=0.95026984 L1=12.376686 L2=11.767438 L3=145.68633
1937 0.01 18.345 F=0.00037467461 L1=100.0005 L2=0.1006778 L3=10.068246
3333 142.575 63.99 F=0.0068169924 L1=0.07433253 L2=0.073282908 L3=0.0055311207
1453 116.767 0.0446297 F=0.99621257 L1=0.084878657 L2=0.084878365 L3=0.013719861
64 0.25 3.75 F=0.058970717 L1=4.0171176 L2=0.25377494 L3=1.0230665
162581 0.0882375 63.99 F=5.8169154e-5 L1=11.31531 L2=0.078565056 L3=0.88915268
253 0.00709783 3.75 F=0.0017765113 L1=140.90644 L2=0.26971071 L3=38.007781
295146 2.05562 34.4526 F=0.013326977 L1=0.48436968 L2=0.091241241 L3=0.044680914
3390 129.044 0.000138219 F=0.99998824 L1=0.085050606 L2=0.085050606 L3=0.013941336 acc=3.6e-74
inf 2.53718 35.0641 F=0.014881412 L1=0.39350881 L2=0.09073416 L3=0.036176157
40 36.2502 0.0101437 F=0.99908744 L1=0.089979677 L2=0.089978968 L3=0.013152132
inf 124.574 0.0001 F=0.9999915 L1=0.085037307 L2=0.085037306 L3=0.013871125
928 100 0.0169445 F=0.99855584 L1=0.08523631 L2=0.085236162 L3=0.013631411
2391 21.6606 0.000183403 F=0.99998355 L1=0.089706226 L2=0.089706132 L3=0.0087043939
inf 0.910731 27.2653 F=0.012933482 L1=1.0960287 L2=0.096318522 L3=0.10611524
104566 63.3013 68.9344 F=0.0039706768 L1=0.078530847 L2=0.074568825 L3=0.0059163684
66 0.0378608 856.312 F=2.5500687e-28 L1=26.386432 L2=0.068827485 L3=1.8161165
64 3.34488 0.00105924 F=0.99967081 L1=0.31087783 L2=0.31077762 L3=0.09286291
64 145.268 3.1711 F=0.77875083 L1=0.073823478 L2=0.073797522 L3=0.0069407791 acc=3.9e-66
393532 2.68592 0.0169782 F=0.99346438 L1=0.38746045 L2=0.38498724 L3=0.14742701
100 0.912606 0.00747419 F=0.9915742 L1=1.136568 L2=1.1275006 L3=1.3011632
1624 74.7462 56.6491 F=0.010608314 L1=0.077939811 L2=0.075176459 L3=0.0059951959
252757 100 184.545 F=1.0254658e-6 L1=0.07494656 L2=0.071760453 L3=0.0053782021
126 100 0.240796 F=0.97963533 L1=0.084664445 L2=0.084662043 L3=0.013490704
41 101.386 520.205 F=1.272998e-15 L1=0.069171841 L2=0.068077758 L3=0.0047053704
38 0.524068 0.000692241 F=0.99864477 L1=1.9603348 L2=1.9577983 L3=3.8681606
92328 1.57366 0.243649 F=0.86063689 L1=0.66143931 L2=0.57307619 L3=0.38559753
6289 2.999 136.462 F=6.6635425e-6 L1=0.32255711 L2=0.073376248 L3=0.023686361
38 0.371926 0.0363688 F=0.90908905 L1=2.7441165 L2=2.5035441 L3=6.9033067 acc=6.1e-50
21320 1 64 F=0.00060511884 L1=0.98505055 L2=0.07847834 L3=0.077461981
371072 74.3775 65.2355 F=0.0054351895 L1=0.077652915 L2=0.074629233 L3=0.0058744767
742 0.0113153 0.1284 F=0.080353671 L1=88.436625 L2=7.2139293 L3=638.01529
88 1.93513 0.00677087 F=0.99635418 L1=0.54037002 L2=0.53848308 L3=0.29560668
197949 1310.68 1.68824 F=0.87532095 L1=0.074318463 L2=0.074318268 L3=0.0098551166
58251 0.117872 38.9492 F=0.00061473694 L1=8.4735253 L2=0.088621807 L3=0.75140457
1492 0.136393 0.00015416 F=0.9988615 L1=7.3935414 L2=7.3852586 L3=54.64533
inf 1.74109 56.8793 F=0.001727638 L1=0.56335018 L2=0.080250066 L3=0.045418859
60548 0.25 0.000286888 F=0.99883717 L1=4.0579173 L2=4.053323 L3=16.485879
50 48.1847 24.8334 F=0.13406894 L1=0.074923277 L2=0.072054109 L3=0.0066006497 acc=4.1e-57
inf 64.01 511.9 F=6.4530795e-17 L1=0.077687315 L2=0.070869701 L3=0.0055056768
26532 0.00555601 16 F=0.00026411387 L1=179.98652 L2=0.10153039 L3=18.274314
417599 8 23.9492 F=0.08551314 L1=0.15062562 L2=0.096694313 L3=0.01478715
41 0.00197308 1 F=0.0018905799 L1=506.86209 L2=1.0204764 L3=517.25747
40 0.00202991 400.56 F=9.3831916e-16 L1=492.60562 L2=0.067483229 L3=33.242615
43 1.33419 0.256015 F=0.83255232 L1=0.78029475 L2=0.65580214 L3=0.52192334
278711 301.654 512 F=1.1644007e-16 L1=0.071649325 L2=0.070612578 L3=0.0050593435
409 63.99 0.000352497 F=0.99996968 L1=0.086003997 L2=0.086003989 L3=0.012978738
40 0.200754 41.6255 F=0.0012702494 L1=4.955333 L2=0.061664499 L3=0.30584267
1527 0.00240597 41.9526 F=9.8583309e-6 L1=415.62005 L2=0.086109897 L3=35.789423 acc=3.0e-63
inf 105.757 46.6335 F=0.023706093 L1=0.078608887 L2=0.077228916 L3=0.0063268031
278 91.6464 26.1196 F=0.12434533 L1=0.083133738 L2=0.082032633 L3=0.0072395325
inf 1.92862 338.364 F=2.1684049e-12 L1=0.50132356 L2=0.071450637 L3=0.035823378
inf 0.00149317 0.0975883 F=0.01497822 L1=669.78034 L2=10.151591 L3=6799.3781
41 632.142 40 F=0.059974513 L1=0.056581628 L2=0.056581626 L3=0.0032513505
2238 0.612762 511.9 F=3.9684158e-18 L1=1.6087707 L2=0.070642846 L3=0.1136499
217 8 0.155224 F=0.97923644 L1=0.13666765 L2=0.13471301 L3=0.012094152
2498 100 515 F=7.2856742e-17 L1=0.074656833 L2=0.07052506 L3=0.0052651643
273 1507.1 64.01 F=0.0089004868 L1=0.068771149 L2=0.068769654 L3=0.0047805131
286120 3.001 0.265497 F=0.91568807 L1=0.34679731 L2=0.31825819 L3=0.10810642 acc=9.6e-62
inf 129.892 40 F=0.040835893 L1=0.079718296 L2=0.078859285 L3=0.0066230382
100 16 700 F=1.0069332e-21 L1=0.095812927 L2=0.068584141 L3=0.0065693741
inf 40 31.7812 F=0.066695909 L1=0.091064925 L2=0.085947177 L3=0.0081921599
142 46.4915 9.52657 F=0.4698327 L1=0.082911395 L2=0.081484847 L3=0.005288315
1605 361.832 37.8605 F=0.052602099 L1=0.077318915 L2=0.07719556 L3=0.0063293987
547290 0.001 0.116416 F=0.0084555022 L1=1000.0615 L2=8.5742432 L3=8574.8112
inf 40 16 F=0.26935673 L1=0.091484355 L2=0.088393973 L3=0.0073548517
139138 0.106981 3.001 F=0.032519734 L1=9.3687429 L2=0.32639235 L3=3.0626894
inf 76.0001 0.00909594 F=0.99922302 L1=0.085427357 L2=0.085427219 L3=0.013086029
inf 3.001 16 F=0.10664908 L1=0.34112657 L2=0.10100155 L3=0.034330468 acc=1.6e-49
inf 1.40027 59.6732 F=0.0011468797 L1=0.70135601 L2=0.079505756 L3=0.055949202
11603 1.48971 56.7915 F=0.0015278534 L1=0.65931842 L2=0.080207599 L3=0.05309486
inf 1.46387 31.452 F=0.013241455 L1=0.68053328 L2=0.093422142 L3=0.064099398
884681 0.19099 16 F=0.0089123312 L1=5.2374157 L2=0.1014999 L3=0.53178776
64 76.6589 0.00409207 F=0.99964185 L1=0.087525818 L2=0.087525764 L3=0.014436535
749047 734.804 512 F=1.4650826e-16 L1=0.070678526 L2=0.070400346 L3=0.0049757927
328110 83.5168 0.0384186 F=0.99672968 L1=0.085148927 L2=0.085148434 L3=0.013179333
175 0.116133 8.36 F=0.012330276 L1=8.6177754 L2=0.13145022 L3=1.1375639
3788 0.00624769 15.999 F=0.00029693927 L1=160.06054 L2=0.10154717 L3=16.253915
424 1.33415 15.999 F=0.055461844 L1=0.75299329 L2=0.10142064 L3=0.076507132 acc=1.8e-55
189435 0.001 0.211613 F=0.0046455069 L1=1000.0579 L2=4.7545924 L3=4754.9034
309 1 512.1 F=1.510486e-17 L1=0.97733939 L2=0.069179203 L3=0.067612496
89038 3.001 0.00770561 F=0.99734038 L1=0.34607913 L2=0.34517551 L3=0.11609702
inf 100 0.0954269 F=0.9919302 L1=0.084613041 L2=0.084612147 L3=0.01329904
282119 7.8241 0.000224924 F=0.99996904 L1=0.1376614 L2=0.13765831 L3=0.011496906
682 5.96884 0.00422563 F=0.99926476 L1=0.17413384 L2=0.17401884 L3=0.022525228
939037 106.476 0.129902 F=0.98905208 L1=0.084337694 L2=0.084336591 L3=0.013283423
703 2.9225 3.75 F=0.41854274 L1=0.3552345 L2=0.1647745 L3=0.059088673
4216 0.0064708 2.85885 F=0.0021312334 L1=154.56294 L2=0.35360715 L3=54.659878
inf 127.06 42.5262 F=0.033409511 L1=0.07898825 L2=0.07805016 L3=0.0064726903 acc=2.7e-65
181 2.24998 0.000728279 F=0.99966219 L1=0.46399616 L2=0.46384471 L3=0.21671579
155654 64.01 64.3715 F=0.0055999142 L1=0.078776624 L2=0.075014523 L3=0.0059937318
267355 126.279 0.00198724 F=0.99983105 L1=0.085015923 L2=0.085015913 L3=0.013881713
410 100 0.1 F=0.99151643 L1=0.084879825 L2=0.084878889 L3=0.013504037
3031 0.782487 40 F=0.0035018032 L1=1.2688691 L2=0.08751213 L3=0.11148248
inf 8 0.053631 F=0.99277707 L1=0.1357043 L2=0.13501718 L3=0.011222289
42 45.7799 824.407 F=9.5255616e-25 L1=0.074603882 L2=0.068787006 L3=0.0051303064
inf 2.4331 0.0968544 F=0.96014544 L1=0.42832205 L2=0.41173819 L3=0.17631785
87134 2.18755 0.294039 F=0.87682121 L1=0.4764336 L2=0.41965007 L3=0.20158023
20934 40 0.0540487 F=0.99533968 L1=0.086323298 L2=0.086320038 L3=0.011296311 acc=1.8e-62
1827 0.638735 478.701 F=4.4615338e-17 L1=1.5425236 L2=0.070638675 L3=0.10896382
inf 0.170257 16 F=0.0079613411 L1=5.8749885 L2=0.10150291 L3=0.59652144
38941 54.2961 3.38882 F=0.76300458 L1=0.07611856 L2=0.075822527 L3=0.0068767554
403271 1.52035 0.0348793 F=0.97661322 L1=0.68602285 L2=0.67073279 L3=0.4686999
40 0.00189406 1 F=0.0018149215 L1=528.00729 L2=1.0205825 L3=538.89171
4333 0.01 700 F=1.0708439e-25 L1=99.974528 L2=0.070539695 L3=7.0521737
31210 0.0485933 0.0233979 F=0.67398034 L1=20.642794 L2=13.953563 L3=288.08474
115 0.193905 0.00676539 F=0.96589139 L1=5.2175272 L2=5.0434326 L3=26.354142
333 0.001 3.39633 F=0.00027712201 L1=1000.0199 L2=0.29799479 L3=298.00508
726100 500 0.00184404 F=0.99984416 L1=0.084510499 L2=0.084510498 L3=0.014766196 acc=4.1e-118
2130 124.145 0.149954 F=0.98739305 L1=0.084122084 L2=0.084121134 L3=0.013448383
50 0.00571739 15.999 F=0.00026638874 L1=174.90532 L2=0.10263727 L3=17.952659
41 64 39.2261 F=0.058333101 L1=0.059775035 L2=0.057730399 L3=0.0035340751
64 91.1418 4.06627 F=0.7266278 L1=0.074292583 L2=0.074174668 L3=0.0058684361
2027 2.999 0.10151 F=0.9660119 L1=0.34663941 L2=0.33510044 L3=0.11326996
219 356.754 0.0101135 F=0.99913891 L1=0.085140142 L2=0.085140137 L3=0.01498013
6612 0.00549796 3.001 F=0.0017246732 L1=181.90757 L2=0.33692437 L3=61.294114
114 0.00171816 0.00091953 F=0.65134842 L1=582.08392 L2=379.18642 L3=220718.37
21823 63.99 0.0151105 F=0.99870648 L1=0.085618819 L2=0.085618493 L3=0.012713453
227267 0.00337993 3.001 F=0.001060979 L1=295.88569 L2=0.33715999 L3=99.765836 acc=1.1e-63
4327 0.802514 45.1135 F=0.0023039296 L1=1.23505 L2=0.084758369 L3=0.10504453
68 76.0824 1.99039 F=0.84923903 L1=0.078088425 L2=0.078023143 L3=0.0090024147
97 0.081398 193.733 F=1.2027206e-8 L1=12.258767 L2=0.067181877 L3=0.82357236
76 500 42.0826 F=0.046222336 L1=0.064295423 L2=0.064291716 L3=0.0043194642
inf 78.0288 0.0112024 F=0.99904358 L1=0.085384924 L2=0.085384763 L3=0.013130624
4116 0.0162178 4.40409 F=0.0034413368 L1=61.676938 L2=0.2307871 L3=14.237101
74387 98.4423 2.72846 F=0.80676689 L1=0.074093164 L2=0.074025075 L3=0.0076634371
51028 1.5 63.531 F=0.00089813168 L1=0.65356069 L2=0.078576323 L3=0.051510608
50 45.8751 0.451829 F=0.96118107 L1=0.086485 L2=0.086460379 L3=0.012297938
41 40 43.361 F=0.042368935 L1=0.063708413 L2=0.058498429 L3=0.0036688286 acc=2.0e-57
45010 51.9989 0.00213137 F=0.9998167 L1=0.086002216 L2=0.086002147 L3=0.012214865
inf 98.1558 2.91501 F=0.79571721 L1=0.073717309 L2=0.073642029 L3=0.0073895847
283442 16 39.1858 F=0.027631157 L1=0.10603612 L2=0.085413679 L3=0.0094024269
147506 0.147708 8.36 F=0.015615161 L1=6.7769733 L2=0.13054299 L3=0.88952191
100 0.489013 15.999 F=0.021926226 L1=2.0464708 L2=0.1019808 L3=0.20918055
inf 0.697571 64 F=0.00043344304 L1=1.4176321 L2=0.078538912 L3=0.1114989
63953 0.299385 512 F=1.688609e-18 L1=3.3160589 L2=0.070953328 L3=0.23528725
16743 47.0948 3 F=0.78428544 L1=0.07765896 L2=0.077329328 L3=0.0073367579
117 0.00612028 3.98569 F=0.001440589 L1=163.40868 L2=0.25387411 L3=41.488757
592410 48.6748 0.00256277 F=0.99977932 L1=0.086113849 L2=0.086113753 L3=0.012020371 acc=2.4e-70
38807 0.36012 0.000188851 F=0.99946558 L1=2.8313166 L2=2.8298554 L3=8.0462824
inf 66.1968 24.2405 F=0.13894046 L1=0.088500431 L2=0.086653546 L3=0.0078210681
2728 2.45746 3.75 F=0.37844875 L1=0.42020814 L2=0.17427799 L3=0.074159796
inf 73.5704 512 F=6.805951e-17 L1=0.07670256 L2=0.070855329 L3=0.0054347851
952 17.4924 69.4821 F=0.0026611561 L1=0.097051665 L2=0.07562503 L3=0.0073928861
959 77.8994 0.00355357 F=0.99969595 L1=0.085563636 L2=0.085563585 L3=0.013248819
8421 30.0646 0.1 F=0.99131151 L1=0.087143216 L2=0.087128968 L3=0.010145155
51 0.128113 59.4999 F=0.0002335718 L1=7.7795528 L2=0.064012867 L3=0.4980512
38 63.99 0.250514 F=0.97809249 L1=0.087615812 L2=0.087610606 L3=0.013926505
38 0.001 29.0001 F=1.4925104e-5 L1=999.98126 L2=0.072159595 L3=72.159382 acc=3.5e-57
inf 0.0511943 3.75 F=0.012673021 L1=19.551763 L2=0.26707676 L3=5.2254953
104 0.052635 0.291463 F=0.15052185 L1=19.053355 L2=2.9523473 L3=56.283659
55 100.249 12.6043 F=0.37277747 L1=0.082434346 L2=0.082087292 L3=0.0065037636
122 1.25433 37.2506 F=0.0075592655 L1=0.7854395 L2=0.080587865 L3=0.06381936
68 0.652983 4 F=0.13285887 L1=1.546536 L2=0.22067375 L3=0.34399353
707 63.4696 21.8316 F=0.17068844 L1=0.088190511 L2=0.086371146 L3=0.0076958447
489 339.228 3.75 F=0.75395237 L1=0.069676118 L2=0.069667217 L3=0.0061555894
24352 0.00838228 2.9991 F=0.0026287703 L1=119.32111 L2=0.3368337 L3=40.196385
100 1 0.1 F=0.90571866 L1=1.0373392 L2=0.94445276 L3=0.99586667
inf 14.3281 1.22116 F=0.88708555 L1=0.10021881 L2=0.097293392 L3=0.0092697201 acc=3.6e-48
44902 5.92612 0.106847 F=0.9815664 L1=0.17598988 L2=0.17309168 L3=0.023265746
40 127.527 3.75 F=0.74164359 L1=0.075303549 L2=0.075274467 L3=0.0061361511
64101 0.00502687 0.25974 F=0.018708143 L1=198.98685 L2=3.8251437 L3=761.187
41 23.7912 0.01 F=0.99908245 L1=0.091784719 L2=0.091781448 L3=0.01124211
73420 64.01 0.1 F=0.99149368 L1=0.085163024 L2=0.085160707 L3=0.012504599
50 2.78187 3.001 F=0.46440886 L1=0.37246793 L2=0.18453995 L3=0.069863405
1187 0.354861 0.01 F=0.97206354 L1=2.872368 L2=2.7948303 L3=8.0616141
27582 64.01 0.001 F=0.99991431 L1=0.085693291 L2=0.08569327 L3=0.012747929
64 0.745366 1.47026 F=0.32455715 L1=1.3679737 L2=0.46368724 L3=0.6417021
64 0.00192177 0.01 F=0.16108923 L1=520.42134 L2=83.947466 L3=43688.1 acc=7.0e-49
5480 0.00850459 29.8326 F=0.00010345948 L1=117.57782 L2=0.094566537 L3=11.119509
100 3 1.16343 F=0.71053888 L1=0.34793604 L2=0.25129542 L3=0.087739
41 1.2674 395.464 F=7.0999305e-13 L1=0.76628334 L2=0.067455018 L3=0.05168606
8531 51.1466 16 F=0.27693012 L1=0.088867984 L2=0.086845537 L3=0.0069950595
37519 8.16586 774.168 F=2.2088202e-25 L1=0.1343128 L2=0.070618544 L3=0.009485255
4807 0.00125931 0.000770227 F=0.62045956 L1=794.15213 L2=492.7898 L3=391350.12
41 0.5 66.2842 F=0.00067145438 L1=1.9731158 L2=0.06181386 L3=0.12197241
1276 1878.34 63.99 F=0.0081728664 L1=0.070717669 L2=0.070710596 L3=0.0050796052
inf 0.315498 2.00366 F=0.12979819 L1=3.195252 L2=0.43982435 L3=1.4120393
581098 0.0394359 15.999 F=0.001868549 L1=25.358924 L2=0.10152299 L3=2.5747223 acc=1.9e-65
64 0.307764 41.2533 F=0.0016769976 L1=3.228631 L2=0.070434481 L3=0.22779213
478 64.01 512 F=1.3208943e-16 L1=0.076313785 L2=0.069586185 L3=0.0053100404
45630 94.5914 3.75 F=0.74840277 L1=0.072613933 L2=0.072498382 L3=0.0063326885
82027 204.565 15.999 F=0.30180099 L1=0.081741367 L2=0.081586378 L3=0.0059415043
14683 140.58 0.00872651 F=0.99925906 L1=0.084909096 L2=0.084909057 L3=0.01398631
41 2.1164 64.01 F=0.0028440047 L1=0.45014973 L2=0.0617669 L3=0.027788504
9026 2.27082 1136.13 F=8.3498345e-37 L1=0.42384259 L2=0.070356316 L3=0.54342197
2194 0.0526789 0.000227597 F=0.99568344 L1=19.047697 L2=18.966026 L3=361.30462
78785 31.6381 15.5876 F=0.27087697 L1=0.094280065 L2=0.08979967 L3=0.0076654478
194302 0.0126637 64.01 F=8.3958488e-6 L1=78.947852 L2=0.078565364 L3=6.202732 acc=2.7e-69
2322 4.7546 0.1 F=0.97872201 L1=0.21766013 L2=0.21322203 L3=0.039695048
113704 44.3476 511.9 F=5.5033515e-17 L1=0.08100845 L2=0.070893908 L3=0.0057430057
185376 0.5 64 F=0.00031662197 L1=1.9834647 L2=0.078543628 L3=0.15594974
2557 16 0.000176459 F=0.9999832 L1=0.095198107 L2=0.095197814 L3=0.0074121673
11123 0.0582571 511.9 F=3.4828633e-19 L1=17.140313 L2=0.070898318 L3=1.2152212
1540 65.6039 57.1114 F=0.0099748829 L1=0.078749561 L2=0.075354798 L3=0.0060655246
37 0.00129393 64.01 F=2.2697096e-6 L1=772.80941 L2=0.060473497 L3=46.734488
225915 3 27.7596 F=0.033324483 L1=0.3379677 L2=0.095671666 L3=0.032805682
41 59.8433 0.000365938 F=0.99996741 L1=0.089060598 L2=0.089060591 L3=0.014586237
40 1.75383 3.14784 F=0.34365705 L1=0.58440178 L2=0.21234439 L3=0.12644866 acc=4.3e-50
984 2.0524 0.298515 F=0.86796996 L1=0.5078109 L2=0.44307495 L3=0.22755894
inf 963.984 0.00028503 F=0.99997593 L1=0.084440718 L2=0.084440718 L3=0.014916384
315 93.4525 116.64 F=0.00017359068 L1=0.073050451 L2=0.07019653 L3=0.0051272744
inf 0.0277963 0.015405 F=0.64277043 L1=36.040875 L2=23.211801 L3=836.61916
394 2.47295 89.3926 F=0.00021854079 L1=0.39135001 L2=0.073453472 L3=0.028794011
50 682.508 0.00391892 F=0.99965644 L1=0.087665547 L2=0.087665547 L3=0.015569742
18843 8.46435 0.0653743 F=0.99156028 L1=0.13023101 L2=0.12951701 L3=0.010040443
10684 1.41571 0.103937 F=0.92880616 L1=0.73563556 L2=0.6857031 L3=0.5137424
291958 0.0444186 26.3554 F=0.00075076257 L1=22.509491 L2=0.096933221 L3=2.1825015
inf 0.119743 0.000109773 F=0.99907727 L1=8.4135078 L2=8.4058551 L3=70.765475 acc=7.0e-47
inf 119.104 29.6254 F=0.093715882 L1=0.083808743 L2=0.08303084 L3=0.0072979194
37 390.729 252.729 F=9.6673752e-8 L1=0.066072767 L2=0.066072426 L3=0.0043507225
153 64 0.473 F=0.96049708 L1=0.083962058 L2=0.083948104 L3=0.012079286
85428 0.25 0.197727 F=0.55270634 L1=4.051335 L2=2.2793765 L3=9.2638552
inf 3 0.00465201 F=0.99839214 L1=0.34618565 L2=0.34563917 L3=0.11628317
100 0.747783 0.001 F=0.99861977 L1=1.3820735 L2=1.3802631 L3=1.9311968
332889 64 3.001 F=0.78748311 L1=0.075580037 L2=0.07539856 L3=0.0072972196
14156 500 29.4419 F=0.10273865 L1=0.080638679 L2=0.080586866 L3=0.0068369688
474 1.07626 515 F=9.4532246e-18 L1=0.90709253 L2=0.069658175 L3=0.063187728
60577 1.14676 512.1 F=5.9350279e-18 L1=0.85111892 L2=0.070952396 L3=0.060390601 acc=1.7e-44
inf 0.5 0.636652 F=0.42981364 L1=2.0370351 L2=0.90562014 L3=1.859525
inf 79.7424 41.2354 F=0.0346577 L1=0.08168193 L2=0.079658808 L3=0.0068295947
6968 0.00103626 69.7871 F=4.4107842e-7 L1=964.99168 L2=0.077372326 L3=74.66378
148060 94.5453 63.99 F=0.0062721692 L1=0.07635355 L2=0.074295506 L3=0.0057593925
37 176.154 47.3342 F=0.041121934 L1=0.055792225 L2=0.055711781 L3=0.0029354951
100 0.0124614 4 F=0.0029182053 L1=80.265376 L2=0.25252539 L3=20.272558
7605 16 2.70597 F=0.77625372 L1=0.095759734 L2=0.091333373 L3=0.0090297841
76488 0.5 4 F=0.10499317 L1=2.0160919 L2=0.22828539 L3=0.46300452
164 42.3809 0.147376 F=0.9872831 L1=0.086519989 L2=0.086511681 L3=0.011845283
328214 64 0.00423424 F=0.99963726 L1=0.085671843 L2=0.085671752 L3=0.012736396 acc=2.9e-70
388002 0.0484346 700 F=4.5954244e-25 L1=20.621144 L2=0.070706197 L3=1.4580437
1049 0.457045 7.74683 F=0.050451933 L1=2.1968977 L2=0.13722383 L3=0.30527421
135 1.07072 512 F=4.1609264e-17 L1=0.91099016 L2=0.06829154 L3=0.062212089
13476 1.05449 67.9923 F=0.0004653917 L1=0.93297084 L2=0.077694832 L3=0.072618211
121786 454.734 9.91296 F=0.49137564 L1=0.073102211 L2=0.073083428 L3=0.0038201699
38 16 1.26925 F=0.88430144 L1=0.097627418 L2=0.0955682 L3=0.0098145043
68 0.947765 44.4356 F=0.0038316589 L1=1.035408 L2=0.069872699 L3=0.072632529
602 44.3875 63.99 F=0.0056250302 L1=0.080621579 L2=0.074278581 L3=0.0060590572
394 173.909 0.0115774 F=0.9990149 L1=0.085088456 L2=0.085088424 L3=0.014408499
447 41.9904 3.29245 F=0.76476842 L1=0.078425531 L2=0.077956573 L3=0.0070481188 acc=2.3e-56
21090 16 64 F=0.0037387088 L1=0.10086843 L2=0.077395181 L3=0.0078975192
185 0.249227 69.7753 F=0.00013138281 L1=3.9915192 L2=0.072956776 L3=0.29131103
15870 1.69282 8.36 F=0.14953633 L1=0.59526854 L2=0.11410816 L3=0.071839633
535975 0.0060197 0.00465235 F=0.56388822 L1=166.18742 L2=93.768708 L3=15583.227
inf 0.314814 3.37684 F=0.080676685 L1=3.1952102 L2=0.27586275 L3=0.88524472
37 2.3467 22.1654 F=0.048385887 L1=0.42065532 L2=0.084989299 L3=0.037427558
519484 129.52 53.0287 F=0.014989587 L1=0.076368423 L2=0.075292142 L3=0.0059295005
64 1.32267 112.437 F=5.7960647e-5 L1=0.73306613 L2=0.065718822 L3=0.04818929
inf 117.442 512 F=8.2721747e-17 L1=0.074220861 L2=0.070795618 L3=0.0052545118
105418 157.197 40.122 F=0.041262739 L1=0.07900734 L2=0.078393856 L3=0.0065289275 acc=2.7e-79
195896 102.296 1.58419 F=0.87972983 L1=0.077307266 L2=0.077278466 L3=0.0096848634
133236 1.33419 43.5791 F=0.0041316886 L1=0.74092451 L2=0.085736997 L3=0.06390428
108328 0.0277566 0.1 F=0.2159262 L1=36.088714 L2=7.8852714 L3=284.6099
101594 13.195 81.0076 F=0.00094339309 L1=0.10671553 L2=0.075611603 L3=0.0081002563
23756 106.393 63.99 F=0.0064227249 L1=0.07574377 L2=0.074040684 L3=0.005694444
63041 0.00165005 67.9941 F=8.0244448e-7 L1=606.02348 L2=0.077787601 L3=47.141253
23701 2.57319 40 F=0.0096960298 L1=0.38590575 L2=0.08752006 L3=0.034188279
1373 41.3209 631.994 F=1.4968606e-20 L1=0.081284303 L2=0.070240089 L3=0.0057093731
inf 0.822533 0.0152843 F=0.98113059 L1=1.2575334 L2=1.235001 L3=1.574005
37 0.00919722 46.3997 F=4.6142404e-5 L1=108.70054 L2=0.059290845 L3=6.4450671 acc=1.7e-57
38 0.15079 63.99 F=0.00025565659 L1=6.6036195 L2=0.060788042 L3=0.40142317
239 1.5 4 F=0.25952893 L1=0.68045846 L2=0.19170552 L3=0.13212738
1442 0.342547 3 F=0.097175885 L1=2.9394469 L2=0.30450061 L3=0.89941667
inf 0.336214 0.066258 F=0.83243899 L1=3.0272844 L2=2.5356964 L3=7.7082392
258 1.416 0.000717973 F=0.99947125 L1=0.73682235 L2=0.73645237 L3=0.55319006
100 0.0119608 277.477 F=6.1664391e-12 L1=83.579565 L2=0.067351461 L3=5.6292062
214614 24.6862 0.00146614 F=0.99987031 L1=0.088462316 L2=0.088461881 L3=0.0092952853
inf 63.3959 0.0146099 F=0.99874918 L1=0.085628865 L2=0.085628544 L3=0.012688909
517227 5.05213 512 F=1.8936599e-17 L1=0.19529048 L2=0.07096148 L3=0.013859133
50 51.2151 0.0952373 F=0.99161779 L1=0.088105475 L2=0.088102288 L3=0.013597149 acc=3.8e-56
40 2958.96 0.000322232 F=0.99997148 L1=0.088519114 L2=0.088519114 L3=0.015719916
110 0.407807 0.0538703 F=0.88083276 L1=2.504333 L2=2.2166762 L3=5.5820523
597807 9.45473 0.00820832 F=0.99901189 L1=0.12049776 L2=0.12043202 L3=0.0080257175
320 2502.92 0.000802374 F=0.9999319 L1=0.08487547 L2=0.08487547 L3=0.01514742
922 61.5269 0.001 F=0.99991412 L1=0.08588126 L2=0.085881237 L3=0.012756137
inf 103.442 0.254709 F=0.97873537 L1=0.083616566 L2=0.083614045 L3=0.012889286
352 0.449644 33.0998 F=0.0039377416 L1=2.2158355 L2=0.089649405 L3=0.19923425
9906 94.0511 47.0195 F=0.022661602 L1=0.078975153 L2=0.077285663 L3=0.0063537961
38 0.25 0.00033834 F=0.99862803 L1=4.0604869 L2=4.0550697 L3=16.504497
34972 0.0540064 36.3518 F=0.00035763127 L1=18.507162 L2=0.090290007 L3=1.6715163 acc=3.1e-65
10107 1.94161 2.14426 F=0.46139407 L1=0.53177408 L2=0.25458168 L3=0.13762298
100 0.25 0.00883819 F=0.96535436 L1=4.0585676 L2=3.9216997 L3=15.954308
inf 40 32.8687 F=0.060761388 L1=0.090663928 L2=0.085439238 L3=0.0081176431
439 25.7415 66.336 F=0.0040952086 L1=0.087627947 L2=0.07442931 L3=0.0065756707
340172 7.23969 0.235764 F=0.96628063 L1=0.14823247 L2=0.14440349 L3=0.014978276
40 3 56.7194 F=0.0059740922 L1=0.31357023 L2=0.061041758 L3=0.019113282
33814 33.2959 0.0454348 F=0.99605717 L1=0.086883709 L2=0.086879237 L3=0.010613921
152725 0.0265673 61.6219 F=2.1234733e-5 L1=37.622782 L2=0.079102008 L3=2.9762207
inf 0.0020821 752.785 F=4.7497557e-28 L1=480.25799 L2=0.070658878 L3=33.934496
128 0.14671 0.00010142 F=0.99930288 L1=6.8783073 L2=6.8735951 L3=47.32071 acc=4.6e-53
879 95.64 1.18429 F=0.90739051 L1=0.07915062 L2=0.079128891 L3=0.010539912
1667 0.169699 14.0294 F=0.0096953546 L1=5.8944243 L2=0.10233763 L3=0.60314098
2722 2.14341 515 F=9.4241792e-18 L1=0.44972739 L2=0.070692278 L3=0.031793725
inf 64.1037 511.9 F=6.457201e-17 L1=0.077676259 L2=0.07086956 L3=0.0055048823
65465 64.01 64.01 F=0.0057561027 L1=0.078799285 L2=0.075048353 L3=0.0060002172
759 85.3099 515 F=9.4268878e-17 L1=0.074883634 L2=0.069962983 L3=0.005238941
inf 500 0.28389 F=0.97658143 L1=0.082452361 L2=0.082452239 L3=0.013773225
100 80.8404 66.6056 F=0.0075998395 L1=0.069212501 L2=0.066769965 L3=0.0046084281
103 0.247558 0.00422296 F=0.98298355 L1=4.0982435 L2=4.0303554 L3=16.555509
419246 1.41964 2.999 F=0.30832988 L1=0.72065104 L2=0.23478759 L3=0.1717384 acc=5.3e-62
inf 186.549 1.28907 F=0.90107048 L1=0.077352581 L2=0.077346107 L3=0.010574643
50 0.0126703 512 F=2.2320019e-18 L1=78.898274 L2=0.068034547 L3=5.3678064
inf 110.41 3 F=0.79143513 L1=0.073131251 L2=0.073069044 L3=0.007264321
917950 0.0102669 45.7221 F=3.008251e-5 L1=97.386891 L2=0.084826106 L3=8.2613155
156 299.477 0.00344596 F=0.99970537 L1=0.085500291 L2=0.085500289 L3=0.015053533
38 1983.24 0.0693837 F=0.99388063 L1=0.088198317 L2=0.088198317 L3=0.01545759
87 1359.82 4 F=0.73687709 L1=0.071125286 L2=0.071125286 L3=0.0057975378
477804 64.01 0.000154235 F=0.99998678 L1=0.085693541 L2=0.085693538 L3=0.012746694
2496 0.097518 50.6045 F=0.00019032169 L1=10.239552 L2=0.082153918 L3=0.84151403
768 0.001 0.000884776 F=0.53053576 L1=1000.0667 L2=530.63376 L3=530669.21 acc=2.8e-49
766818 9.32305 0.468766 F=0.94484839 L1=0.12415743 L2=0.12043457 L3=0.010231951
19282 0.00420822 0.54256 F=0.0074961823 L1=237.67803 L2=1.8637543 L3=442.99774
41 65.6616 1.00469 F=0.91731265 L1=0.083263561 L2=0.08323363 L3=0.011480736
41 0.952216 512 F=2.0398719e-16 L1=1.0267086 L2=0.068035338 L3=0.069850367
19287 2.68518 26.0604 F=0.036161977 L1=0.37667328 L2=0.096815514 L3=0.036931982
10001 84.3155 5.31924 F=0.66701307 L1=0.072578308 L2=0.072346016 L3=0.0050236477
41 3.56991 0.0209152 F=0.99393788 L1=0.29162854 L2=0.28990446 L3=0.080780821
25600 0.182746 43.7136 F=0.00062534614 L1=5.4599339 L2=0.085804023 L3=0.46887668
41 296.601 1041.38 F=3.8094018e-31 L1=0.069048327 L2=0.069039731 L3=0.0047661558
82280 1.86017 1 F=0.63911786 L1=0.55765291 L2=0.36280751 L3=0.20530198 acc=1.3e-59
81887 122.202 0.01 F=0.99915016 L1=0.084986818 L2=0.08498676 L3=0.013818306
6100 74.6239 57.79 F=0.0095706387 L1=0.078246668 L2=0.075442213 L3=0.0060340712
2562 111.797 21.5831 F=0.18363956 L1=0.085454834 L2=0.084799888 L3=0.0072376235
40 91.8233 61.6525 F=0.016769704 L1=0.060291216 L2=0.059211854 L3=0.0034254987
100916 1.04931 29.8702 F=0.011464791 L1=0.9499789 L2=0.094564974 L3=0.090376757
82154 2.65101 0.000187147 F=0.99992653 L1=0.39261831 L2=0.39259015 L3=0.1525452
34341 70.9349 3.75 F=0.74569697 L1=0.074040653 L2=0.073837986 L3=0.0064093908
5349 2.39948 0.00301697 F=0.99869112 L1=0.43439965 L2=0.43384755 L3=0.18851594
15574 0.18109 0.0208405 F=0.89568363 L1=5.5814873 L2=5.0108817 L3=28.007424
395 0.780213 21.074 F=0.020581659 L1=1.281959 L2=0.098960654 L3=0.12741788 acc=2.8e-55
3145 24.4243 6.73122 F=0.56693209 L1=0.086672609 L2=0.083374059 L3=0.0060167751
inf 0.25 2.59903 F=0.083274944 L1=4.0225373 L2=0.35695043 L3=1.4411456
2637 1.67124 512 F=9.5134939e-18 L1=0.57946294 L2=0.07068961 L3=0.04096358
40 2.79316 0.0693721 F=0.97469018 L1=0.37419378 L2=0.3650088 L3=0.13596599
41 64.01 0.454129 F=0.96103493 L1=0.086145172 L2=0.086134084 L3=0.013133254
100 1742.93 57.4694 F=0.016177294 L1=0.065248209 L2=0.065248209 L3=0.004272409
183 0.00277646 0.204847 F=0.0132114 L1=360.22903 L2=4.86849 L3=1753.8078
119 54.5393 0.1 F=0.99136368 L1=0.086468108 L2=0.086464952 L3=0.01285422
38 0.0738407 15.999 F=0.0033933694 L1=13.542908 L2=0.10276908 L3=1.3928792
41 16 16 F=0.22402888 L1=0.10460483 L2=0.090525068 L3=0.010651923 acc=1.9e-53
98 58.8612 63.3923 F=0.0088683075 L1=0.071186997 L2=0.067215164 L3=0.0047758371
40 0.00508931 6.32984 F=0.00074522042 L1=196.50243 L2=0.1683827 L3=33.088523
553347 36.7285 0.000509857 F=0.99995578 L1=0.086735077 L2=0.08673504 L3=0.011059186
371481 122.145 2.999 F=0.79201545 L1=0.072806992 L2=0.072756051 L3=0.0072621132
185 83.4844 515 F=2.8162244e-16 L1=0.073082596 L2=0.068525688 L3=0.0050063164
inf 49.8237 40.7804 F=0.032934789 L1=0.085469579 L2=0.081219597 L3=0.0072698579
50 6.20699 0.000280193 F=0.99995262 L1=0.16910565 L2=0.1690987 L3=0.022056851
126 0.5 569.898 F=4.309803e-19 L1=1.9749935 L2=0.068366055 L3=0.13502158
17132 1.90249 675.241 F=9.0080824e-23 L1=0.50770679 L2=0.070690198 L3=0.035890783
195537 8 215.468 F=3.8854036e-8 L1=0.13670502 L2=0.072224363 L3=0.0098770251 acc=2.2e-72
811493 0.0528736 0.00470112 F=0.9180691 L1=18.97752 L2=17.433055 L3=330.88134
37887 1.29227 3.68213 F=0.24763944 L1=0.78878563 L2=0.20972546 L3=0.16756412
450 1087.83 0.000345043 F=0.99997076 L1=0.084745499 L2=0.084745499 L3=0.015094206
40 0.344174 3.75 F=0.079410308 L1=2.922009 L2=0.24784811 L3=0.72782054
305317 0.00667627 43.0517 F=2.4589964e-5 L1=149.77193 L2=0.086233076 L3=12.915699
17714 0.38716 240.414 F=5.6879781e-10 L1=2.5601189 L2=0.071985047 L3=0.18429836
inf 13.1133 20.0138 F=0.14917913 L1=0.11825902 L2=0.096429033 L3=0.011250026
51 1.9171 512.1 F=2.739532e-16 L1=0.50166904 L2=0.068038467 L3=0.034130534
157442 1.84945 39.3268 F=0.0078964714 L1=0.53561513 L2=0.088102705 L3=0.04762197
128 1.5 0.0128985 F=0.99109833 L1=0.69611267 L2=0.69022311 L3=0.48993486 acc=4.6e-53
65 91.8029 68.055 F=0.0085707039 L1=0.06539504 L2=0.063699006 L3=0.0041118066
inf 100.857 45.9119 F=0.024892719 L1=0.079022058 L2=0.077544272 L3=0.0063928118
595300 60.1452 700 F=1.0426275e-22 L1=0.078171407 L2=0.070657376 L3=0.0055233865
92192 18.5926 16 F=0.23825073 L1=0.10496657 L2=0.094114727 L3=0.0091517141
108684 0.0381329 0.0288923 F=0.56788205 L1=26.288004 L2=14.982673 L3=393.90886
100 64 0.00206643 F=0.99982026 L1=0.086982334 L2=0.086982291 L3=0.013644387
17818 2.82099 511.9 F=1.2968108e-17 L1=0.34094756 L2=0.070922684 L3=0.0241823
527919 20.3831 0.0001 F=0.99999096 L1=0.090405605 L2=0.090405539 L3=0.0083812786
329 1.96001 0.114158 F=0.94261615 L1=0.5324315 L2=0.50304338 L3=0.2714725
inf 1.5 0.885017 F=0.61739729 L1=0.68984475 L2=0.43451139 L3=0.30454088 acc=1.8e-45
145551 118.589 0.001 F=0.99991493 L1=0.085067007 L2=0.085067001 L3=0.013808717
inf 1.5 512 F=7.5234377e-18 L1=0.64723023 L2=0.070964869 L3=0.045932221
4966 2.49799 0.379299 F=0.86313329 L1=0.41714785 L2=0.36171469 L3=0.15098083
41 107.87 33.1828 F=0.086814903 L1=0.059134886 L2=0.058626725 L3=0.0039503509
inf 0.00152555 512.1 F=8.7383574e-21 L1=655.4746 L2=0.070964856 L3=46.515663
38 56.9976 3.75 F=0.73601982 L1=0.078279272 L2=0.078020814 L3=0.0063041459
307 60.1592 700 F=4.1270442e-22 L1=0.076326691 L2=0.069092531 L3=0.0052729099
1959 0.25 0.250644 F=0.49311819 L1=4.0498746 L2=2.0406586 L3=8.2919517
10379 78.6504 0.0182697 F=0.99844098 L1=0.085346687 L2=0.085346427 L3=0.013135645
40 1.606 58.2088 F=0.0032787534 L1=0.59848045 L2=0.06107096 L3=0.036544445 acc=2.3e-57
5731 3.001 0.0134765 F=0.99535739 L1=0.34610991 L2=0.34453274 L3=0.11592339
275747 2.81656 63.99 F=0.0014457125 L1=0.34703458 L2=0.078419624 L3=0.027357082
41102 0.001 442.552 F=8.0738353e-19 L1=999.975 L2=0.071096168 L3=71.094393
inf 0.00159874 214.051 F=1.6162366e-11 L1=625.4678 L2=0.072269649 L3=45.202349
24509 66.0292 0.1 F=0.99149785 L1=0.08511709 L2=0.085114915 L3=0.01257326
inf 0.5 45.5442 F=0.0014179297 L1=1.9880709 L2=0.084848575 L3=0.16904642
inf 33.8156 1 F=0.91811187 L1=0.084146029 L2=0.083999822 L3=0.0095370758
inf 0.319508 81.3714 F=5.3881566e-5 L1=3.1107096 L2=0.076061031 L3=0.23668629
46171 0.0672387 37.1866 F=0.00041244687 L1=14.862842 L2=0.089748918 L3=1.3344163
294144 0.283739 603.764 F=2.3869544e-21 L1=3.5000465 L2=0.070817307 L3=0.24786519 acc=1.5e-41
40 0.0565407 512 F=1.3632174e-17 L1=17.660255 L2=0.068033657 L3=1.2014898
83 0.0247204 26.007 F=0.00044355115 L1=40.443984 L2=0.089132248 L3=3.6058414
2503 0.00851311 0.0193475 F=0.30517306 L1=117.53142 L2=35.957718 L3=4226.2078
197 0.852253 1.87675 F=0.30063396 L1=1.1961954 L2=0.37595306 L3=0.45508873
4369 1 3 F=0.23901339 L1=1.017539 L2=0.25727094 L3=0.26496485
275579 3.001 8.36 F=0.23104949 L1=0.33797055 L2=0.10577885 L3=0.038025852
50 52.4998 5.76364 F=0.63027172 L1=0.078930262 L2=0.078347619 L3=0.005075306
191 315.737 0.0477956 F=0.99593811 L1=0.084974827 L2=0.084974793 L3=0.014834917
57464 3.01894 48.2758 F=0.0053979656 L1=0.32737608 L2=0.083196213 L3=0.027532883
124164 64.01 515 F=5.1964001e-17 L1=0.077681279 L2=0.070859001 L3=0.0055044178 acc=5.5e-53
inf 2.72132 3.02285 F=0.45718435 L1=0.3812498 L2=0.1863895 L3=0.072007425
256159 1.38548 26.6538 F=0.019926005 L1=0.72147059 L2=0.096657554 L3=0.070259568
144 0.00369552 0.177126 F=0.020220258 L1=270.6574 L2=5.5842616 L3=1511.4595
1460 72.4938 1.88604 F=0.8581662 L1=0.077510424 L2=0.07743718 L3=0.0089795948
inf 0.774307 28.6665 F=0.0097438449 L1=1.2883412 L2=0.095417313 L3=0.1234841
inf 1 0.1 F=0.90579721 L1=1.0364922 L2=0.94361699 L3=0.9936847
488 121.141 0.00110269 F=0.99990593 L1=0.085312485 L2=0.085312478 L3=0.014029819
16569 0.01 20.0689 F=0.00031526755 L1=99.999787 L2=0.10006993 L3=10.007453
1049 0.00975227 5.19842 F=0.0017487616 L1=102.55457 L2=0.19849614 L3=20.358671
196 64 34.7136 F=0.060481696 L1=0.079927857 L2=0.077390192 L3=0.006624908 acc=3.0e-61
68016 44.3039 574.008 F=6.7695214e-19 L1=0.081014639 L2=0.070798952 L3=0.0057357516
64 0.00705422 1.77841 F=0.0037510911 L1=141.78933 L2=0.57023903 L3=80.863354
1080 73.4002 51.7994 F=0.015401849 L1=0.078510778 L2=0.075820277 L3=0.0061352222
inf 1.54974 63.99 F=0.00089027839 L1=0.63228508 L2=0.07849609 L3=0.049784627
50 0.959697 0.0310992 F=0.96740211 L1=1.0822235 L2=1.0488525 L3=1.1538057
404 46.0191 13.43 F=0.34089276 L1=0.087502547 L2=0.085433048 L3=0.0064483483
1057 492.556 4.25886 F=0.7289484 L1=0.068641994 L2=0.068636808 L3=0.0055448749
41 0.21445 0.0533943 F=0.79810894 L1=4.722505 L2=3.7912215 L3=17.94153
643 16 0.00776846 F=0.99925976 L1=0.095336049 L2=0.095323152 L3=0.0075299441
1860 0.933619 512 F=6.0229277e-18 L1=1.0491013 L2=0.07058023 L3=0.074047497 acc=1.2e-38
441 71.4066 0.129943 F=0.98895555 L1=0.085098988 L2=0.085096521 L3=0.012851393
118816 254.59 0.740504 F=0.94096021 L1=0.079863827 L2=0.079862225 L3=0.012133998
inf 64.01 0.00146226 F=0.99987471 L1=0.08568621 L2=0.085686179 L3=0.012743273
5108 1041.02 0.000921908 F=0.99992214 L1=0.084454294 L2=0.084454294 L3=0.014944543
41 1.97593 2.87383 F=0.39274368 L1=0.52046519 L2=0.215035 L3=0.11421425
9790 0.231175 515 F=1.0962746e-18 L1=4.3013205 L2=0.07088355 L3=0.30489468
537 2.95251 0.0913591 F=0.96882376 L1=0.35224092 L2=0.34149316 L3=0.11763317
529 2.24302 2.999 F=0.41254588 L1=0.4601915 L2=0.20150419 L3=0.094233852
40 6.94717 0.0314821 F=0.99518686 L1=0.15364149 L2=0.15305511 L3=0.017612727
45917 2.211 0.0001 F=0.99995282 L1=0.47181937 L2=0.47179785 L3=0.22408337 acc=2.2e-63
inf 100 8.36 F=0.53653614 L1=0.07457136 L2=0.074276327 L3=0.0041177287
1126 8 0.76483 F=0.90317058 L1=0.13970562 L2=0.1308962 L3=0.013991763
inf 0.0833118 515 F=3.8541338e-19 L1=11.97823 L2=0.070959489 L3=0.84997096
inf 92.5105 16 F=0.29088433 L1=0.084654971 L2=0.083959824 L3=0.0063783722
41 165.48 3 F=0.78554234 L1=0.075618999 L2=0.075610708 L3=0.0071960173
161231 64 0.807626 F=0.93466359 L1=0.08181507 L2=0.08178656 L3=0.01091585
341 0.271024 512.1 F=4.0202596e-18 L1=3.6644604 L2=0.069296058 L3=0.25393385
2473 1.81343 58.6902 F=0.0015692952 L1=0.54007306 L2=0.079324967 L3=0.043030885
682 1.5 0.00191298 F=0.99867088 L1=0.69568145 L2=0.69480169 L3=0.49257322
inf 16.4138 3.001 F=0.75715114 L1=0.094767674 L2=0.090275487 L3=0.0088067152 acc=2.8e-49
172 1.39416 14.5321 F=0.066651312 L1=0.72089312 L2=0.10225533 L3=0.073726468
110 2.05478 8.36 F=0.17435397 L1=0.49132159 L2=0.11247139 L3=0.058630706
56 8 1.33634 F=0.83816441 L1=0.14188665 L2=0.1277523 L3=0.015692114
7433 64 0.0915695 F=0.99220459 L1=0.085222095 L2=0.085219987 L3=0.012535678
41 115.783 64.6538 F=0.014088146 L1=0.060280463 L2=0.059685358 L3=0.003470234
3647 114.356 512 F=9.07595e-17 L1=0.074131662 L2=0.07059906 L3=0.0052336194
inf 0.001 54.061 F=1.468309e-6 L1=999.98408 L2=0.081306286 L3=81.305248
64 47.2989 53.1044 F=0.019715096 L1=0.069002284 L2=0.064168819 L3=0.0043939483
82624 80.0812 56.788 F=0.010413912 L1=0.078090386 L2=0.075605685 L3=0.0060457832
inf 6.73297 0.00642833 F=0.99899806 L1=0.15603209 L2=0.15590145 L3=0.016552841 acc=1.7e-47
inf 0.295452 50.6101 F=0.00055934697 L1=3.3704793 L2=0.082575119 L3=0.27861219
56891 2.5586 0.00727017 F=0.99704948 L1=0.40702796 L2=0.40585781 L3=0.16418446
37 2.999 17.2079 F=0.091544033 L1=0.3376808 L2=0.097272633 L3=0.034271214
37 1 55.6491 F=0.002656713 L1=0.97352617 L2=0.059777331 L3=0.058192036
1266 100 37.6853 F=0.048168448 L1=0.08076174 L2=0.079471118 L3=0.00678173
41 109.462 22.4866 F=0.17085516 L1=0.070267488 L2=0.069904252 L3=0.0064979466
30666 0.255651 0.000320719 F=0.99872856 L1=3.96932 L2=3.9644086 L3=15.773633
604 1 0.000349428 F=0.99963732 L1=1.0382902 L2=1.0379335 L3=1.0952877
30015 64 0.00010065 F=0.99999137 L1=0.085697993 L2=0.085697991 L3=0.012749499
inf 591.611 34.1724 F=0.070728809 L1=0.078839533 L2=0.078796092 L3=0.0065856861 acc=2.5e-115
201195 63.99 0.00460085 F=0.99960586 L1=0.085670321 L2=0.085670223 L3=0.012735322
inf 3.001 40 F=0.010876601 L1=0.33221138 L2=0.087487848 L3=0.02947237
38 74.659 145.035 F=9.6559571e-5 L1=0.065775975 L2=0.0637365 L3=0.0041605143
59066 7.28764 28.1277 F=0.055007319 L1=0.15881313 L2=0.094290586 L3=0.015344922
37 64 9.78814 F=0.45393975 L1=0.08458469 L2=0.083957435 L3=0.006145566
inf 0.549079 21.4597 F=0.014277804 L1=1.8213999 L2=0.099539372 L3=0.18178281
38 97.5837 4.40188 F=0.7043041 L1=0.07606964 L2=0.07598987 L3=0.0055049238
88060 2.8157 0.0125549 F=0.99538481 L1=0.36930374 L2=0.36763524 L3=0.13331563
40 0.386077 60.9976 F=0.00073901786 L1=2.562899 L2=0.061175928 L3=0.15679854
188831 0.01 64.01 F=6.6315944e-6 L1=99.982042 L2=0.078565346 L3=7.855289 acc=2.7e-71
271791 1.83017 1387.08 F=1.3613668e-44 L1=0.52787281 L2=0.070356108 L3=2.0176416e+26
2181 346.755 3.75 F=0.75438174 L1=0.069505467 L2=0.069496622 L3=0.0061702419
80 0.25 3.47238 F=0.063438885 L1=4.018266 L2=0.27259097 L3=1.0993482
40 0.372929 0.00172374 F=0.99530227 L1=2.7379065 L2=2.7255169 L3=7.4968943
3578 1.23269 0.2013 F=0.8543427 L1=0.84238152 L2=0.72526014 L3=0.62168617
419634 81.3604 512 F=7.1117845e-17 L1=0.076067237 L2=0.070842294 L3=0.0053887775
188516 40 515 F=4.2115116e-17 L1=0.082176983 L2=0.070898549 L3=0.0058262292
274 0.472275 0.635093 F=0.41652942 L1=2.1551485 L2=0.92941313 L3=2.0183092
inf 322.951 40 F=0.043882758 L1=0.077442232 L2=0.077280221 L3=0.0063212632
17247 62.2045 0.118284 F=0.9899462 L1=0.085120478 L2=0.085117531 L3=0.012402531 acc=2.8e-64
54831 0.939954 6.70856 F=0.11283893 L1=1.0750123 L2=0.14726099 L3=0.16004386
176318 3 55.6397 F=0.0029413449 L1=0.327542 L2=0.080503355 L3=0.026579429
inf 1.69531 0.0939492 F=0.94527015 L1=0.61521086 L2=0.58297559 L3=0.3647412
inf 99.4322 511.9 F=7.7839343e-17 L1=0.074977466 L2=0.070819226 L3=0.0053098461
43 2.02289 0.431969 F=0.81679667 L1=0.51607826 L2=0.42512859 L3=0.22322456
238 1879.87 0.000201785 F=0.99998284 L1=0.085061254 L2=0.085061254 L3=0.015176555
48044 0.00146096 51.7309 F=2.5965114e-6 L1=684.46735 L2=0.082138997 L3=56.221745
2995 41.4585 21.8411 F=0.16086897 L1=0.09281709 L2=0.089079303 L3=0.008276607
1566 2.17039 7.25751 F=0.20721006 L1=0.4693707 L2=0.12460896 L3=0.062108092
37 0.001 2.999 F=0.00031388237 L1=1000.0214 L2=0.33630452 L3=336.31743 acc=1.2e-53
inf 2.78665 0.00392051 F=0.998539 L1=0.37320017 L2=0.37266659 L3=0.1367421
482 1.88715 0.353348 F=0.83611994 L1=0.55196064 L2=0.4647907 L3=0.26022332
1078 72.496 0.0139627 F=0.99880533 L1=0.085572518 L2=0.085572285 L3=0.013068828
1849 2.62042 5.33546 F=0.30672072 L1=0.39387274 L2=0.14491802 L3=0.057736102
1131 16 0.00314574 F=0.99970041 L1=0.09525626 L2=0.095251031 L3=0.0074616651
40 343.911 700 F=6.2653239e-21 L1=0.06857368 L2=0.068571429 L3=0.0047001544
57 0.5 50.5098 F=0.0014892386 L1=1.9764621 L2=0.065956917 L3=0.13050908
1866 885.211 1.44881 F=0.89100003 L1=0.075540577 L2=0.075540242 L3=0.010440317
109037 0.00295632 0.1 F=0.028535345 L1=338.32093 L2=9.7715222 L3=3305.952
356 1.11418 0.00369692 F=0.99656031 L1=0.93351766 L2=0.93047611 L3=0.88403483 acc=8.4e-55
309869 72.1073 51.9466 F=0.014742183 L1=0.079574006 L2=0.076800671 L3=0.0063028537
8331 0.365184 98.9564 F=1.642639e-5 L1=2.7182105 L2=0.074735167 L3=0.20319527
132578 0.315557 771.429 F=1.8796101e-26 L1=3.1446256 L2=0.070637426 L3=0.22212907
33834 40.3505 0.000121496 F=0.99998949 L1=0.086509673 L2=0.086509666 L3=0.011412856
19026 0.724573 56.1649 F=0.00083853799 L1=1.3657567 L2=0.080496403 L3=0.1101646
1624 63.99 0.000135262 F=0.9999884 L1=0.085771828 L2=0.085771825 L3=0.012805377
1436 0.618417 3.001 F=0.16263324 L1=1.6359811 L2=0.28243217 L3=0.46589283
17766 0.00134532 0.0111968 F=0.10718442 L1=743.38347 L2=79.796746 L3=59319.629
806053 0.001 64 F=6.6414783e-7 L1=999.98202 L2=0.078571813 L3=78.570566
1751 11.4524 515 F=2.9425923e-17 L1=0.11160526 L2=0.070542642 L3=0.0078732531 acc=4.9e-38
inf 0.0234659 0.139246 F=0.14301077 L1=42.674942 L2=6.2011261 L3=264.67138
64 1.7232 512 F=1.8190525e-16 L1=0.55966786 L2=0.068044333 L3=0.038080067
79 47.7748 0.839636 F=0.93056463 L1=0.083857444 L2=0.083804726 L3=0.011042016
inf 63.99 0.0235331 F=0.99798687 L1=0.085567819 L2=0.085567307 L3=0.012688411
37 0.234593 4 F=0.05221389 L1=4.2786429 L2=0.23935787 L3=1.0275152
692 0.001 4 F=0.00023479185 L1=1000.0176 L2=0.25378891 L3=253.79679
6981 64.01 55.2902 F=0.011183773 L1=0.079701705 L2=0.076240935 L3=0.0062309966
inf 0.0372854 3.75 F=0.009261942 L1=26.838563 L2=0.26798634 L3=7.1960626
50 0.759568 512.1 F=1.2394896e-16 L1=1.2923941 L2=0.068036316 L3=0.08792768
10677 0.292501 21.1476 F=0.0080489544 L1=3.4185579 L2=0.099636521 L3=0.3411093 acc=2.5e-61
inf 64.01 52.4325 F=0.013853616 L1=0.080336411 L2=0.076980254 L3=0.0063704365
8251 0.987765 0.25652 F=0.7869617 L1=1.0468434 L2=0.83359306 L3=0.88606324
106 0.0117019 0.225941 F=0.048594244 L1=85.513776 L2=4.2588825 L3=364.22849
107260 0.0231893 0.000779509 F=0.96742861 L1=43.18906 L2=41.786585 L3=1804.77
772495 399.634 53.1408 F=0.016512334 L1=0.073766672 L2=0.073625412 L3=0.005609454
4495 12.7884 0.0141189 F=0.99854767 L1=0.10298894 L2=0.10294115 L3=0.0069071412
943421 0.00676397 0.286281 F=0.022715519 L1=147.89736 L2=3.4591415 L3=511.63048
41 42.9572 48.4113 F=0.031997408 L1=0.063481341 L2=0.058647182 L3=0.0035863408
25007 686.559 0.001 F=0.99991552 L1=0.084475733 L2=0.084475733 L3=0.014854702
inf 16 512.1 F=3.4035315e-17 L1=0.099358344 L2=0.070947951 L3=0.0070494124 acc=1.8e-29
50 94.7802 0.189968 F=0.98354833 L1=0.086660315 L2=0.086658706 L3=0.014326888
inf 8 0.18415 F=0.97548218 L1=0.1365893 L2=0.13427707 L3=0.011868357
46537 65.9246 42.0436 F=0.031457387 L1=0.082677252 L2=0.079883931 L3=0.0069179901
56665 40 0.000906499 F=0.99992157 L1=0.086525144 L2=0.086525091 L3=0.011379152
81 0.315301 4.52774 F=0.061255819 L1=3.1862709 L2=0.21188833 L3=0.67757261
597894 1.15595 0.000593852 F=0.99946577 L1=0.90006413 L2=0.89960841 L3=0.82427278
65 93.7025 136.585 F=0.00010332562 L1=0.067154146 L2=0.065050947 L3=0.004352075
100 64 16 F=0.27901842 L1=0.085346145 L2=0.084040461 L3=0.0071817374
469 0.001 0.0615551 F=0.015922758 L1=1000.064 L2=16.047728 L3=16048.8
120567 1017.07 23.9797 F=0.16196506 L1=0.081586373 L2=0.081575995 L3=0.0067932512 acc=1.1e-171
inf 500 26.9919 F=0.12524433 L1=0.081460685 L2=0.081413274 L3=0.0069057597
199077 50.5329 16 F=0.27661839 L1=0.08899958 L2=0.086934037 L3=0.0070065949
inf 16 3 F=0.75575948 L1=0.095674692 L2=0.09083163 L3=0.0089386599
782 63.99 23.5581 F=0.147192 L1=0.087978552 L2=0.086067099 L3=0.0077600422
64 1.85075 15.999 F=0.072050131 L1=0.54417993 L2=0.10140444 L3=0.055801849
inf 0.00466037 3.001 F=0.0014623242 L1=214.59714 L2=0.33702252 L3=72.329086
inf 2.5425 0.747424 F=0.76471843 L1=0.40975849 L2=0.3163784 L3=0.13008717
100 1264.32 0.178491 F=0.98488284 L1=0.084661952 L2=0.084661952 L3=0.014622885
213766 79.3644 16 F=0.28783877 L1=0.085527398 L2=0.084606174 L3=0.0065069003
2479 64.01 0.0201808 F=0.9982722 L1=0.085635856 L2=0.085635419 L3=0.012735915 acc=2.9e-64
64 46.8549 64 F=0.0097696664 L1=0.069662539 L2=0.064352678 L3=0.0044245097
41 0.01 0.136579 F=0.067635973 L1=100.06271 L2=6.8804081 L3=688.51253
41 0.00242309 0.0793328 F=0.029484024 L1=412.76112 L2=12.294101 L3=5074.5706
161 0.924444 0.0145046 F=0.98398057 L1=1.1217967 L2=1.1047685 L3=1.2584085
555 64 487.934 F=6.4582392e-16 L1=0.076476611 L2=0.069759859 L3=0.0053347372
281 2518.38 0.102634 F=0.99135972 L1=0.084152702 L2=0.084152702 L3=0.014766902
1486 3.53142 0.001 F=0.99970694 L1=0.29314455 L2=0.29305989 L3=0.08062399
inf 1.30305 9.68124 F=0.10388588 L1=0.76875977 L2=0.10534903 L3=0.081767281
10535 0.388469 135.748 F=1.1425536e-6 L1=2.5528861 L2=0.073450328 L3=0.1875352
378415 0.565581 32.7174 F=0.0049633428 L1=1.7621659 L2=0.092690617 L3=0.16387284 acc=3.4e-65
64 45.7738 0.233314 F=0.97975784 L1=0.087053315 L2=0.087041885 L3=0.012596243
inf 88.8756 0.291743 F=0.97566426 L1=0.08360726 L2=0.08360324 L3=0.012588962
inf 2.3538 0.042728 F=0.98142174 L1=0.4428997 L2=0.43491771 L3=0.19303926
inf 0.287233 0.000386811 F=0.99863322 L1=3.5382089 L2=3.5335145 L3=12.538825
286498 2.999 27.2569 F=0.034960723 L1=0.33831152 L2=0.096009178 L3=0.032947529
192905 1.41545 0.000113947 F=0.99991605 L1=0.73678434 L2=0.73672555 L3=0.55316487
41 1.0294 27.0663 F=0.016007239 L1=0.95738497 L2=0.076837548 L3=0.074821518
160 0.287006 0.285862 F=0.49406316 L1=3.532768 L2=1.7868815 L3=6.3384687
702 84.0637 0.0138075 F=0.99882002 L1=0.085467858 L2=0.085467687 L3=0.013394809
160 104.943 2.999 F=0.79001445 L1=0.073754843 L2=0.073688338 L3=0.0072475648 acc=3.3e-62
inf 1.58521 40.7233 F=0.0061373137 L1=0.62423099 L2=0.087315079 L3=0.054922058
1463 3.001 165.62 F=8.4333292e-7 L1=0.32162361 L2=0.072399383 L3=0.0232978
2362 121.127 64.01 F=0.00666922 L1=0.074828837 L2=0.073451095 L3=0.0055787575
37 0.026387 35.8064 F=0.00025074303 L1=37.872625 L2=0.062864591 L3=2.381407
199 0.01 18.5687 F=0.00036477731 L1=99.999832 L2=0.10016306 L3=10.016887
277068 0.00629947 3.001 F=0.0019756182 L1=158.76532 L2=0.33684622 L3=53.48451
619624 0.25 63.99 F=0.00016223696 L1=3.9827229 L2=0.078561655 L3=0.3130527
51770 2.54294 0.00263983 F=0.99891997 L1=0.40956612 L2=0.40913524 L3=0.16664436
172 311.702 3.75 F=0.75248897 L1=0.070307459 L2=0.070299066 L3=0.0061323044
inf 100 3 F=0.7908703 L1=0.07348442 L2=0.07340881 L3=0.0072685088 acc=3.0e-56
64 72.3928 0.0650531 F=0.99433066 L1=0.087184102 L2=0.087183073 L3=0.014123955
934 64 52.141 F=0.014656923 L1=0.079269048 L2=0.075925182 L3=0.0061953899
1907 3 0.00279959 F=0.99903168 L1=0.34621659 L2=0.3458875 L3=0.11640369
213305 0.5 41.0408 F=0.0020891967 L1=1.9898448 L2=0.087303906 L3=0.1741494
144364 14.037 30.8859 F=0.05493107 L1=0.11352873 L2=0.090594274 L3=0.010644895
186641 0.281105 15.999 F=0.013001153 L1=3.559053 L2=0.10148714 L3=0.36137801
659 32.2478 30.3894 F=0.072727886 L1=0.092897685 L2=0.085988866 L3=0.0083874785
40 11.9261 0.0111623 F=0.99879034 L1=0.10847437 L2=0.10842973 L3=0.0089432205
109 52.2021 53.1437 F=0.016710379 L1=0.073187707 L2=0.068759712 L3=0.0050903469
50 121.633 3 F=0.78661768 L1=0.075164997 L2=0.075132878 L3=0.007207662 acc=4.0e-62
40915 1.88129 24.3465 F=0.032291779 L1=0.53392024 L2=0.097997561 L3=0.052792688
270 55.3773 40.1004 F=0.038069325 L1=0.080561677 L2=0.077011393 L3=0.0065363601
2206 3.001 1 F=0.74126971 L1=0.34768506 L2=0.26108211 L3=0.090419429
41 2.47256 0.000715697 F=0.99969718 L1=0.42323741 L2=0.4231137 L3=0.18007532
39511 0.387477 0.889913 F=0.29421401 L1=2.6159914 L2=0.80402435 L3=2.1162588
inf 9.20934 32.8857 F=0.039287297 L1=0.13564755 L2=0.0905824 L3=0.012680256
14766 115.953 62.1208 F=0.007496101 L1=0.075511662 L2=0.074060763 L3=0.0056907125
40 0.024092 0.212358 F=0.10059768 L1=41.566952 L2=4.2820099 L3=178.02633
55 1.23266 0.631833 F=0.6499724 L1=0.8395411 L2=0.55684943 L3=0.47585671
64 40 0.0025386 F=0.99977525 L1=0.088535119 L2=0.088534977 L3=0.012773964 acc=3.1e-58
5565 1896.16 0.196496 F=0.98369474 L1=0.082920741 L2=0.082920735 L3=0.014285432
235085 93.6691 0.00407075 F=0.99965301 L1=0.085240907 L2=0.085240867 L3=0.013466448
760 1.77455 44.9218 F=0.0048348365 L1=0.55499308 L2=0.08347729 L3=0.046681768
42873 2.03979 25.278 F=0.03148712 L1=0.49268219 L2=0.097424335 L3=0.048478203
inf 2.97466 0.388038 F=0.88034432 L1=0.35013384 L2=0.30934641 L3=0.10655892
37 98.1909 50.9119 F=0.032879727 L1=0.057331521 L2=0.056588559 L3=0.0030531476
100 67.5808 67.9967 F=0.006667848 L1=0.07035828 L2=0.067045189 L3=0.004702676
1615 272.94 8.36 F=0.54665363 L1=0.071619332 L2=0.071577688 L3=0.0037353506
44 855.154 0.0701519 F=0.99385453 L1=0.087600677 L2=0.087600677 L3=0.015361766
46 62.4404 0.0205354 F=0.99818285 L1=0.088501595 L2=0.088501192 L3=0.014421042 acc=4.2e-58
inf 0.00576668 0.210763 F=0.026306512 L1=173.46788 L2=4.6694396 L3=810.03359
100 0.060481 15.999 F=0.0028315745 L1=16.535087 L2=0.10215203 L3=1.6896044
389 109.067 0.00488218 F=0.99958291 L1=0.085433223 L2=0.085433188 L3=0.013930476
11077 79.0877 38.0583 F=0.044730959 L1=0.082709487 L2=0.080773275 L3=0.0070362191
671 63.3602 43.0415 F=0.029769941 L1=0.081009294 L2=0.077991604 L3=0.0066122561
353 63.99 33.622 F=0.064188395 L1=0.082846614 L2=0.080342064 L3=0.0070818969
177 44.1512 0.0001 F=0.9999913 L1=0.087033665 L2=0.08703366 L3=0.012247307
3530 2.08597 2.36117 F=0.4548718 L1=0.49524243 L2=0.23483561 L3=0.11822758
356 0.047076 0.000115261 F=0.99755008 L1=21.307449 L2=21.255563 L3=452.94766
3162 64 0.000370007 F=0.99996828 L1=0.085732357 L2=0.085732349 L3=0.012776249 acc=2.9e-66
inf 9.31856 25.7339 F=0.076720861 L1=0.13729297 L2=0.095196991 L3=0.013342907
40 100 0.00018931 F=0.99998321 L1=0.08871373 L2=0.088713729 L3=0.015380755
451 69.0273 0.000523172 F=0.99995507 L1=0.085874785 L2=0.085874776 L3=0.013124978
3768 0.00169399 15.999 F=8.0548413e-5 L1=590.32353 L2=0.10154799 L3=59.94639
248 0.01 0.0316017 F=0.23987863 L1=100.06523 L2=24.101547 L3=2411.7722
1702 2.05515 863.335 F=2.2693023e-28 L1=0.46896067 L2=0.07017143 L3=0.032908148
566 120.558 52.3613 F=0.016499106 L1=0.074946779 L2=0.073748817 L3=0.0056931579
41 56.2111 37.4196 F=0.063622279 L1=0.06087921 L2=0.058284217 L3=0.0037240224
2481 0.12906 1398.87 F=7.2942838e-46 L1=7.7228296 L2=0.070081847 L3=7.3226662
343 2.00138 0.0378813 F=0.9806118 L1=0.5216701 L2=0.51194236 L3=0.27049022 acc=2.5e-53
50 83.9808 4 F=0.72790781 L1=0.075343646 L2=0.075216866 L3=0.0059381278
inf 51.8867 515 F=4.7224893e-17 L1=0.079447108 L2=0.070883569 L3=0.0056314946
276 0.345663 0.510903 F=0.39498624 L1=2.9350519 L2=1.1988831 L3=3.5379343
24789 86.6143 4.10595 F=0.7285487 L1=0.072700626 L2=0.072545 L3=0.005982409
118150 1.46837 0.00639181 F=0.99547917 L1=0.71038799 L2=0.70733259 L3=0.51200982
174 8 512.1 F=1.3164476e-16 L1=0.13385074 L2=0.068516759 L3=0.0091698006
144575 13.3775 53.3275 F=0.0080730852 L1=0.10858403 L2=0.080070908 L3=0.0088780458
50 1.35869 0.000282811 F=0.99978257 L1=0.76898684 L2=0.76882871 L3=0.60351301
100 2717.12 0.00711642 F=0.99938813 L1=0.085977781 L2=0.085977781 L3=0.01529577
39 95.3908 0.321134 F=0.97223459 L1=0.0865778 L2=0.086575342 L3=0.014103706 acc=4.6e-60
644 104.704 40 F=0.040923765 L1=0.078869065 L2=0.07762276 L3=0.0064598342
33873 100 21.8523 F=0.1778842 L1=0.086175739 L2=0.085363513 L3=0.0073461436
23538 2.96382 33.0956 F=0.020026144 L1=0.33930335 L2=0.091948318 L3=0.031677237
657 0.585331 1 F=0.35827856 L1=1.7399329 L2=0.64893211 L3=1.1393664
381 0.01 0.0756789 F=0.11615559 L1=100.06315 L2=11.731978 L3=1173.9813
7722 2.29936 53.3514 F=0.0028961621 L1=0.42672386 L2=0.081187271 L3=0.034885479
41 45.0116 62.3458 F=0.014122525 L1=0.065110416 L2=0.060209089 L3=0.0037836716
18209 10.8241 6.4459 F=0.51759415 L1=0.11553684 L2=0.093335925 L3=0.010581741
29186 10.6245 3.001 F=0.72132106 L1=0.11787905 L2=0.10338304 L3=0.012393593
459300 65.5832 63.5823 F=0.0059749448 L1=0.078667596 L2=0.075062941 L3=0.0059942831 acc=2.2e-73
50 1035.78 45.7203 F=0.040618456 L1=0.059326842 L2=0.059326842 L3=0.0034970797
64 85.3434 0.00528357 F=0.99953814 L1=0.087415824 L2=0.087415769 L3=0.014606686
inf 64 0.00145251 F=0.99987554 L1=0.085686476 L2=0.085686445 L3=0.012742938
729556 113.269 0.00156018 F=0.99986723 L1=0.085096727 L2=0.085096717 L3=0.01374757
inf 64.01 27.5255 F=0.10419138 L1=0.087999303 L2=0.08583468 L3=0.0078439266
39951 0.202441 32.2259 F=0.0019279933 L1=4.9331131 L2=0.093056229 L3=0.45960834
4287 64 57.2817 F=0.0096436023 L1=0.079324511 L2=0.07579299 L3=0.0061469097
49879 50.2268 40.9256 F=0.032616948 L1=0.085321875 L2=0.081115189 L3=0.007247326
225683 6.04977 5.2701 F=0.48240923 L1=0.18015871 L2=0.11339627 L3=0.021890984
3903 1.5369 0.0015604 F=0.99894158 L1=0.67899045 L2=0.67830605 L3=0.46920828 acc=4.4e-57
2948 119.464 0.159668 F=0.98658442 L1=0.084080268 L2=0.084079167 L3=0.013364709
350 4.67122 3.75 F=0.52570249 L1=0.2281321 L2=0.13985452 L3=0.031657983
8388 2.50579 1 F=0.70499676 L1=0.41554294 L2=0.2970238 L3=0.12426579
inf 75.011 64 F=0.0059711883 L1=0.077702652 L2=0.074749926 L3=0.0058949382
9178 68.4053 0.1 F=0.99150196 L1=0.085071113 L2=0.085069088 L3=0.012652422
41 57.5072 1 F=0.91741057 L1=0.083688533 L2=0.083647885 L3=0.011360762
1862 2.10846 272.356 F=2.9317045e-10 L1=0.45789375 L2=0.071400887 L3=0.032699242
42777 100 0.01 F=0.99914858 L1=0.085147269 L2=0.085147182 L3=0.013550863
329 78.456 5.93755 F=0.63581683 L1=0.073612489 L2=0.073305726 L3=0.004716476
1105 100 0.0229141 F=0.9980485 L1=0.085176584 L2=0.085176383 L3=0.013597138 acc=3.5e-66
93 2.71545 1.31285 F=0.66285314 L1=0.38373009 L2=0.25930258 L3=0.10055516
122481 0.844188 0.0018328 F=0.99775763 L1=1.2261287 L2=1.2235201 L3=1.5209981
inf 51.2382 63.99 F=0.0054455233 L1=0.080692167 L2=0.075505094 L3=0.0061794027
7811 16 0.00885611 F=0.99915752 L1=0.095184061 L2=0.095169312 L3=0.007408972
681 64.01 0.00014017 F=0.99998796 L1=0.085879865 L2=0.085879862 L3=0.012887717
inf 2.68135 0.203302 F=0.92677417 L1=0.38839771 L2=0.36068527 L3=0.13893566
38 0.00461934 0.233101 F=0.019161262 L1=216.54065 L2=4.2587456 L3=922.22751
367 3.001 15.999 F=0.10630791 L1=0.3409677 L2=0.10100252 L3=0.034426212
103408 0.0103127 3.75 F=0.0025791197 L1=96.985883 L2=0.26976966 L3=26.167582
100 8.7901 57.4754 F=0.0069269386 L1=0.12436314 L2=0.070509746 L3=0.0088197766 acc=2.6e-57
41 0.00600293 0.000813031 F=0.88066734 L1=166.65419 L2=146.7833 L3=24462.101
841 500 36.8232 F=0.058140555 L1=0.076704826 L2=0.07664198 L3=0.0062537792
272792 100 48.0239 F=0.021119813 L1=0.078528031 L2=0.076979345 L3=0.0062834016
966 0.394101 6.45543 F=0.053139007 L1=2.5494084 L2=0.15935286 L3=0.40754806
inf 1.20937 0.000174509 F=0.9998498 L1=0.86084095 L2=0.86071836 L3=0.75458029
124858 2.999 0.0345858 F=0.98816182 L1=0.34640253 L2=0.34237937 L3=0.11537752
40 1.93828 29.7242 F=0.022924735 L1=0.50029522 L2=0.071097697 L3=0.036582
11263 106.935 0.000258439 F=0.99997799 L1=0.085161208 L2=0.085161206 L3=0.013682395
75149 3 680.911 F=8.4606952e-23 L1=0.32049231 L2=0.070717409 L3=0.022665154
287 0.00106423 31.7058 F=1.1092217e-5 L1=939.64204 L2=0.09022643 L3=84.781179 acc=3.1e-59
38 89.0664 0.0751859 F=0.99335291 L1=0.088430635 L2=0.088430067 L3=0.015027372
252 41.7413 64 F=0.0060869089 L1=0.079302884 L2=0.072428435 L3=0.0057920501
100 0.337825 0.0343522 F=0.90598583 L1=3.0150483 L2=2.7407942 L3=8.2973394
64 0.572984 68.6088 F=0.00048306114 L1=1.7211499 L2=0.066227607 L3=0.11403846
117630 64.01 0.657019 F=0.94629423 L1=0.0824669 L2=0.082445278 L3=0.011234921
16966 0.01 58.7554 F=1.007225e-5 L1=99.982985 L2=0.079786757 L3=7.9775257
9223 44.1079 63.99 F=0.0052510812 L1=0.082101171 L2=0.075695864 L3=0.0063004016
8805 100 0.000123801 F=0.99998945 L1=0.085221007 L2=0.085221006 L3=0.013588886
26800 2.999 40 F=0.010877734 L1=0.33239614 L2=0.087445758 L3=0.029474749
265 2791.71 0.01 F=0.99915085 L1=0.084911488 L2=0.084911488 L3=0.0151279 acc=4.3e-356
inf 1 0.000461289 F=0.99952134 L1=1.0381397 L2=1.0376688 L3=1.0947685
40 42.5809 33.9022 F=0.075424895 L1=0.063751082 L2=0.0596455 L3=0.0042153854
inf 0.0407181 0.001 F=0.97596603 L1=24.624218 L2=24.035489 L3=591.90105
inf 2.99106 10.9043 F=0.17796439 L1=0.33931755 L2=0.10055979 L3=0.033005241
2324 0.0031189 0.148873 F=0.020335516 L1=320.68593 L2=6.6345462 L3=2127.6446
4929 0.258542 0.311241 F=0.44698723 L1=3.9158768 L2=1.7952544 L3=7.0554371
59658 3.49493 512 F=1.486237e-17 L1=0.27583318 L2=0.070951477 L3=0.019572043
162 0.274924 0.0151747 F=0.94686903 L1=3.6945384 L2=3.5037922 L3=12.981381
40 4.23462 64 F=0.0048970663 L1=0.2212222 L2=0.061558859 L3=0.013569383
inf 0.569657 512 F=3.1133538e-18 L1=1.7323045 L2=0.070965024 L3=0.12293481 acc=3.2e-25
inf 0.778516 0.01 F=0.98689436 L1=1.3274153 L2=1.3108873 L3=1.762189
82462 2.39171 65.5093 F=0.0011315715 L1=0.4081468 L2=0.078137468 L3=0.0320276
inf 67.29 58.8226 F=0.0086024076 L1=0.078986135 L2=0.0756641 L3=0.0061004431
39 0.755875 0.239994 F=0.75161581 L1=1.3639487 L2=1.0401873 L3=1.4373635
inf 0.49464 48.027 F=0.0011385719 L1=2.0088753 L2=0.083661893 L3=0.1683928
40 94.7303 201.187 F=2.5228073e-6 L1=0.066450733 L2=0.065201937 L3=0.0043121513
inf 8.8617 120.378 F=4.1846211e-5 L1=0.12870601 L2=0.073858367 L3=0.0095163353
1146 36.7357 0.0753246 F=0.99348997 L1=0.086577614 L2=0.0865719 L3=0.011033424
360 0.00976321 0.00292048 F=0.76959569 L1=102.4918 L2=78.907745 L3=8087.4439
849533 0.25 0.000744547 F=0.99698768 L1=4.0578985 L2=4.0459969 L3=16.45605 acc=1.6e-63
68 128.004 49.8236 F=0.027789264 L1=0.063854965 L2=0.063146819 L3=0.00404161
inf 85.2913 0.1 F=0.99153041 L1=0.084761251 L2=0.084759955 L3=0.013045003
23890 3.61906 332.442 F=5.4391911e-12 L1=0.26695203 L2=0.071442848 L3=0.019074755
347 1.2743 0.00693823 F=0.99435772 L1=0.81766682 L2=0.8132916 L3=0.67761384
1150 1 4 F=0.18978709 L1=1.0148406 L2=0.20805449 L3=0.21333145
609 1 0.00728254 F=0.9924943 L1=1.0381674 L2=1.030784 L3=1.0875945
inf 1.5 724.601 F=2.1805511e-24 L1=0.64698748 L2=0.070684199 L3=0.045732598
37 6.45017 25.2254 F=0.074510659 L1=0.15659426 L2=0.074647309 L3=0.013129837
1058 113.309 201.468 F=3.6405182e-7 L1=0.073683825 L2=0.070911252 L3=0.0052249382
70 1.65425 3.001 F=0.34154896 L1=0.61965436 L2=0.22323297 L3=0.14079668 acc=4.8e-50
308 1024.19 69.7844 F=0.0058920045 L1=0.068832956 L2=0.068820679 L3=0.0047693994
438 80.7413 0.000400429 F=0.99996568 L1=0.085702079 L2=0.085702074 L3=0.013441911
70688 0.01 0.000774981 F=0.9280282 L1=100.06626 L2=92.873812 L3=9293.582
inf 0.123539 0.000717371 F=0.99418237 L1=8.156741 L2=8.1099835 L3=66.193596
50 1.54506 0.059385 F=0.9613221 L1=0.67654612 L2=0.65168905 L3=0.4500461
41 2.7489 0.223833 F=0.92146678 L1=0.38027639 L2=0.35135886 L3=0.13361442
1423 100 0.15383 F=0.9870379 L1=0.084339024 L2=0.084337514 L3=0.013193268
23017 75.2556 54.8647 F=0.011913082 L1=0.078738069 L2=0.076055874 L3=0.006148365
18512 90.0236 3.001 F=0.790142 L1=0.073899954 L2=0.073806931 L3=0.0072721879
40 0.383078 47.5819 F=0.0016582784 L1=2.5837671 L2=0.060692556 L3=0.15692725 acc=2.0e-57
48 0.531865 0.0618322 F=0.89310133 L1=1.9298715 L2=1.7324183 L3=3.3709557
2592 3 46.615 F=0.0062265773 L1=0.32960966 L2=0.083528746 L3=0.02784895
inf 0.220991 53.8024 F=0.00032438948 L1=4.5098165 L2=0.08137616 L3=0.36724828
37 0.25 64.01 F=0.00042894918 L1=3.9719122 L2=0.060495764 L3=0.24027997
inf 58.3832 4.40398 F=0.70796417 L1=0.074888205 L2=0.074520687 L3=0.0058871571
9320 2.13817 512 F=1.0552521e-17 L1=0.45098191 L2=0.070884939 L3=0.031969325
599478 4.17296 0.00280007 F=0.99930793 L1=0.24734005 L2=0.24717219 L3=0.054399718
85 264.043 0.00546699 F=0.99952801 L1=0.086332951 L2=0.086332948 L3=0.015264477
252418 44.8357 69.6097 F=0.0034369665 L1=0.081622286 L2=0.075131419 L3=0.0061898921
64 1.25219 2.999 F=0.2822118 L1=0.81486898 L2=0.24242302 L3=0.20064211 acc=5.7e-50
95109 0.0103847 16 F=0.00049342697 L1=96.296849 L2=0.10152766 L3=9.7770065
65 1421.47 28.4263 F=0.11535321 L1=0.068757909 L2=0.068757909 L3=0.0055509211
100 0.00156147 120.748 F=3.1078625e-8 L1=640.39588 L2=0.067887824 L3=43.475107
inf 0.108191 0.000619419 F=0.99426874 L1=9.3056037 L2=9.2529653 L3=86.147606
64 0.554625 28.2178 F=0.0079138116 L1=1.7915588 L2=0.082861978 L3=0.14943871
297 0.0431641 0.001 F=0.97729332 L1=23.232735 L2=22.708124 L3=527.6178
5198 61.8817 27.3795 F=0.10511086 L1=0.088133348 L2=0.085851105 L3=0.0078611453
inf 0.00500349 1343.71 F=9.28737e-46 L1=199.83465 L2=0.070370436 L3=-1.1761836e+46  VIOLATION
1256 2.20986 0.00293962 F=0.99861403 L1=0.47212055 L2=0.47148803 L3=0.22413426
3338 3 3 F=0.48278443 L1=0.34688557 L2=0.17975605 L3=0.063036261 acc=2.8e-54
282 100 0.0259898 F=0.9977783 L1=0.085493576 L2=0.085493349 L3=0.013829797
198459 0.450583 15.999 F=0.020490444 L1=2.2212599 L2=0.10146203 L3=0.22553337
inf 373.894 422.4 F=6.9273652e-14 L1=0.07133369 L2=0.070628698 L3=0.0050382056
49207 0.0134 0.000157433 F=0.98837745 L1=74.692865 L2=73.826275 L3=5514.3432
857151 0.01 59.2108 F=9.6929568e-6 L1=99.982926 L2=0.079721644 L3=7.971007
901222 3.76744 0.001 F=0.99972569 L1=0.27439022 L2=0.27431606 L3=0.069321284
40 1 3 F=0.23886761 L1=1.0168908 L2=0.2560225 L3=0.2640432
128894 8 0.00150005 F=0.99979704 L1=0.13532768 L2=0.13530831 L3=0.010940729
325700 0.0475426 55.7179 F=6.0768356e-5 L1=21.017541 L2=0.080745854 L3=1.6973168
40985 443.889 3.001 F=0.79551312 L1=0.070567623 L2=0.07056369 L3=0.0072397318 acc=3.4e-106
5537 124.192 8.36 F=0.53957655 L1=0.073665401 L2=0.073471037 L3=0.0040003303
112 0.5 0.0327118 F=0.93705117 L1=2.0502595 L2=1.9265493 L3=3.9788512
17737 1.03299 0.00449615 F=0.995499 L1=1.0054487 L2=1.0011603 L3=1.0234083
75 63.99 65.1351 F=0.0090110479 L1=0.068521756 L2=0.065162117 L3=0.0044260046
3684 0.678332 63.99 F=0.00042730957 L1=1.4580696 L2=0.078281658 L3=0.11429839
763276 1.22835 700 F=1.0426594e-23 L1=0.79330263 L2=0.070707083 L3=0.056093006
inf 87.7762 4 F=0.7343077 L1=0.072714608 L2=0.072568341 L3=0.0060850396
inf 45.6121 515 F=4.4585249e-17 L1=0.080716728 L2=0.070893476 L3=0.0057222895
1289 0.130641 0.0392421 F=0.76718052 L1=7.7149747 L2=5.9454844 L3=45.90941
63201 0.641146 0.1 F=0.86126724 L1=1.6038488 L2=1.3910063 L3=2.2537792 acc=1.9e-58
18990 0.809482 0.000311487 F=0.99960215 L1=1.2777621 L2=1.2772796 L3=1.6536986
282887 8 557.594 F=9.7221472e-19 L1=0.13622368 L2=0.070880029 L3=0.009656092
146 0.00349443 0.00770271 F=0.31192149 L1=286.23654 L2=89.375045 L3=25582.451
37 0.5 0.1 F=0.82916721 L1=2.0500357 L2=1.7140796 L3=3.5413861
699157 2.29812 108.61 F=4.1815855e-5 L1=0.42194593 L2=0.074372981 L3=0.031413957
50 62.2592 3.001 F=0.78291328 L1=0.077481228 L2=0.077311632 L3=0.0072520566
38 979.682 0.269202 F=0.97666424 L1=0.086721478 L2=0.086721478 L3=0.014627859
17432 83.3598 48.7994 F=0.019333449 L1=0.0792638 L2=0.077150694 L3=0.0063434638
inf 1.22456 16 F=0.051582156 L1=0.81995637 L2=0.10134396 L3=0.083167177
921421 91.2568 512.1 F=7.4083668e-17 L1=0.075417523 L2=0.070829259 L3=0.0053417673 acc=1.1e-61
121037 244.926 0.121647 F=0.98980188 L1=0.083832246 L2=0.083832054 L3=0.01404513
38 43.9542 0.191813 F=0.98302775 L1=0.088710294 L2=0.088700963 L3=0.013330151
269 0.184245 1150.74 F=2.3791875e-37 L1=5.4017868 L2=0.069206936 L3=5.1735302
37 0.0184813 66.7343 F=2.744294e-5 L1=54.080175 L2=0.060716699 L3=3.2835682
132785 0.185347 0.00037527 F=0.99795691 L1=5.4553249 L2=5.4444105 L3=29.741224
inf 118.893 0.199701 F=0.98328126 L1=0.083796372 L2=0.083794937 L3=0.01321058
inf 0.0924578 5.8315 F=0.014509259 L1=10.828964 L2=0.17810017 L3=1.9300692
559709 0.801568 0.0649009 F=0.92262932 L1=1.2887859 L2=1.1938788 L3=1.5588388
7863 91.1117 700 F=1.3387148e-22 L1=0.075332502 L2=0.070538914 L3=0.0053138715
64 64 4 F=0.72682745 L1=0.076034341 L2=0.075784462 L3=0.0060555768 acc=3.3e-56
993217 13.6477 8.36 F=0.45652088 L1=0.10503288 L2=0.090949249 L3=0.0080341591
372 75.7882 3.75 F=0.74585872 L1=0.073865816 L2=0.073688002 L3=0.0063630291
736525 0.001 0.484287 F=0.0020111337 L1=1000.0495 L2=2.0978685 L3=2097.9983
inf 81.4086 0.000374425 F=0.99996802 L1=0.085402196 L2=0.085402191 L3=0.013238599
21771 0.417812 8.36 F=0.042734613 L1=2.3997076 L2=0.1271912 L3=0.31005936
inf 100 0.000273637 F=0.99997668 L1=0.085205684 L2=0.085205682 L3=0.013577316
603 78.7153 29.8281 F=0.089122137 L1=0.08423346 L2=0.082615348 L3=0.0073584615
289340 8 0.117171 F=0.9843076 L1=0.13614558 L2=0.1346591 L3=0.011547419
37 64.01 0.0291822 F=0.99739856 L1=0.089161342 L2=0.089160841 L3=0.014781896
40 0.00140696 15.999 F=6.5232582e-5 L1=710.75243 L2=0.10280051 L3=73.066749 acc=2.3e-55
3518 108.061 0.196321 F=0.98353678 L1=0.083947769 L2=0.083946064 L3=0.013133659
32807 103.023 98.3436 F=0.00051803449 L1=0.074850032 L2=0.072539733 L3=0.0054353316
inf 0.256265 512.1 F=1.4325445e-18 L1=3.8779372 L2=0.070964855 L3=0.27519908
41 0.0296436 0.261265 F=0.10036122 L1=33.791543 L2=3.4871794 L3=117.87115
165 218.517 40 F=0.047392038 L1=0.071675904 L2=0.071392296 L3=0.0054400145
407427 0.25 0.572134 F=0.29680036 L1=4.0424174 L2=1.2468075 L3=5.0594255
inf 501.677 511.9 F=1.3519333e-16 L1=0.070994666 L2=0.070493789 L3=0.005004683
218632 103.652 61.8582 F=0.0074760471 L1=0.07609997 L2=0.07436244 L3=0.0057597214
3494 40 511.9 F=5.8335391e-17 L1=0.081970103 L2=0.070698322 L3=0.0057951424
2291 102.227 0.210307 F=0.98236834 L1=0.083942724 L2=0.083940661 L3=0.013036973 acc=3.4e-66
143 697.304 2.999 F=0.79373471 L1=0.071405572 L2=0.071405279 L3=0.0072184735
207594 1 46.3212 F=0.0025312979 L1=0.98931683 L2=0.084389174 L3=0.083832077
888223 1.5 0.458047 F=0.75765826 L1=0.69215543 L2=0.53082366 L3=0.37358054
inf 0.272377 15.999 F=0.012608553 L1=3.6730263 L2=0.10148808 L3=0.37294914
5761 1.90821 67.4198 F=0.00081793989 L1=0.51182806 L2=0.077665647 L3=0.039878815
40 0.5 149.607 F=3.5874231e-6 L1=1.973181 L2=0.064082523 L3=0.12643745
11032 3.001 86.7663 F=0.00026539553 L1=0.32390776 L2=0.075488449 L3=0.024505817
1016 1122.49 21.487 F=0.19870596 L1=0.08118446 L2=0.081177612 L3=0.0066128209
611150 47.1763 0.000113988 F=0.99999018 L1=0.086182925 L2=0.086182921 L3=0.011930163
inf 0.5 0.00347402 F=0.99292646 L1=2.0502723 L2=2.0363748 L3=4.2047218 acc=4.0e-46
576554 77.5241 63.7417 F=0.0061321662 L1=0.077513328 L2=0.074712661 L3=0.0058794884
100 0.00220268 3 F=0.00069156477 L1=454.01467 L2=0.33687785 L3=152.95276
19656 100.026 64.01 F=0.0063429737 L1=0.076027126 L2=0.074145717 L3=0.0057232008
4064 7.45754 0.298996 F=0.95847639 L1=0.14508324 L2=0.14063472 L3=0.014315137
41 115.23 0.00317791 F=0.99971865 L1=0.08853202 L2=0.088532009 L3=0.015454021
9663 2.34621 7.08315 F=0.22430211 L1=0.43533343 L2=0.12515729 L3=0.057863516
326916 95.3789 511.9 F=7.6596761e-17 L1=0.075184413 L2=0.070822409 L3=0.0053247412
155 64.01 41.3858 F=0.03741001 L1=0.076019323 L2=0.073187138 L3=0.0058519321
966 782.092 512 F=2.127674e-16 L1=0.069942196 L2=0.069711867 L3=0.004875713
59710 42.2062 64.01 F=0.0051570374 L1=0.082671294 L2=0.075862696 L3=0.0063581195 acc=2.3e-69
64 89.4535 22.4525 F=0.16942184 L1=0.076853956 L2=0.07601856 L3=0.006886769
16833 0.721608 0.00278392 F=0.99603357 L1=1.4302626 L2=1.4248681 L3=2.0616063
103631 5.13277 0.204205 F=0.960364 L1=0.20254934 L2=0.19504634 L3=0.033165652
219 47.1451 244.45 F=2.2201298e-8 L1=0.077411005 L2=0.068957431 L3=0.0053364299
10546 0.5 0.146575 F=0.76806126 L1=2.0464057 L2=1.5893514 L3=3.277223
128077 0.550989 35.1451 F=0.00387449 L1=1.807677 L2=0.091036859 L3=0.1650753
100 2.76234 61.8826 F=0.0024627237 L1=0.34806108 L2=0.070311493 L3=0.02455655
60748 0.5 3.001 F=0.13572938 L1=2.019457 L2=0.29146634 L3=0.59264168
6527 3.001 40 F=0.010903167 L1=0.33209022 L2=0.087313515 L3=0.029404601
985756 78.149 63.99 F=0.0060298112 L1=0.077442052 L2=0.074669557 L3=0.0058692864 acc=2.2e-75
38 0.303215 511.9 F=7.7335804e-17 L1=3.2725788 L2=0.068033691 L3=0.22264363
inf 2208.1 512 F=1.71743e-16 L1=0.070226336 L2=0.070183884 L3=0.004928757
130481 105.438 0.0439086 F=0.99627368 L1=0.084884729 L2=0.084884376 L3=0.013524293
100 62.5767 51.0228 F=0.02057076 L1=0.071121261 L2=0.067895329 L3=0.0048971233
607 2.999 6.09278 F=0.30146268 L1=0.34492398 L2=0.13136456 L3=0.047062304
310 100 64 F=0.0072594288 L1=0.073220264 L2=0.071364557 L3=0.0052807366
421954 0.5 61.0273 F=0.00040023719 L1=1.9839786 L2=0.07922233 L3=0.15735923
146 0.0781911 67.1143 F=5.4013642e-5 L1=12.767449 L2=0.07214357 L3=0.92119799
437136 101.701 1407.28 F=3.0245831e-44 L1=0.07486584 L2=0.070329855 L3=0.24998838
12967 0.655149 0.00278581 F=0.99563784 L1=1.5725126 L2=1.5659782 L3=2.4878735 acc=2.4e-58
40 0.00980023 0.113878 F=0.078663046 L1=102.10209 L2=8.1453354 L3=831.69724
6541 0.0032403 794.387 F=4.2784249e-29 L1=308.58739 L2=0.070512294 L3=21.759205
38 1 0.140897 F=0.87184276 L1=1.0380485 L2=0.91182183 L3=0.96280287
367 0.196681 0.106708 F=0.64440248 L1=5.1403456 L2=3.348808 L3=17.248683
100 0.00251477 0.674896 F=0.0035981577 L1=397.696 L2=1.5069503 L3=599.3297
1684 0.163849 0.0626158 F=0.7208591 L1=6.1615642 L2=4.4720555 L3=27.59259
1161 2.90739 548.369 F=1.3701429e-18 L1=0.33037087 L2=0.070305871 L3=0.023228146
inf 0.0475105 0.00796933 F=0.8559156 L1=21.112523 L2=18.088821 L3=381.94586
3636 40 0.0097958 F=0.99915261 L1=0.086522943 L2=0.086522373 L3=0.011389212
6076 0.0903923 0.0233477 F=0.79356948 L1=11.125254 L2=8.853531 L3=98.540334 acc=7.7e-55
41 1 512 F=2.1328977e-16 L1=0.97668425 L2=0.068035422 L3=0.066447014
41 1.5 0.00995348 F=0.99310314 L1=0.69754068 L2=0.6929853 L3=0.49378238
361 0.134028 0.00108543 F=0.99189969 L1=7.5231988 L2=7.4632219 L3=56.189543
37 388.469 0.0048836 F=0.99956625 L1=0.08881668 L2=0.08881668 L3=0.015755312
41 406.677 700 F=6.1165532e-21 L1=0.068572016 L2=0.06857143 L3=0.0047000403
2425 64 700 F=1.3221243e-22 L1=0.077389662 L2=0.070361332 L3=0.0054452256
76 500 1.06657 F=0.91544324 L1=0.079566035 L2=0.079565994 L3=0.01163725
1731 1.7114 0.241023 F=0.87160141 L1=0.60867199 L2=0.53362977 L3=0.33010379
inf 117.898 0.137929 F=0.98839492 L1=0.084189983 L2=0.084189023 L3=0.013384493
1092 82.8643 30.8199 F=0.082169213 L1=0.084270579 L2=0.082748351 L3=0.0073576267 acc=2.6e-65
284 1.68501 0.000310175 F=0.99980777 L1=0.61985156 L2=0.61973784 L3=0.39109535
972736 16 0.0186533 F=0.99822661 L1=0.09518655 L2=0.095155461 L3=0.0074200838
104943 2.86182 0.124675 F=0.95663951 L1=0.36352288 L2=0.34811288 L3=0.12430938
731619 0.5 58.8639 F=0.00047532992 L1=1.9843967 L2=0.079782167 L3=0.15852194
659 100 30.6838 F=0.08536583 L1=0.082711156 L2=0.081619757 L3=0.0071523873
824512 0.121997 0.218752 F=0.35377378 L1=8.2510963 L2=2.9824793 L3=24.64076
545 93.6494 0.00364096 F=0.99968879 L1=0.085476783 L2=0.085476747 L3=0.013642821
inf 1.25264 17.012 F=0.047497026 L1=0.80158799 L2=0.10109691 L3=0.081205205
235 94.3261 512 F=2.8004135e-16 L1=0.07284221 L2=0.068765209 L3=0.0050078011
274978 8.19677 0.042898 F=0.99432123 L1=0.13316653 L2=0.13265197 L3=0.010596548 acc=1.8e-61
748248 2.69092 0.000638609 F=0.99975311 L1=0.3866999 L2=0.38660663 L3=0.14767738
40 3.001 672.416 F=9.711752e-21 L1=0.31783353 L2=0.068507922 L3=0.021772691
inf 64.01 0.001 F=0.99991431 L1=0.085688707 L2=0.085688686 L3=0.01274441
110912 2.77173 0.658557 F=0.80108673 L1=0.37605616 L2=0.30355063 L3=0.11373105
1858 1.16357 20.8671 F=0.030201253 L1=0.86117646 L2=0.099650054 L3=0.08625176
7527 0.631502 4 F=0.1290046 L1=1.599263 L2=0.22251062 L3=0.35845694
49456 19.5071 511.9 F=3.8067716e-17 L1=0.094238883 L2=0.070927251 L3=0.0066841704
37 107.264 0.00226615 F=0.99979837 L1=0.088974316 L2=0.088974307 L3=0.01552747
45 3 1.90577 F=0.59784956 L1=0.34729608 L2=0.21464102 L3=0.075744989
14561 50.9469 0.0024042 F=0.99979315 L1=0.086041859 L2=0.086041778 L3=0.012160764 acc=2.5e-66
6844 16 1030.43 F=4.7210692e-33 L1=0.099218794 L2=0.070371291 L3=0.25419039
660 0.0903621 0.00609332 F=0.93646652 L1=11.129831 L2=10.430512 L3=116.13346
inf 1129.58 512 F=1.5817432e-16 L1=0.07044225 L2=0.07030477 L3=0.0049524262
352883 3 0.000114801 F=0.99996026 L1=0.3461705 L2=0.34615699 L3=0.11643517
303 1 3.75 F=0.20018038 L1=1.0153169 L2=0.21802167 L3=0.22381637
inf 70.6355 29.7481 F=0.087389814 L1=0.086581457 L2=0.08463553 L3=0.0076691508
105072 2.44806 0.000115754 F=0.99995073 L1=0.42565981 L2=0.42563942 L3=0.18087577
932540 77.4261 1 F=0.9205351 L1=0.080427635 L2=0.080401505 L3=0.010724777
inf 0.529014 0.000447104 F=0.99913341 L1=1.9398647 L2=1.9382561 L3=3.7888279
176 0.0524572 0.0001 F=0.9980908 L1=19.128442 L2=19.092167 L3=365.24912 acc=3.6e-52
298 70.9975 44.4548 F=0.028446446 L1=0.077748075 L2=0.075193935 L3=0.0061037936
217403 0.28785 28.6276 F=0.003815584 L1=3.4696656 L2=0.095485993 L3=0.331877
25028 1.5 0.000397133 F=0.99972384 L1=0.69557514 L2=0.69539232 L3=0.49284499
60915 67.3623 27.8742 F=0.10184252 L1=0.087504946 L2=0.085500036 L3=0.0077828506
3194 0.104592 1 F=0.091228239 L1=9.598651 L2=0.92609455 L3=8.9038081
387 0.01 163.729 F=5.2392938e-9 L1=99.975792 L2=0.071138222 L3=7.1121173
5360 1940.98 43.5842 F=0.035180607 L1=0.074813916 L2=0.074808578 L3=0.005890425
inf 0.821227 1286.26 F=8.0446655e-42 L1=1.1949695 L2=0.070386895 L3=2.4281526e+39
inf 0.377772 91.087 F=3.0379167e-5 L1=2.6274949 L2=0.075289788 L3=0.19788425
inf 1284.68 63.99 F=0.0078636553 L1=0.071516793 L2=0.071498905 L3=0.0052001049 acc=2.0e-193
174331 1.02829 0.000249612 F=0.99974794 L1=1.0100407 L2=1.0097995 L3=1.0369049
inf 1.5 0.000564899 F=0.99960722 L1=0.69557024 L2=0.69531022 L3=0.49278066
203163 2.999 3.12546 F=0.47202862 L1=0.34692562 L2=0.17669076 L3=0.061955238
650992 69.2405 0.0265416 F=0.99773281 L1=0.08544375 L2=0.085443257 L3=0.012853008
26752 84.3973 68.3807 F=0.004430652 L1=0.076621604 L2=0.074062566 L3=0.0057375161
11731 70.6055 46.3039 F=0.022786719 L1=0.080895716 L2=0.078229565 L3=0.0065878619
2334 79.9296 0.17255 F=0.98544482 L1=0.084478994 L2=0.084476293 L3=0.012780163
inf 1.5 0.0001 F=0.99993045 L1=0.69557449 L2=0.69552845 L3=0.4929398
513 62.0227 63.99 F=0.0062172794 L1=0.077291678 L2=0.073371118 L3=0.0057387789
64 5.92513 0.448733 F=0.92585215 L1=0.17871773 L2=0.16732597 L3=0.02537114 acc=6.4e-52
56 129.186 0.0354312 F=0.99690889 L1=0.087244777 L2=0.087244654 L3=0.01508859
88198 0.351372 0.152709 F=0.69173943 L1=2.8959636 L2=2.0296547 L3=5.9060696
963 0.00231052 0.0212775 F=0.097815761 L1=432.86934 L2=42.459219 L3=18379.34
88 0.5 0.0176571 F=0.96502185 L1=2.0509292 L2=1.9822189 L3=4.0949814
68 181.481 0.181923 F=0.98443623 L1=0.085550444 L2=0.085550128 L3=0.014566203
7967 655.24 64.01 F=0.0077267045 L1=0.071771985 L2=0.071706249 L3=0.00523189
24316 2.999 14.7011 F=0.12154402 L1=0.34107155 L2=0.1010881 L3=0.034178874
41 1077.92 4.42402 F=0.70638156 L1=0.07459378 L2=0.07459378 L3=0.0053962231
853230 0.0632447 2.999 F=0.019497973 L1=15.833085 L2=0.33106415 L3=5.2466644
5984 8 64 F=0.002801282 L1=0.13928269 L2=0.077904872 L3=0.010960488 acc=3.1e-63
1401 812.27 0.0353722 F=0.99701851 L1=0.084277919 L2=0.084277914 L3=0.01482184
612 1.80351 3.8628 F=0.30358908 L1=0.56817781 L2=0.18738595 L3=0.10793644
inf 67.2311 25.9082 F=0.120526 L1=0.088062943 L2=0.086164758 L3=0.0078212368
3516 112.938 0.00198366 F=0.99983113 L1=0.085132027 L2=0.085132014 L3=0.013770115
845 95.3435 0.0348968 F=0.99702809 L1=0.085180371 L2=0.08518003 L3=0.013516352
inf 214.259 134.072 F=4.6276902e-5 L1=0.072325695 L2=0.071442564 L3=0.0051674001
360 0.688445 0.0396038 F=0.94393239 L1=1.4972089 L2=1.4172244 L3=2.1454202
25910 0.144189 427.105 F=3.4601674e-16 L1=6.9108803 L2=0.071125241 L3=0.49154069
90 1 60.9156 F=0.0011578133 L1=0.9795104 L2=0.069616033 L3=0.068292489
268391 63.99 0.000512407 F=0.99995609 L1=0.085692238 L2=0.085692227 L3=0.012745253 acc=2.9e-72
52 0.0024308 13.6001 F=0.00014559145 L1=411.38873 L2=0.10559634 L3=43.441285
50 57.8897 512.1 F=1.5805607e-15 L1=0.072496888 L2=0.068048083 L3=0.0049294753
171940 63.99 2.22825 F=0.83521263 L1=0.077130871 L2=0.077011948 L3=0.0083694501
3610 0.0342216 0.0200306 F=0.62997224 L1=29.285785 L2=18.496209 L3=541.72102
inf 0.0236911 30.213 F=0.00027737091 L1=42.204102 L2=0.094462471 L3=3.9872773
1773 106.406 110.272 F=0.00022971786 L1=0.074255803 L2=0.071921067 L3=0.0053423101
40 1 2.34137 F=0.28718423 L1=1.0196523 L2=0.3065727 L3=0.31731787
215 4.36026 3 F=0.57059233 L1=0.24278268 L2=0.15320127 L3=0.036852737
5569 2.999 0.0581379 F=0.98025511 L1=0.34648873 L2=0.33978091 L3=0.11462709
136690 0.00304666 0.347727 F=0.0085238321 L1=328.28164 L2=2.8943623 L3=950.19634 acc=8.2e-60
37234 50.3769 0.0001 F=0.99999139 L1=0.086067099 L2=0.086067096 L3=0.012129126
2013 0.5 6.82369 F=0.06270164 L1=2.0113468 L2=0.15157064 L3=0.30657743
376 121.258 0.105722 F=0.99104941 L1=0.084691711 L2=0.08469104 L3=0.013749407
inf 0.00153214 0.108002 F=0.013894034 L1=652.74228 L2=9.1876664 L3=5997.2194
239375 123.579 0.285803 F=0.97624423 L1=0.083229513 L2=0.083227491 L3=0.012999431
2823 114.434 0.227781 F=0.98095581 L1=0.083702334 L2=0.08370053 L3=0.013115426
10043 774.125 64.2747 F=0.0076237332 L1=0.071656625 L2=0.071608682 L3=0.0052152671
262748 99.3914 195.949 F=4.5165313e-7 L1=0.074976646 L2=0.071695869 L3=0.0053755169
44005 96.2838 35.7142 F=0.0555376 L1=0.082535308 L2=0.081213678 L3=0.0070731291
64 0.09519 0.00930746 F=0.91038567 L1=10.569633 L2=9.6336081 L3=101.86751 acc=9.2e-49
142104 1356.32 0.28687 F=0.97637935 L1=0.082268925 L2=0.082268908 L3=0.013923914
631600 58.3931 13.2946 F=0.35320208 L1=0.085125788 L2=0.08378469 L3=0.0059426796
1210 80.0815 435.388 F=2.0920206e-14 L1=0.075571986 L2=0.070391362 L3=0.0053195585
5269 9.08736 511.9 F=2.8442968e-17 L1=0.12579285 L2=0.070818746 L3=0.0089090335
86629 0.737781 302.148 F=1.2364403e-11 L1=1.3335232 L2=0.071612928 L3=0.095502473
298 0.00168801 2.7083 F=0.00058808775 L1=592.43686 L2=0.37386136 L3=221.49502
inf 500 64.01 F=0.0075839168 L1=0.072124157 L2=0.072014244 L3=0.0052805757
140169 0.001 33.0035 F=9.0396211e-6 L1=999.99249 L2=0.092570087 L3=92.56994
749495 2.47028 0.371676 F=0.86420495 L1=0.42182283 L2=0.3662169 L3=0.154676
inf 0.482642 0.0146151 F=0.9698934 L1=2.1223566 L2=2.0610501 L3=4.4039621 acc=4.1e-46
8992 0.518605 43.0099 F=0.0018269925 L1=1.9172588 L2=0.086054986 L3=0.1653883
249525 100 40 F=0.039544307 L1=0.080843732 L2=0.079491359 L3=0.0067628963
2987 0.052156 51.7054 F=9.3248669e-5 L1=19.157891 L2=0.081797596 L3=1.567351
44 51.9112 169.66 F=1.5733658e-5 L1=0.069475726 L2=0.064672809 L3=0.0044698309
38 1.84703 7.95902 F=0.16764573 L1=0.54821696 L2=0.12112447 L3=0.070240736
100 64.01 51.54 F=0.019952042 L1=0.07092009 L2=0.067793554 L3=0.0048704004
inf 1.22978 5.4384 F=0.17247216 L1=0.82557483 L2=0.16355162 L3=0.13600625
14888 15.96 64 F=0.0037384013 L1=0.10092726 L2=0.077379852 L3=0.0079003816
356840 0.381119 66.9004 F=0.00019450318 L1=2.6065193 L2=0.077981087 L3=0.20340243
40 1 31.5744 F=0.01127992 L1=0.98073847 L2=0.068924407 L3=0.068466861 acc=3.7e-55
196090 40 0.102743 F=0.99116988 L1=0.086132108 L2=0.086125674 L3=0.01121432
861297 79.4153 1.17385 F=0.90787321 L1=0.079631762 L2=0.079600678 L3=0.01037774
355 6.34872 4 F=0.57009196 L1=0.17389442 L2=0.12179405 L3=0.021451194
inf 0.0143558 0.0351173 F=0.28951576 L1=69.722758 L2=20.276257 L3=1413.7614
447 3.001 52.1986 F=0.0041547659 L1=0.32656187 L2=0.079278 L3=0.026121066
inf 58.2549 1128.11 F=7.9299097e-36 L1=0.078433079 L2=0.07042181 L3=0.25014296
1636 0.532682 63.99 F=0.00034496631 L1=1.8605037 L2=0.077965223 L3=0.14521214
600 0.0368867 23.6077 F=0.0008166895 L1=27.10751 L2=0.097724031 L3=2.6496798
181087 2.999 3.28879 F=0.45874528 L1=0.34682114 L2=0.17288602 L3=0.060581787
55785 51.533 0.923092 F=0.92541345 L1=0.082141484 L2=0.082088725 L3=0.010383979 acc=2.4e-64
958899 2.999 9.9024 F=0.19719742 L1=0.3374049 L2=0.10067771 L3=0.033160811
3342 1087.63 708.586 F=1.8257123e-22 L1=0.070244213 L2=0.07006605 L3=0.0049217271
inf 1.22042 0.178769 F=0.8673995 L1=0.85095618 L2=0.74332169 L3=0.6436655
inf 112.029 3.75945 F=0.74917661 L1=0.071933436 L2=0.071850234 L3=0.0062871927
121 8.58733 8.36 F=0.40202166 L1=0.13563631 L2=0.096142449 L3=0.011934499
30367 309.732 101.99 F=0.00048449109 L1=0.07163351 L2=0.071241813 L3=0.0051075159
52926 0.001 5.6738 F=0.00016397477 L1=1000.0136 L2=0.18439978 L3=184.40387
inf 100 43.0649 F=0.031042301 L1=0.079869868 L2=0.078439892 L3=0.0065660322
55029 0.352421 24.4055 F=0.0069851114 L1=2.8357012 L2=0.098052292 L3=0.2786023
38 323.369 0.856878 F=0.92919042 L1=0.083009135 L2=0.083009117 L3=0.012453661 acc=4.7e-84
37 2.58573 4.91372 F=0.32412585 L1=0.39842378 L2=0.15096376 L3=0.060207477
inf 22.5934 16 F=0.24722906 L1=0.10048614 L2=0.09258629 L3=0.0085694964
118183 2.09914 66.8231 F=0.00091978996 L1=0.46508504 L2=0.077913807 L3=0.036366847
107 88.4579 0.00350818 F=0.99969646 L1=0.086524455 L2=0.086524418 L3=0.014202338
38 90.2005 0.01 F=0.99911104 L1=0.088898288 L2=0.088898219 L3=0.015305379
73 0.00219733 57.729 F=3.7819966e-6 L1=455.07305 L2=0.06802811 L3=30.957878
553179 83.3191 3 F=0.78967745 L1=0.07423286 L2=0.074124621 L3=0.0072781985
816 73.6109 4 F=0.73225819 L1=0.073709422 L2=0.073503322 L3=0.0061287475
inf 1.27457 1.24635 F=0.49279498 L1=0.80774897 L2=0.40970288 L3=0.33597088
4621 0.00658396 2.999 F=0.0020660234 L1=151.90611 L2=0.33702915 L3=51.20181 acc=1.1e-57
9082 78.5079 0.001 F=0.99991455 L1=0.08545174 L2=0.085451726 L3=0.013180516
38 0.900833 0.238536 F=0.78350722 L1=1.1483865 L2=0.91143105 L3=1.0629757
3574 0.437203 0.00172149 F=0.99598853 L1=2.3394097 L2=2.3303889 L3=5.4832984
inf 71.8114 39.046 F=0.040608484 L1=0.08308884 L2=0.080775837 L3=0.007057656
280 1.81819 692.761 F=1.070587e-22 L1=0.53054543 L2=0.069043157 L3=0.036630583
783 0.45844 0.001 F=0.9977719 L1=2.2329574 L2=2.2281809 L3=5.0064246
80020 1477.83 0.00329303 F=0.9997221 L1=0.084388213 L2=0.084388213 L3=0.014960533
38 105.837 0.471096 F=0.95975217 L1=0.085617568 L2=0.085614753 L3=0.013643119
205454 109.047 35.3502 F=0.058057514 L1=0.082094337 L2=0.081038412 L3=0.0070240588
inf 49.1022 40 F=0.0349866 L1=0.085870263 L2=0.081574053 L3=0.0073412941 acc=3.0e-57
100 116.236 0.000397069 F=0.99996569 L1=0.086420638 L2=0.086420636 L3=0.014636812
205 4.67706 512.1 F=7.9142993e-17 L1=0.20741736 L2=0.068692378 L3=0.014247588
152842 63.8505 0.000348097 F=0.99997017 L1=0.085696456 L2=0.085696448 L3=0.012740907
50 1 0.01 F=0.98970553 L1=1.0397633 L2=1.02965 L3=1.088947
40 49.8918 511.9 F=2.0325009e-15 L1=0.07291114 L2=0.068046573 L3=0.0049575388
125908 0.0450924 6.05716 F=0.0068535231 L1=22.18965 L2=0.17382249 L3=3.8584182
inf 0.182372 3 F=0.054207949 L1=5.504204 L2=0.3191076 L3=1.761085
37 0.336234 3.75 F=0.07771936 L1=2.9905982 L2=0.24817459 L3=0.74583383
inf 8 0.24595 F=0.96743147 L1=0.13698074 L2=0.13392164 L3=0.0121468
164 1313.52 547.57 F=5.4352232e-17 L1=0.068399043 L2=0.068398072 L3=0.0046764454 acc=3.7e-202
223316 24.3756 7.49803 F=0.53171353 L1=0.087672055 L2=0.084000954 L3=0.0059541938
725 0.478269 27.9939 F=0.006638182 L1=2.0866804 L2=0.094853769 L3=0.19853651
38 0.5 2.03828 F=0.18809357 L1=2.0243721 L2=0.40208109 L3=0.82081657
50 1 322.716 F=5.7471302e-11 L1=0.97605503 L2=0.066919363 L3=0.065312255
110994 0.00405342 515 F=1.8960108e-20 L1=246.68016 L2=0.070952736 L3=17.502634
inf 3.001 0.000253889 F=0.99991215 L1=0.34605315 L2=0.3460233 L3=0.1163443
214 64.01 0.00105111 F=0.9999093 L1=0.086287006 L2=0.086286984 L3=0.013183259
247 0.00191598 0.0318376 F=0.056645144 L1=521.99164 L2=29.690796 L3=15498.393
110 63.1351 0.000349975 F=0.99996959 L1=0.086889795 L2=0.086889788 L3=0.013542032
599 1.20213 512 F=1.117544e-17 L1=0.81046357 L2=0.069889104 L3=0.056644014 acc=6.4e-36
300868 2.0416 67.5548 F=0.00084920231 L1=0.4781949 L2=0.077792681 L3=0.037326607
inf 82.5563 55.4579 F=0.01158069 L1=0.078117052 L2=0.075784094 L3=0.0060745183
inf 0.539645 512 F=2.9576755e-18 L1=1.8298209 L2=0.070965027 L3=0.12985507
149 0.799996 1.83634 F=0.29199457 L1=1.273417 L2=0.38901485 L3=0.50108293
226191 3.001 0.266377 F=0.91543191 L1=0.34679935 L2=0.3181739 L3=0.10808114
485 0.0037224 0.81775 F=0.0043764565 L1=268.68649 L2=1.2432747 L3=334.06959
744 0.0738385 0.289996 F=0.19979657 L1=13.596397 L2=2.7936172 L3=38.013801
299 75.1831 0.516815 F=0.95729943 L1=0.083045156 L2=0.083033754 L3=0.012010499
244 0.0976866 0.12712 F=0.43130097 L1=10.295204 L2=4.5025877 L3=46.392021
927698 0.00274404 37.2988 F=1.6766745e-5 L1=364.41626 L2=0.08970862 L3=32.691771 acc=3.1e-69
38 88.2194 0.0273046 F=0.99757596 L1=0.088785277 L2=0.088785074 L3=0.015210656
274008 126.642 16 F=0.29607655 L1=0.08322665 L2=0.082839893 L3=0.0061660258
4147 2098.24 22.2527 F=0.18747537 L1=0.081341954 L2=0.081339726 L3=0.006651847
249 1.28961 0.130361 F=0.90453827 L1=0.80673718 L2=0.7334037 L3=0.60260109
261 0.00301073 0.0282522 F=0.096124846 L1=332.21125 L2=32.051386 L3=10647.877
86820 1.15767 51.8947 F=0.0018168799 L1=0.8519235 L2=0.081963649 L3=0.0700964
1166 2.83737 51.2055 F=0.0041447505 L1=0.34638421 L2=0.081111911 L3=0.028351833
187533 45.9827 515 F=4.4839037e-17 L1=0.080628334 L2=0.070888887 L3=0.005715653
inf 0.517017 512.1 F=2.8196261e-18 L1=1.9108395 L2=0.070964842 L3=0.13560421
40 8 61.4596 F=0.0083353889 L1=0.12437229 L2=0.061368322 L3=0.0075382341 acc=2.0e-57
100 8 53.199 F=0.0089608379 L1=0.13294461 L2=0.071227251 L3=0.009559932
inf 63.99 8.0102 F=0.54218166 L1=0.076752456 L2=0.07609716 L3=0.0044554701
37 78.6368 52.9224 F=0.028748184 L1=0.058500859 L2=0.057131709 L3=0.0031501144
inf 1.40729 7.6958 F=0.13907766 L1=0.71825725 L2=0.12639162 L3=0.09496669
144436 1.34444 45.1372 F=0.0036415925 L1=0.73466829 L2=0.084923452 L3=0.062747742
37 2.11174 21.6883 F=0.046340255 L1=0.46834385 L2=0.086465059 L3=0.04218341
38 45.2954 0.125128 F=0.98887929 L1=0.08901309 L2=0.089007698 L3=0.01362017
940 417.039 0.780349 F=0.93805333 L1=0.079426775 L2=0.079426144 L3=0.012217193
125935 0.001 46.0663 F=2.8488339e-6 L1=999.98652 L2=0.084648022 L3=84.647241
37 100 3.70153 F=0.74259331 L1=0.076197524 L2=0.076140587 L3=0.006219613 acc=4.1e-60
424 2.08387 0.00116379 F=0.99941727 L1=0.50100142 L2=0.50072017 L3=0.25357101
inf 63.99 18.0491 F=0.23712317 L1=0.088168898 L2=0.086648974 L3=0.0072165131
inf 0.270266 39.4965 F=0.0013225587 L1=3.6899561 L2=0.088276968 L3=0.32619283
41 0.79706 512 F=1.7319747e-16 L1=1.2306364 L2=0.068035064 L3=0.083724348
481 100 62.3249 F=0.0078152296 L1=0.074322706 L2=0.072483153 L3=0.0054633033
5082 0.144864 40 F=0.00068855774 L1=6.892242 L2=0.087767109 L3=0.60536232
50 155.41 0.35485 F=0.96978525 L1=0.085202001 L2=0.085201209 L3=0.014044534
59 2.82696 700 F=8.0400127e-22 L1=0.33796257 L2=0.068566948 L3=0.023171766
2232 0.0214503 1 F=0.020203403 L1=46.658303 L2=1.000296 L3=46.687548
2686 5.91069 0.10754 F=0.98140211 L1=0.1764429 L2=0.17350857 L3=0.023446539 acc=1.2e-55
inf 63.9293 0.0795922 F=0.99321942 L1=0.085270846 L2=0.085269028 L3=0.012549888
64 0.942842 44.9255 F=0.0037576844 L1=1.040245 L2=0.068845861 L3=0.071880733
494122 1.63776 33.34 F=0.012229879 L1=0.60760124 L2=0.092084369 L3=0.056455658
2104 64 0.0340915 F=0.99708392 L1=0.085570016 L2=0.085569268 L3=0.012707989
5836 17.0495 0.00301859 F=0.99971747 L1=0.093613761 L2=0.093609749 L3=0.0076330734
inf 91.201 4.69934 F=0.69850339 L1=0.072173283 L2=0.072004165 L3=0.0054320663
49 3.001 3.75 F=0.42495322 L1=0.34551205 L2=0.16272667 L3=0.056682561
41 1 3 F=0.23887212 L1=1.0169048 L2=0.25605057 L3=0.26406345
432045 0.00246884 0.27999 F=0.0086041201 L1=405.10388 L2=3.5874883 L3=1453.3384
216597 2.61715 25.6359 F=0.036955599 L1=0.38633122 L2=0.097127842 L3=0.03798179 acc=3.6e-63
64 2.1612 0.232084 F=0.89888515 L1=0.48336496 L2=0.43627672 L3=0.2135704
10346 0.0151223 3.001 F=0.0047294434 L1=66.149122 L2=0.33589663 L3=22.224265
60226 3.001 164.842 F=8.2389777e-7 L1=0.32199025 L2=0.072903117 L3=0.023486701
inf 1.5 51.6604 F=0.0023236456 L1=0.65603922 L2=0.082027575 L3=0.054082418
16567 1.78847 0.0447555 F=0.97452922 L1=0.58354126 L2=0.5693 L3=0.33754898
13784 0.013117 4.12562 F=0.0029761794 L1=76.254094 L2=0.24575753 L3=18.743231
inf 0.780766 20.862 F=0.021059534 L1=1.2817557 L2=0.099804958 L3=0.12836896
100 102.562 1.34641 F=0.89492561 L1=0.079026957 L2=0.079006053 L3=0.010484881
163 73.9803 38.7728 F=0.046209355 L1=0.076186777 L2=0.074050508 L3=0.0059929134
1911 8 3.001 F=0.6844078 L1=0.14409516 L2=0.11696032 L3=0.016593558 acc=8.7e-55
100 1.44945 515 F=6.7263766e-17 L1=0.6683099 L2=0.068134916 L3=0.045533658
8663 500 511.9 F=1.4112536e-16 L1=0.070912268 L2=0.070409163 L3=0.0049928723
3303 0.0263168 3.001 F=0.0082015285 L1=38.020261 L2=0.33469515 L3=12.730176
122093 73.1314 9.24033 F=0.49630183 L1=0.077639756 L2=0.077038628 L3=0.0044464483
inf 0.001 9.00745 F=9.9179369e-5 L1=1000.004 L2=0.12138798 L3=121.39305
889344 8 0.0817502 F=0.98901726 L1=0.13590202 L2=0.13485921 L3=0.011368656
42432 0.0263532 4 F=0.006150545 L1=37.963584 L2=0.25242753 L3=9.5864156
3459 40 2.999 F=0.78216004 L1=0.079058896 L2=0.078604751 L3=0.007368983
349376 0.0298925 700 F=2.8416389e-25 L1=33.42793 L2=0.070705983 L3=2.3635557
244932 390.146 76.3695 F=0.0030755589 L1=0.07169813 L2=0.07149393 L3=0.0051602843 acc=1.8e-109
23595 0.109483 0.189662 F=0.36212703 L1=9.189257 L2=3.3926094 L3=31.209155
43556 0.528485 0.0164333 F=0.96906 L1=1.9413161 L2=1.8838041 L3=3.685362
40 0.01 39.9835 F=7.1231106e-5 L1=99.974367 L2=0.06227295 L3=6.2260465
1332 5.21158 68.823 F=0.0015654292 L1=0.1932562 L2=0.076757092 L3=0.014927634
37 0.415655 0.188932 F=0.68104821 L1=2.4555917 L2=1.6989207 L3=4.1985835
19504 0.00911384 0.468907 F=0.018620294 L1=109.773 L2=2.1297158 L3=233.81152
86 0.00519138 6.16472 F=0.00078067653 L1=192.63949 L2=0.17194032 L3=33.123675
178 119.418 21.6264 F=0.18430806 L1=0.082274416 L2=0.08171773 L3=0.0070686757
1661 1.96155 42.4435 F=0.0063862066 L1=0.50339104 L2=0.085574665 L3=0.043466134
5314 1.32075 1 F=0.55684342 L1=0.7812449 L2=0.44578793 L3=0.35372061 acc=1.9e-55
1150 60.9668 43.473 F=0.028180314 L1=0.081878914 L2=0.078649269 L3=0.0067313096
190 0.01 0.000533571 F=0.94931185 L1=100.06679 L2=95.001341 L3=9506.5269
1858 63.99 2.999 F=0.78751278 L1=0.075613397 L2=0.075431991 L3=0.0072981827
558 63.99 1164.42 F=2.3362198e-36 L1=0.076645765 L2=0.069506785 L3=0.25038478
2990 1.5 31.2846 F=0.013763011 L1=0.66407924 L2=0.09322201 L3=0.062437085
14357 0.493365 0.00106033 F=0.99780196 L1=2.0774324 L2=2.0730557 L3=4.336523
inf 36.8484 0.000855605 F=0.9999258 L1=0.086725051 L2=0.08672499 L3=0.01107115
846791 3.29729 0.01 F=0.99686603 L1=0.31439699 L2=0.3134269 L3=0.094016975
2340 40 512.1 F=6.0602253e-17 L1=0.081868792 L2=0.070598738 L3=0.0057798186
957289 133.504 0.00109671 F=0.9999068 L1=0.084984717 L2=0.084984711 L3=0.013948048 acc=3.6e-80
117 1.63796 1.27951 F=0.54857538 L1=0.63124272 L2=0.35495394 L3=0.2279776
40 1.73891 0.0231947 F=0.98621596 L1=0.60228842 L2=0.5943935 L3=0.36538899
307535 80.5103 512 F=7.0824323e-17 L1=0.076129841 L2=0.070842856 L3=0.0053932553
64 0.774724 0.0458462 F=0.94224308 L1=1.3344217 L2=1.261233 L3=1.7050294
38 1.20768 63.9517 F=0.0018705079 L1=0.80239868 L2=0.060865669 L3=0.04882398
57975 0.181147 0.0117883 F=0.9382388 L1=5.5801249 L2=5.2424356 L3=29.293178
132900 3.76601 0.275201 F=0.92953284 L1=0.27589026 L2=0.2569729 L3=0.066597165
inf 2.98753 41.3148 F=0.0096676346 L1=0.33313515 L2=0.086721639 L3=0.029280773
inf 0.780608 4.94548 F=0.12814048 L1=1.2945545 L2=0.18423264 L3=0.24005673
1221 0.5 3 F=0.13576542 L1=2.0194424 L2=0.29150498 L3=0.59273642 acc=8.4e-54
inf 0.191802 0.000353898 F=0.99813714 L1=5.2735487 L2=5.2639346 L3=27.79957
40 2.62485 0.10863 F=0.95848389 L1=0.39843811 L2=0.38243593 L3=0.15272422
inf 42.1085 51.2529 F=0.01374472 L1=0.084463415 L2=0.078290003 L3=0.0068121121
inf 0.00778414 0.000360924 F=0.95566515 L1=128.53267 L2=122.84006 L3=15789.009
2055 3 64 F=0.0015453491 L1=0.3257659 L2=0.077949557 L3=0.025531366
100 2.42897 3.75 F=0.3759199 L1=0.4245739 L2=0.17448786 L3=0.075056231
64 1.5 0.171011 F=0.89335075 L1=0.69531232 L2=0.62462672 L3=0.44291329
inf 0.584038 0.0249735 F=0.95785883 L1=1.7596153 L2=1.6887478 L3=2.9980364
150 0.715412 29.6496 F=0.0085150619 L1=1.3903316 L2=0.08900166 L3=0.12446405
38 64.01 940.237 F=3.9828104e-28 L1=0.071839028 L2=0.068936439 L3=0.0048448498 acc=0.021
645426 69.3936 0.0595014 F=0.99493013 L1=0.08525854 L2=0.085257408 L3=0.012773766
96 0.5 37.8984 F=0.0031635076 L1=1.9844797 L2=0.077890984 L3=0.1550928
244429 63.99 39.1967 F=0.039328909 L1=0.083857443 L2=0.081060765 L3=0.0071421998
195173 87.8589 730.333 F=1.4519252e-23 L1=0.075621586 L2=0.070608011 L3=0.0053394898
40 115.988 15.999 F=0.27822913 L1=0.08022444 L2=0.080006157 L3=0.0077173411
inf 2.37804 0.0274738 F=0.98809817 L1=0.43834395 L2=0.43328034 L3=0.19015174
988 0.0324516 19.1974 F=0.0011130514 L1=30.815167 L2=0.10027969 L3=3.0906134
32746 1258.62 2.26238 F=0.83929507 L1=0.072118774 L2=0.072118449 L3=0.0085896056
inf 3 0.0219259 F=0.99246577 L1=0.34624318 L2=0.34368307 L3=0.11570928
70285 73.6385 1 F=0.92043818 L1=0.080575693 L2=0.080546815 L3=0.010675695 acc=2.9e-66
341 1.77872 0.00174826 F=0.99897443 L1=0.58720878 L2=0.58663279 L3=0.35029194
64123 2.48243 45.8318 F=0.0057115572 L1=0.39760103 L2=0.084398489 L3=0.033891489
362860 113.405 16 F=0.2944002 L1=0.083679433 L2=0.083203523 L3=0.006233732
3219 8 0.01 F=0.99864782 L1=0.13541047 L2=0.13528149 L3=0.011013964
17277 0.092375 0.0767142 F=0.54378543 L1=10.885542 L2=5.9715797 L3=65.043389
inf 1.26313 0.552312 F=0.68581193 L1=0.81922946 L2=0.57145449 L3=0.47580742
inf 1.46222 64.5608 F=0.0008096888 L1=0.67050204 L2=0.078383942 L3=0.052706129
16263 0.180734 700 F=1.7458124e-24 L1=5.5081745 L2=0.070662342 L3=0.3892215
40 0.01 64 F=1.6467152e-5 L1=99.971952 L2=0.061357749 L3=6.1340664
22292 0.882225 0.150261 F=0.84963568 L1=1.1714724 L2=1.0034734 L3=1.1923504 acc=9.8e-57
64 0.596804 45.6352 F=0.0023366493 L1=1.6542062 L2=0.068639101 L3=0.1137985
40 2.25321 236.114 F=4.9969692e-8 L1=0.42373066 L2=0.065821482 L3=0.02788119
inf 52.562 0.375046 F=0.96858575 L1=0.084263301 L2=0.084247566 L3=0.011464957
86 734.216 0.319162 F=0.9732087 L1=0.083913474 L2=0.083913473 L3=0.014125911
45898 2.4044 0.128043 F=0.94737401 L1=0.43347613 L2=0.41132829 L3=0.17848993
inf 94.8161 517.406 F=5.1674204e-17 L1=0.075217157 L2=0.070818033 L3=0.0053267311
556377 856.728 700 F=2.7276287e-22 L1=0.070581586 L2=0.070320045 L3=0.0049633003
100 0.01 42.788 F=4.524986e-5 L1=99.981483 L2=0.075390155 L3=7.5380058
2108 0.00349742 26.8443 F=5.6672839e-5 L1=285.92051 L2=0.09632439 L3=27.54172
95 119.037 0.266312 F=0.97747518 L1=0.084642639 L2=0.084640872 L3=0.013760847 acc=4.1e-64
155 500 0.00419937 F=0.99964124 L1=0.085429859 L2=0.085429858 L3=0.015177303
41 76.203 57.0953 F=0.021170386 L1=0.060649237 L2=0.058964374 L3=0.0034228635
909177 2.999 37.0432 F=0.014118828 L1=0.33368517 L2=0.089329045 L3=0.030251394
750 2.57865 0.0294321 F=0.98824959 L1=0.40393794 L2=0.39931411 L3=0.16030139
40 1.5 0.151151 F=0.9044673 L1=0.69620653 L2=0.63296064 L3=0.44991913
282 0.541699 5.8721 F=0.078600117 L1=1.8584788 L2=0.16765813 L3=0.3127211
120 125.472 512 F=6.6164157e-16 L1=0.070394753 L2=0.06818626 L3=0.0047971424
464 0.013441 15.999 F=0.00063720334 L1=74.400471 L2=0.10168043 L3=7.5653456
114 0.771307 0.0001 F=0.99986596 L1=1.3406232 L2=1.3404527 L3=1.8200156
38 1.17262 40 F=0.0077076515 L1=0.82845119 L2=0.061031971 L3=0.050852862 acc=2.6e-55
404 5.8707 0.140469 F=0.97565468 L1=0.17791086 L2=0.17404255 L3=0.024139414
772524 2.03588 3.001 F=0.38935767 L1=0.5059882 L2=0.20876831 L3=0.10735331
8796 44.6342 0.001 F=0.9999137 L1=0.086300861 L2=0.086300817 L3=0.011763609
38 41.6006 0.186021 F=0.98351073 L1=0.088881326 L2=0.088871037 L3=0.013195143
193 66.1038 283.585 F=1.8848451e-9 L1=0.07425021 L2=0.068530977 L3=0.0050864245
571 43.8643 67.0729 F=0.0044790966 L1=0.080479022 L2=0.07390056 L3=0.0060018057
82 94.8429 0.00273291 F=0.99976262 L1=0.086861646 L2=0.086861622 L3=0.014527251
217000 0.00184637 0.00457507 F=0.28744521 L1=541.66825 L2=155.79437 L3=84388.913
267157 0.153536 0.0328016 F=0.822349 L1=6.5729346 L2=5.425316 L3=35.699867
3394 2.45386 0.00100631 F=0.99957284 L1=0.42466292 L2=0.42448657 L3=0.17994113 acc=1.7e-57
156 297.231 16 F=0.3007528 L1=0.080316243 L2=0.080261016 L3=0.006180413
40 0.065398 0.0241099 F=0.72948167 L1=15.356635 L2=11.236983 L3=172.60673
278 1.61077 42.5185 F=0.0056895097 L1=0.61096334 L2=0.082209264 L3=0.05061738
373167 0.607928 0.225664 F=0.72240296 L1=1.6871045 L2=1.2367905 L3=2.1069582
628976 293.606 0.0788454 F=0.99337111 L1=0.08406763 L2=0.084067546 L3=0.014286295
84697 0.626793 0.0531309 F=0.91962753 L1=1.641019 L2=1.5150175 L3=2.5106757
73082 958.629 10.0488 F=0.48874979 L1=0.072740317 L2=0.07273597 L3=0.0037714918
13080 63.99 0.000396335 F=0.99996603 L1=0.085702065 L2=0.085702056 L3=0.012752598
59825 1.05298 0.0563461 F=0.94728212 L1=0.98582851 L2=0.93648016 L3=0.93866649
50 64.01 28.7081 F=0.1063193 L1=0.068615325 L2=0.066770015 L3=0.0054740341 acc=4.3e-59
40 30.6708 0.0103068 F=0.99906757 L1=0.090488726 L2=0.090487501 L3=0.012475459
69 500 64 F=0.011852275 L1=0.063132639 L2=0.063129617 L3=0.0039368991
50 1.26597 0.286201 F=0.80851374 L1=0.82112064 L2=0.67113719 L3=0.56163442
38 2.999 15.7421 F=0.10592779 L1=0.33961294 L2=0.10059842 L3=0.03523244
46 0.00114594 0.0130477 F=0.080663864 L1=872.71615 L2=70.521542 L3=61545.336
169 2.42722 9.78262 F=0.17048981 L1=0.41501042 L2=0.1027955 L3=0.042226366
26887 40.2106 0.000874625 F=0.99992433 L1=0.086515635 L2=0.086515585 L3=0.011399929
50 0.00602273 15.999 F=0.00028060648 L1=166.03808 L2=0.10263706 L3=17.042515
189 1.88809 0.678909 F=0.72606656 L1=0.55071167 L2=0.40498949 L3=0.22642203
872110 111.962 0.0414163 F=0.99648656 L1=0.084848479 L2=0.084848185 L3=0.013611241 acc=3.5e-76
inf 0.0322659 23.5408 F=0.00071894295 L1=30.990466 L2=0.09851514 L3=3.0535934
20416 0.118207 62.9065 F=8.4760014e-5 L1=8.4422688 L2=0.07875814 L3=0.66506952
271225 2307.17 0.0995645 F=0.99167108 L1=0.083619268 L2=0.083619266 L3=0.01463633
99 62.408 16 F=0.27837937 L1=0.085514945 L2=0.084147596 L3=0.0072130026
7199 1.69581 0.1 F=0.94196231 L1=0.61500515 L2=0.58082941 L3=0.36327228
1964 3.001 25.2604 F=0.042460805 L1=0.33876054 L2=0.096969118 L3=0.033304158
917 16 511.9 F=5.1347494e-17 L1=0.098628089 L2=0.070206858 L3=0.0069244122
40 2001.86 1.53398 F=0.87972611 L1=0.079532138 L2=0.079532138 L3=0.010377912
144738 2.05648 0.195728 F=0.90953727 L1=0.50700317 L2=0.46273946 L3=0.23717614
inf 109.535 0.288671 F=0.97597969 L1=0.083347083 L2=0.083344475 L3=0.012861195 acc=3.4e-58
68589 80.3686 69.625 F=0.0039929365 L1=0.076856752 L2=0.074069646 L3=0.0057500953
41553 63.99 0.000369426 F=0.99996834 L1=0.085695583 L2=0.085695575 L3=0.01274758
674 0.361713 0.165226 F=0.68083501 L1=2.8141114 L2=1.9428387 L3=5.4950002
51838 1.55409 0.0485074 F=0.96843986 L1=0.67112174 L2=0.65091702 L3=0.44486463
inf 0.991542 40 F=0.0043272494 L1=1.0002897 L2=0.087849832 L3=0.088311466
140315 161.993 67.4308 F=0.0053288753 L1=0.073924555 L2=0.073046085 L3=0.0054674437
97 3.001 0.319054 F=0.90015522 L1=0.34745405 L2=0.31372258 L3=0.10751905
3100 0.25 68.519 F=0.00011555223 L1=3.9818711 L2=0.077408264 L3=0.30836302
964192 82.8212 64.9559 F=0.0056810497 L1=0.077009303 L2=0.074452513 L3=0.005814464
49 1069.08 700 F=5.1380312e-21 L1=0.068571441 L2=0.068571441 L3=0.004700002 acc=8.6e-174
inf 40 0.00040053 F=0.99996534 L1=0.086524883 L2=0.08652486 L3=0.011378284
40 59.5211 0.0792764 F=0.99297763 L1=0.088635027 L2=0.088633272 L3=0.014330248
38 500 179.757 F=1.1164921e-5 L1=0.064671079 L2=0.064671055 L3=0.0041576085
27023 0.5 15.999 F=0.022625439 L1=2.0019903 L2=0.1014567 L3=0.20327031
100 77.6388 46.8094 F=0.028490614 L1=0.070084878 L2=0.067954912 L3=0.0048919236
inf 8 47.6944 F=0.010266945 L1=0.14234896 L2=0.082743471 L3=0.012044564
2476 3.001 700 F=2.6774065e-23 L1=0.32016847 L2=0.070419081 L3=0.022546684
405901 1.27263 6.77683 F=0.14469632 L1=0.79650658 L2=0.14195478 L3=0.11513145
710198 0.561284 890.189 F=7.4359659e-30 L1=1.758072 L2=0.07055681 L3=0.12404454
50 16 0.000170363 F=0.99998341 L1=0.097359354 L2=0.097359083 L3=0.0090865337 acc=5.0e-56
inf 124.023 0.00629286 F=0.99946512 L1=0.084999321 L2=0.084999285 L3=0.013846461
58939 63.99 0.00553175 F=0.99952614 L1=0.085666812 L2=0.085666693 L3=0.012734196
38 0.639449 0.00106951 F=0.99827787 L1=1.6128995 L2=1.6102602 L3=2.6242537
82 1 15.999 F=0.042502757 L1=1.0022843 L2=0.10183114 L3=0.10258804
575982 80.3069 60.2082 F=0.008049773 L1=0.077649548 L2=0.075085782 L3=0.0059432927
142592 0.337026 113.218 F=5.2121466e-6 L1=2.9463578 L2=0.074198424 L3=0.21865156
inf 71.8229 0.0709403 F=0.99396384 L1=0.085147642 L2=0.085146371 L3=0.012813533
19608 1 16 F=0.043060522 L1=1.0028788 L2=0.10138161 L3=0.1017706
43 0.01 44.3229 F=5.2681787e-5 L1=99.974001 L2=0.062428286 L3=6.2414219
135417 53.9406 9.56439 F=0.47638491 L1=0.080459839 L2=0.079359142 L3=0.0048231452 acc=6.2e-67
inf 93.0772 0.1 F=0.99153958 L1=0.084660948 L2=0.084659862 L3=0.013181872
421 0.5 4 F=0.10500076 L1=2.0159958 L2=0.2281239 L3=0.46268283
50 62.1305 0.0714539 F=0.99371992 L1=0.087937913 L2=0.087936395 L3=0.014113903
146 1.22078 5.75044 F=0.16317684 L1=0.83104776 L2=0.15811664 L3=0.13223968
64 0.557722 48.4304 F=0.0018107481 L1=1.7708992 L2=0.067899439 L3=0.12044267
64 72.0938 0.039472 F=0.99655269 L1=0.087356527 L2=0.087355911 L3=0.014203985
657 1.93853 0.000216576 F=0.99988335 L1=0.53866172 L2=0.53860138 L3=0.29416676
624357 1.44841 0.00283617 F=0.9979616 L1=0.72013231 L2=0.71873637 L3=0.52743366
inf 829.044 110.954 F=0.00027885074 L1=0.07062527 L2=0.070555377 L3=0.0049849776
71238 92.4336 50.6801 F=0.017012391 L1=0.07832763 L2=0.076495809 L3=0.0061977191 acc=2.5e-73
2314 16 0.190181 F=0.98206 L1=0.095479513 L2=0.09516034 L3=0.0078086656
10747 500 0.136038 F=0.98863458 L1=0.083519188 L2=0.083519136 L3=0.014292887
65 90.9903 0.00619659 F=0.99945892 L1=0.087320805 L2=0.087320749 L3=0.014680395
100 1784.31 0.00131756 F=0.99988666 L1=0.086023657 L2=0.086023657 L3=0.015319105
40 1.5 43.6517 F=0.0074920004 L1=0.64293656 L2=0.061155979 L3=0.039486692
41 64 42.7678 F=0.047565382 L1=0.059723079 L2=0.057580175 L3=0.0033959609
38 2228.87 515 F=2.0395068e-15 L1=0.068058287 L2=0.068058287 L3=0.0046281609
50 8 38.4621 F=0.031158195 L1=0.12742181 L2=0.066399571 L3=0.0087415427
inf 0.00580316 2.31568 F=0.0023661097 L1=172.34578 L2=0.43729736 L3=75.373103
4129 0.01 26.7212 F=0.00016378752 L1=99.996018 L2=0.096555643 L3=9.6557737 acc=2.9e-61
inf 8 4.09481 F=0.6045782 L1=0.14381129 L2=0.10994668 L3=0.016497442
inf 3.77868 63.99 F=0.0017880789 L1=0.26074167 L2=0.078363003 L3=0.02056821
inf 0.0184999 3.001 F=0.0057796464 L1=54.07618 L2=0.33554173 L3=18.149802
64 8.2572 0.00786856 F=0.99895234 L1=0.13328554 L2=0.13319315 L3=0.011588333
243 0.854737 43.2975 F=0.0030694932 L1=1.1570723 L2=0.081327623 L3=0.094487601
inf 63.99 17.5781 F=0.24698918 L1=0.087954308 L2=0.086470423 L3=0.0071167926
44 0.105973 50.6332 F=0.00036948416 L1=9.4098383 L2=0.062128308 L3=0.58471735
inf 2.28482 41.1613 F=0.0079807497 L1=0.43341619 L2=0.086936101 L3=0.038081233
inf 1 64.9512 F=0.00056054021 L1=0.98493284 L2=0.078328988 L3=0.077299445
41 1.93478 0.201708 F=0.90139815 L1=0.54052221 L2=0.48947355 L3=0.26941603 acc=2.3e-49
61 0.001 8.88939 F=0.00010062564 L1=1000.0049 L2=0.12507151 L3=125.07677
inf 1519.82 0.000269143 F=0.99997728 L1=0.084408767 L2=0.084408767 L3=0.014973495
7047 1 0.028419 F=0.97132739 L1=1.0376702 L2=1.0094474 L3=1.0644396
64422 43.341 0.1 F=0.99142281 L1=0.085937862 L2=0.085932658 L3=0.011481031
64 0.00553449 0.01 F=0.35603044 L1=180.75261 L2=64.440052 L3=11647.755
317663 2.12042 816.623 F=4.3900787e-27 L1=0.45458288 L2=0.070605247 L3=0.032096531
inf 6.56926 0.00375931 F=0.99940098 L1=0.15944614 L2=0.15936489 L3=0.017586807
21528 2.19227 49.1639 F=0.0039211417 L1=0.44873323 L2=0.082893742 L3=0.037490222
inf 0.0719482 48.0946 F=0.00017157628 L1=13.884901 L2=0.083684512 L3=1.1622814
inf 301.326 0.0494786 F=0.99583006 L1=0.084272289 L2=0.084272241 L3=0.014400892 acc=3.9e-80
833603 1.23184 0.000539567 F=0.99954409 L1=0.84532839 L2=0.84496293 L3=0.72752168
56 65.925 0.0201895 F=0.99822565 L1=0.087897026 L2=0.087896658 L3=0.014259485
256 0.751058 64.1929 F=0.00053597224 L1=1.3134527 L2=0.074934921 L3=0.098558083
3500 90.2423 20.4143 F=0.19948941 L1=0.086478538 L2=0.085559669 L3=0.0072749586
3761 1.39932 0.001 F=0.99925532 L1=0.745215 L2=0.74468773 L3=0.56555319
inf 97.2202 3.001 F=0.7906413 L1=0.073589568 L2=0.073509605 L3=0.0072684316
7821 2.01172 15.999 F=0.078503357 L1=0.50224347 L2=0.10121237 L3=0.050818858
2358 47.6487 65.2977 F=0.004930022 L1=0.080901797 L2=0.075099568 L3=0.0061507325
4575 0.476484 13.5366 F=0.027769008 L1=2.1006354 L2=0.10230921 L3=0.2146908
84643 53.4726 26.7798 F=0.1082485 L1=0.089682391 L2=0.086818876 L3=0.0080532093 acc=2.2e-67
inf 16 4 F=0.69065206 L1=0.095542719 L2=0.089421294 L3=0.0085307235
37 0.295385 3.75 F=0.068929595 L1=3.4020375 L2=0.25047737 L3=0.85583918
40 98.365 511.9 F=2.2935686e-15 L1=0.069184135 L2=0.068046566 L3=0.0047039283
742027 57.915 0.0120876 F=0.99896334 L1=0.085775699 L2=0.08577538 L3=0.012477382
1840 3 22.981 F=0.053038907 L1=0.33982876 L2=0.098353056 L3=0.03381859
67050 0.00485412 3.001 F=0.001523026 L1=206.03227 L2=0.33700089 L3=69.438076
inf 0.369643 0.000726015 F=0.99800052 L1=2.7594641 L2=2.754139 L3=7.6336775
inf 0.135709 8.36 F=0.014367946 L1=7.3756127 L2=0.13069535 L3=0.96879213
inf 64.665 700 F=1.0763061e-22 L1=0.077610715 L2=0.070654737 L3=0.0054835647
4069 500 0.278845 F=0.97698002 L1=0.082514084 L2=0.082513965 L3=0.013810406 acc=4.0e-110
1491 16 0.00689028 F=0.99934407 L1=0.095239267 L2=0.095227807 L3=0.0074515227
41 8.66422 39.5352 F=0.03258317 L1=0.11634905 L2=0.06198717 L3=0.007361814
506155 15.7315 63.8494 F=0.003751144 L1=0.10144483 L2=0.077483266 L3=0.0079527148
inf 0.0205699 0.00742347 F=0.73445603 L1=48.680195 L2=35.787984 L3=1742.2124
379068 1 40 F=0.0043607907 L1=0.9917841 L2=0.087845411 L3=0.087559752
3802 129.106 64 F=0.0066973807 L1=0.074726119 L2=0.07348646 L3=0.0055754735
37 3 0.001 F=0.999652 L1=0.34812288 L2=0.34800508 L3=0.1194329
inf 0.172047 0.903351 F=0.15463419 L1=5.8504265 L2=0.9522785 L3=5.5862697
3051 1 64.2139 F=0.00060198307 L1=0.98484676 L2=0.07816606 L3=0.077135309

samples: 2000, violations: 2
('core', '101-10^4') L1>=0.073188 (n=109, a=52.2, d=53.14)  L2>=0.06876 (n=109, a=52.2, d=53.14)  L3>=0.0050903 (n=109, a=52.2, d=53.14)  aL1>=0.96461 (n=151, a=3.001, d=69.28)  aL3>=0.068152 (n=173, a=5.111, d=145.1)
('core', '37-100') L1>=0.060749 (n=41, a=59.39, d=48.31)  L2>=0.058097 (n=41, a=59.39, d=48.31)  L3>=0.0033935 (n=41, a=59.39, d=48.31)  aL1>=0.93679 (n=40, a=4.235, d=64)  aL3>=0.05734 (n=40, a=3, d=56.72)
('core', '>10^4') L1>=0.076119 (n=38941, a=54.3, d=3.389)  L2>=0.070894 (n=113704, a=44.35, d=511.9)  L3>=0.0044643 (n=34524, a=63.99, d=7.697)  aL1>=0.96276 (n=532269, a=3.001, d=376.7)  aL3>=0.068655 (n=532269, a=3.001, d=376.7)
('core', 'inf') L1>=0.074888 (n=None, a=58.38, d=4.404)  L2>=0.071555 (n=None, a=59.69, d=262.9)  L3>=0.0044555 (n=None, a=63.99, d=8.01)  aL1>=0.96499 (n=None, a=3.208, d=240.2)  aL3>=0.069523 (n=None, a=3.208, d=240.2)
('d-strip', '101-10^4') L1>=0.075613 (n=1858, a=63.99, d=2.999)  L2>=0.075432 (n=1858, a=63.99, d=2.999)  L3>=0.0069071 (n=4495, a=12.79, d=0.01412)  aL1>=1.0349 (n=2322, a=4.755, d=0.1)  aL3>=0.088112 (n=3219, a=8, d=0.01)
('d-strip', '37-100') L1>=0.076933 (n=100, a=57.49, d=2.999)  L2>=0.076715 (n=100, a=57.49, d=2.999)  L3>=0.0072849 (n=100, a=57.49, d=2.999)  aL1>=1.0398 (n=64, a=3.345, d=0.001059)  aL3>=0.095079 (n=64, a=11.66, d=0.001)
('d-strip', '>10^4') L1>=0.077131 (n=171940, a=63.99, d=2.228)  L2>=0.077012 (n=171940, a=63.99, d=2.228)  L3>=0.0073368 (n=16743, a=47.09, d=3)  aL1>=1.0321 (n=599478, a=4.173, d=0.0028)  aL3>=0.075881 (n=597807, a=9.455, d=0.008208)
('d-strip', 'inf') L1>=0.084146 (n=None, a=33.82, d=1)  L2>=0.084 (n=None, a=33.82, d=1)  L3>=0.0069296 (n=None, a=11.91, d=0.02691)  aL1>=1.0385 (n=None, a=3.001, d=0.0002539)  aL3>=0.082519 (n=None, a=11.91, d=0.02691)
('far d>=512', '101-10^4') L1>=0.068399 (n=164, a=1314, d=547.6)  L2>=0.068186 (n=120, a=125.5, d=512)  L3>=0.0046764 (n=164, a=1314, d=547.6)  aL1>=0.96083 (n=2476, a=3.001, d=700)  aL3>=0.066637 (n=205, a=4.677, d=512.1)
('far d>=512', '37-100') L1>=0.068058 (n=38, a=2229, d=515)  L2>=0.068048 (n=50, a=57.89, d=512.1)  L3>=0.0046282 (n=38, a=2229, d=515)  aL1>=0.95382 (n=40, a=3.001, d=672.4)  aL3>=0.06534 (n=40, a=3.001, d=672.4)
('far d>=512', '>10^4') L1>=0.070582 (n=556377, a=856.7, d=700)  L2>=0.07032 (n=556377, a=856.7, d=700)  L3>=0.0049633 (n=556377, a=856.7, d=700)  aL1>=0.96148 (n=75149, a=3, d=680.9)  aL3>=0.067995 (n=75149, a=3, d=680.9)
('far d>=512', 'inf') L1>=0.070226 (n=None, a=2208, d=512)  L2>=0.070184 (n=None, a=2208, d=512)  L3>=0.0049288 (n=None, a=2208, d=512)  aL1>=1.5897 (n=None, a=16, d=512.1)  aL3>=0.11279 (n=None, a=16, d=512.1)
('strip a<3', '101-10^4') L1>=0.32256 (n=6289, a=2.999, d=136.5)  L2>=0.068292 (n=135, a=1.071, d=512)  L3>=0.023228 (n=1161, a=2.907, d=548.4)  aL1>=0.96052 (n=1161, a=2.907, d=548.4)  aL3>=0.060827 (n=7591, a=0.25, d=1001)
('strip a<3', '37-100') L1>=0.31773 (n=41, a=2.999, d=495.4)  L2>=0.059291 (n=37, a=0.009197, d=46.4)  L3>=0.020051 (n=41, a=2.895, d=61.74)  aL1>=0.94279 (n=41, a=2.895, d=61.74)  aL3>=0.056955 (n=37, a=2.034, d=43.94)
('strip a<3', '>10^4') L1>=0.32079 (n=932877, a=2.999, d=504)  L2>=0.070335 (n=49904, a=0.6729, d=1423)  L3>=-1383.8 (n=12792, a=1.485, d=1050)  aL1>=0.96181 (n=17818, a=2.821, d=511.9)  aL3>=-2055.3 (n=12792, a=1.485, d=1050)
('strip a<3', 'inf') L1>=0.33314 (n=None, a=2.988, d=41.31)  L2>=0.07037 (n=None, a=0.005003, d=1344)  L3>=-1.1762e+46 (n=None, a=0.005003, d=1344)  aL1>=0.96513 (n=None, a=2.04, d=515)  aL3>=-5.885e+43 (n=None, a=0.005003, d=1344)
('tail a>=64', '101-10^4') L1>=0.067444 (n=154, a=500, d=58.35)  L2>=0.067403 (n=154, a=500, d=58.35)  L3>=0.0037354 (n=1615, a=272.9, d=8.36)  aL1>=4.748 (n=134, a=64, d=511.9)  aL3>=0.32397 (n=134, a=64, d=511.9)
('tail a>=64', '37-100') L1>=0.055792 (n=37, a=176.2, d=47.33)  L2>=0.055712 (n=37, a=176.2, d=47.33)  L3>=0.0029355 (n=37, a=176.2, d=47.33)  aL1>=3.8223 (n=41, a=64, d=42.77)  aL3>=0.21734 (n=41, a=64, d=42.77)
('tail a>=64', '>10^4') L1>=0.069886 (n=23048, a=2211, d=3.001)  L2>=0.069886 (n=23048, a=2211, d=3.001)  L3>=0.0037715 (n=73082, a=958.6, d=10.05)  aL1>=4.8371 (n=332889, a=64, d=3.001)  aL3>=0.32517 (n=122093, a=73.13, d=9.24)
('tail a>=64', 'inf') L1>=0.070625 (n=None, a=829, d=111)  L2>=0.070494 (n=None, a=501.7, d=511.9)  L3>=0.0036141 (n=None, a=517.6, d=8.36)  aL1>=4.9728 (n=None, a=64.01, d=511.9)  aL3>=0.35242 (n=None, a=64.01, d=511.9)
